Time,Day_of_week,Age_band_of_driver,Sex_of_driver,Educational_level,Vehicle_driver_relation,Driving_experience,Type_of_vehicle,Owner_of_vehicle,Service_year_of_vehicle,Defect_of_vehicle,Area_accident_occured,Lanes_or_Medians,Road_allignment,Types_of_Junction,Road_surface_type,Road_surface_conditions,Light_conditions,Weather_conditions,Type_of_collision,Number_of_vehicles_involved,Number_of_casualties,Vehicle_movement,Casualty_class,Sex_of_casualty,Age_band_of_casualty,Casualty_severity,Work_of_casuality,Fitness_of_casuality,Pedestrian_movement,Cause_of_accident,Accident_severity
17:14:00,Friday,18-30,Male,Junior high school,Employee,1-2yr,Public (> 45 seats),Owner,1-2yr,No defect, Industrial areas,Double carriageway (median),Tangent road with flat terrain,Other,Asphalt roads,Dry,Daylight,Normal,Vehicle with vehicle collision,3,3,Going straight,Driver or rider,Female,18-30,3,Driver,Normal,Not a Pedestrian,Driving carelessly,Slight Injury
17:14:00,Friday,Under 18,Male,unknown,unknown,unknown,unknown,Owner,unknown,No defect,Other,Two-way (divided with broken lines road marking),Tangent road with flat terrain,Other,Asphalt roads,Dry,Daylight,Normal,Collision with roadside objects,3,3,Going straight,na,na,na,na,Student,Normal,Not a Pedestrian,Changing lane to the left,Slight Injury
17:14:00,Friday,18-30,Male,Elementary school,Employee,5-10yr,Public (12 seats),Organization,Above 10yr,unknown, Hospital areas,Two-way (divided with broken lines road marking),Tangent road with flat terrain,Other,Asphalt roads,Dry,Daylight,Normal,Vehicle with vehicle collision,3,3,Going straight,Driver or rider,Male,18-30,3,Driver,Normal,Not a Pedestrian,No priority to vehicle,Slight Injury
11:10:00,Sunday,Over 51,Male,Junior high school,Employee,5-10yr,Public (12 seats),Owner,Unknown,unknown,Office areas,One way,Tangent road with flat terrain,Crossing,Earth roads,Dry,Daylight,Normal,Vehicle with vehicle collision,2,1,Going straight,na,na,na,na,Self-employed,Normal,Not a Pedestrian,No distancing,Slight Injury
11:10:00,Sunday,31-50,Male,Junior high school,Employee,Above 10yr,Automobile,Owner,2-5yrs,No defect, Church areas,Undivided Two way,Tangent road with flat terrain,Crossing,Asphalt roads,Dry,Daylight,Normal,Collision with roadside objects,2,1,Going straight,Driver or rider,Male,31-50,3,unknown,unknown,Not a Pedestrian,Changing lane to the right,Slight Injury
22:20:00,Sunday,Unknown,Female,Junior high school,Employee,2-5yr,unknown,Organization,5-10yrs,No defect, Hospital areas,Undivided Two way,Tangent road with mountainous terrain and,No junction,Asphalt roads,Dry,Darkness - lights lit,Normal,Collision with roadside objects,3,4,Going straight,na,na,na,na,unknown,unknown,Not a Pedestrian,Changing lane to the right,Slight Injury
22:20:00,Sunday,Over 51,Male,Junior high school,Owner,Above 10yr,Automobile,Owner,Above 10yr,No defect,Office areas,other,Tangent road with flat terrain,No junction,unknown,Dry,Darkness - lights lit,Normal,Vehicle with vehicle collision,3,4,Going straight,na,na,na,na,Driver,Normal,Not a Pedestrian,Driving at high speed,Slight Injury
22:20:00,Sunday,Over 51,Male,Junior high school,Employee,2-5yr,Lorry (41?100Q),Owner,2-5yrs,No defect,Other,Two-way (divided with broken lines road marking),Escarpments,No junction,Gravel roads,Dry,Darkness - lights lit,Normal,Vehicle with vehicle collision,3,4,Going straight,Driver or rider,Male,Over 51,3,Driver,Normal,Not a Pedestrian,No distancing,Slight Injury
22:20:00,Sunday,Under 18,Male,Elementary school,Other,5-10yr,Public (12 seats),Owner,1-2yr,unknown,Office areas,Undivided Two way,Tangent road with flat terrain,No junction,Asphalt roads,Dry,Darkness - lights lit,Normal,Vehicle with vehicle collision,3,4,Going straight,Driver or rider,Male,Under 18,3,Driver,Normal,Not a Pedestrian,Changing lane to the right,Slight Injury
22:20:00,Sunday,Under 18,Male,Elementary school,Employee,5-10yr,Lorry (11?40Q),Owner,2-5yrs,unknown,Office areas,Two-way (divided with broken lines road marking),Tangent road with mountainous terrain and,No junction,unknown,Dry,Darkness - lights lit,Normal,Vehicle with vehicle collision,3,4,Going straight,Passenger,Male,Under 18,2,Driver,Normal,Not a Pedestrian,Changing lane to the left,Slight Injury
3:07:00,Sunday,31-50,Male,Junior high school,unknown,5-10yr,Automobile,Owner,unknown,No defect,Other,Double carriageway (median),Steep grade downward with mountainous terrain,No junction,Asphalt roads,Dry,Darkness - lights lit,Normal,Collision with roadside objects,1,1,Going straight,Passenger,Male,Under 18,3,unknown,unknown,Not a Pedestrian,Getting off the vehicle improperly,Serious Injury
23:10:00,Monday,18-30,Male,Junior high school,Employee,5-10yr,Automobile,Owner,1-2yr,No defect,Office areas,Undivided Two way,Tangent road with mild grade and flat terrain,Y Shape,Earth roads,Dry,Darkness - lights lit,Normal,Vehicle with vehicle collision,2,2,Going straight,na,na,na,na,Driver,Normal,Not a Pedestrian,Other,Slight Injury
23:10:00,Monday,18-30,Male,Elementary school,Employee,Above 10yr,Automobile,Owner,unknown,No defect,Residential areas,Undivided Two way,Tangent road with flat terrain,Y Shape,Asphalt roads,Dry,Darkness - lights lit,Normal,Vehicle with vehicle collision,2,2,Going straight,na,na,na,na,Self-employed,Normal,Not a Pedestrian,Other,Slight Injury
12:34:00,Monday,31-50,Unknown,Junior high school,unknown,Below 1yr,Bajaj,Owner,Unknown,unknown,Other,Two-way (divided with broken lines road marking),Tangent road with flat terrain,No junction,Asphalt roads,Wet or damp,Daylight,Raining,Vehicle with vehicle collision,2,2,Turnover,Driver or rider,Male,Under 18,3,Self-employed,Normal,Not a Pedestrian,No distancing,Slight Injury
12:34:00,Monday,18-30,Male,Junior high school,Employee,5-10yr,Public (12 seats),Owner,2-5yrs,unknown,Office areas,Double carriageway (median),Tangent road with flat terrain,No junction,Asphalt roads,Wet or damp,Daylight,Raining,Vehicle with vehicle collision,2,2,Reversing,Driver or rider,Male,18-30,3,Self-employed,Normal,Not a Pedestrian,No priority to vehicle,Slight Injury
11:50:00,Wednesday,Over 51,Male,Elementary school,Employee,1-2yr,Lorry (11?40Q),Owner,5-10yrs,unknown,Office areas,Undivided Two way,Tangent road with mountainous terrain and,Crossing,Asphalt roads,Dry,Daylight,Normal,Vehicle with vehicle collision,2,2,Moving Backward,Driver or rider,Male,31-50,3,Driver,Normal,Not a Pedestrian,Overtaking,Slight Injury
11:50:00,Wednesday,31-50,Male,unknown,unknown,unknown,unknown,unknown,unknown,unknown,Office areas,other,Tangent road with flat terrain,Crossing,Asphalt roads,Dry,Daylight,Normal,Vehicle with vehicle collision,2,2,Going straight,Pedestrian,Male,18-30,2,Other,Normal,Crossing from driver's nearside,No priority to pedestrian,Slight Injury
11:50:00,Wednesday,31-50,Male,Junior high school,Employee,Above 10yr,unknown,Owner,5-10yrs,No defect,Other,Two-way (divided with broken lines road marking),Tangent road with mild grade and flat terrain,Crossing,Earth roads,Dry,Daylight,Normal,Collision with roadside objects,2,2,Moving Backward,na,na,na,na,unknown,unknown,Not a Pedestrian,No distancing,Slight Injury
13:30:00,Tuesday,31-50,Male,High school,Owner,2-5yr,Automobile,Owner,unknown,No defect, Church areas,Undivided Two way,Tangent road with flat terrain,Crossing,Asphalt roads,Dry,Daylight,Normal,Vehicle with vehicle collision,2,1,Going straight,Driver or rider,Male,Over 51,3,Self-employed,Normal,Not a Pedestrian,Changing lane to the right,Slight Injury
13:30:00,Tuesday,18-30,Male,Junior high school,Employee,1-2yr,Lorry (11?40Q),Owner,Unknown,No defect, Industrial areas,Undivided Two way,Tangent road with flat terrain,Crossing,Asphalt roads,Dry,Daylight,Normal,Collision with pedestrians,2,1,Going straight,Pedestrian,Female,Under 18,1,Other,Normal,Unknown or other,Driving carelessly,Slight Injury
17:10:00,Monday,18-30,Unknown,Junior high school,Employee,1-2yr,Lorry (41?100Q),Owner,1-2yr,No defect,Office areas,Double carriageway (median),Tangent road with flat terrain,Crossing,Asphalt roads,Dry,Daylight,Normal,Collision with roadside objects,2,1,Going straight,Pedestrian,Male,Under 18,3,unknown,unknown,Unknown or other,Changing lane to the right,Slight Injury
17:10:00,Monday,31-50,Male,Above high school,Owner,2-5yr,Pick up upto 10Q,Owner,Unknown,No defect, Church areas,Undivided Two way,Tangent road with flat terrain,Crossing,Asphalt roads,Dry,Daylight,Normal,Collision with roadside objects,2,1,Going straight,Driver or rider,Female,31-50,3,unknown,unknown,Not a Pedestrian,Overtaking,Slight Injury
8:45:00,Monday,31-50,Male,unknown,unknown,unknown,Lorry (11?40Q),Owner,unknown,unknown,Office areas,Undivided Two way,Tangent road with flat terrain,No junction,Asphalt roads,Dry,Daylight,Normal,Vehicle with vehicle collision,2,1,Going straight,Driver or rider,Male,Over 51,3,Driver,Normal,Not a Pedestrian,Other,Serious Injury
8:45:00,Monday,31-50,Male,Elementary school,Owner,2-5yr,Stationwagen,Owner,unknown,No defect,Office areas,other,Tangent road with flat terrain,No junction,Asphalt roads,Dry,Daylight,Normal,Rollover,2,1,Unknown,na,na,na,na,unknown,unknown,Not a Pedestrian,Driving to the left,Serious Injury
20:31:00,Saturday,31-50,Male,Junior high school,Employee,1-2yr,Other,Owner,unknown,unknown,Residential areas,Two-way (divided with broken lines road marking),Tangent road with flat terrain,Y Shape,Asphalt roads,Dry,Daylight,Normal,Vehicle with vehicle collision,3,2,Going straight,Driver or rider,Male,18-30,3,Driver,Normal,Not a Pedestrian,Driving at high speed,Slight Injury
20:31:00,Saturday,18-30,Male,unknown,Owner,5-10yr,Other,Owner,5-10yrs,unknown,Office areas,Two-way (divided with broken lines road marking),Tangent road with flat terrain,Y Shape,Asphalt roads,Dry,Daylight,Normal,Vehicle with vehicle collision,3,2,Unknown,Driver or rider,Male,18-30,2,Driver,Normal,Not a Pedestrian,Unknown,Slight Injury
20:31:00,Saturday,18-30,Male,Junior high school,Employee,Below 1yr,Lorry (11?40Q),Owner,5-10yrs,unknown,Residential areas,Undivided Two way,Tangent road with flat terrain,Y Shape,Asphalt roads,Dry,Daylight,Normal,Vehicle with vehicle collision,3,2,Going straight,Passenger,Female,18-30,2,Driver,Normal,Not a Pedestrian,Changing lane to the right,Slight Injury
7:58:00,Monday,31-50,Male,Junior high school,Employee,2-5yr,unknown,Owner,2-5yrs,unknown,Office areas,Double carriageway (median),Tangent road with flat terrain,Y Shape,Asphalt roads,Wet or damp,Daylight,Raining,Vehicle with vehicle collision,2,2,Moving Backward,Passenger,Female,Under 18,1,Driver,Normal,Not a Pedestrian,No distancing,Slight Injury
7:58:00,Monday,31-50,Male,Junior high school,Employee,5-10yr,Automobile,Owner,2-5yrs,No defect,Office areas,Double carriageway (median),Tangent road with flat terrain,Y Shape,Asphalt roads,Wet or damp,Daylight,Raining,Vehicle with vehicle collision,2,2,Going straight,Driver or rider,Male,18-30,3,Self-employed,Normal,Not a Pedestrian,Other,Slight Injury
17:30:00,Friday,31-50,Male,Junior high school,Employee,Above 10yr,Lorry (41?100Q),unknown,unknown,No defect,Other,Two-way (divided with broken lines road marking),Tangent road with flat terrain,No junction,Earth roads,Dry,Daylight,Normal,Vehicle with vehicle collision,2,1,Going straight,Pedestrian,Female,31-50,3,Self-employed,Normal,Unknown or other,No priority to vehicle,Serious Injury
17:30:00,Friday,18-30,Male,Elementary school,Employee,2-5yr,Other,Owner,Unknown,No defect,Other,Two-way (divided with broken lines road marking),Tangent road with flat terrain,No junction,Asphalt roads,Dry,Daylight,Normal,Vehicle with vehicle collision,2,1,Moving Backward,Pedestrian,Male,Over 51,3,Driver,Normal,Not a Pedestrian,Changing lane to the left,Serious Injury
7:50:00,Friday,18-30,Male,Elementary school,Owner,Above 10yr,Lorry (41?100Q),Owner,Above 10yr,No defect,Residential areas,Two-way (divided with broken lines road marking),Tangent road with flat terrain,No junction,Asphalt roads,Dry,Daylight,Normal,Vehicle with vehicle collision,2,2,Going straight,na,na,na,na,Driver,Normal,Not a Pedestrian,No priority to pedestrian,Slight Injury
7:50:00,Friday,31-50,Unknown,Junior high school,Employee,1-2yr,Automobile,Owner,Unknown,unknown, Church areas,Two-way (divided with broken lines road marking),Tangent road with flat terrain,No junction,Asphalt roads,Dry,Daylight,Normal,Collision with roadside objects,2,2,Turnover,Driver or rider,Male,31-50,3,unknown,unknown,Not a Pedestrian,Overtaking,Slight Injury
7:50:00,Friday,31-50,Male,Junior high school,Employee,5-10yr,Pick up upto 10Q,Governmental,Unknown,No defect, Church areas,Double carriageway (median),Tangent road with flat terrain,No junction,Asphalt roads,Dry,Daylight,Normal,Vehicle with vehicle collision,2,2,Going straight,Driver or rider,Female,Over 51,3,Driver,Normal,Not a Pedestrian,Driving carelessly,Slight Injury
23:05:00,Friday,Unknown,Female,Junior high school,Employee,2-5yr,Lorry (41?100Q),Owner,2-5yrs,No defect,Residential areas,Double carriageway (median),Tangent road with flat terrain,No junction,Other,Dry,Darkness - lights lit,Normal,Vehicle with vehicle collision,2,1,Going straight,na,na,na,na,Driver,Normal,Not a Pedestrian,No priority to vehicle,Slight Injury
23:05:00,Friday,31-50,Male,Junior high school,Employee,2-5yr,Public (13?45 seats),Owner,unknown,No defect,Office areas,Two-way (divided with broken lines road marking),Tangent road with mild grade and flat terrain,No junction,Gravel roads,Dry,Darkness - lights lit,Normal,Vehicle with vehicle collision,2,1,Unknown,na,na,na,na,Driver,Normal,Not a Pedestrian,No priority to pedestrian,Slight Injury
9:36:00,Thursday,31-50,Male,Junior high school,Employee,2-5yr,Long lorry,Owner,5-10yrs,No defect,Office areas,Two-way (divided with broken lines road marking),Tangent road with mild grade and flat terrain,No junction,Gravel roads,Dry,Daylight,Normal,Vehicle with vehicle collision,2,1,Going straight,Driver or rider,Male,Over 51,2,unknown,Normal,Not a Pedestrian,Changing lane to the right,Slight Injury
9:36:00,Thursday,Over 51,Male,Junior high school,Employee,2-5yr,Automobile,Owner,2-5yrs,unknown,Residential areas,Two-way (divided with broken lines road marking),Tangent road with flat terrain,No junction,Asphalt roads,Dry,Daylight,Normal,Collision with pedestrians,2,1,Going straight,Driver or rider,Female,18-30,3,unknown,unknown,Not a Pedestrian,Moving Backward,Slight Injury
17:25:00,Saturday,31-50,Male,Junior high school,Employee,Above 10yr,Automobile,Owner,5-10yrs,unknown, Church areas,other,Tangent road with flat terrain,Y Shape,Asphalt roads,Dry,Daylight,Normal,Vehicle with vehicle collision,1,1,Going straight,Driver or rider,Male,Under 18,3,Driver,Normal,Not a Pedestrian,Overtaking,Slight Injury
17:00:00,Tuesday,18-30,Male,Junior high school,Employee,Above 10yr,Other,Owner,unknown,unknown,Other,Two-way (divided with broken lines road marking),Tangent road with flat terrain,Y Shape,Earth roads,Dry,Daylight,Normal,Vehicle with vehicle collision,2,1,Going straight,Driver or rider,Female,31-50,3,Driver,Normal,Not a Pedestrian,Changing lane to the left,Slight Injury
17:00:00,Tuesday,31-50,Male,Elementary school,Employee,5-10yr,unknown,Owner,unknown,unknown,Office areas,Two-way (divided with broken lines road marking),Tangent road with flat terrain,Y Shape,Asphalt roads,Dry,Daylight,Normal,Vehicle with vehicle collision,2,1,Reversing,na,na,na,na,Self-employed,Normal,Not a Pedestrian,Changing lane to the right,Slight Injury
13:54:00,Thursday,18-30,Male,unknown,Employee,unknown,Long lorry,Owner,unknown,unknown,Other,Two-way (divided with broken lines road marking),Tangent road with flat terrain,No junction,Asphalt roads,Dry,Daylight,Normal,Vehicle with vehicle collision,2,1,Going straight,na,na,na,na,Driver,Normal,Not a Pedestrian,Overtaking,Slight Injury
13:54:00,Thursday,Over 51,Male,unknown,Employee,2-5yr,Public (12 seats),Owner,unknown,unknown,Other,Two-way (divided with broken lines road marking),Tangent road with flat terrain,No junction,Asphalt roads,Dry,Daylight,Normal,Vehicle with vehicle collision,2,1,Moving Backward,Driver or rider,Male,31-50,3,Driver,Normal,Not a Pedestrian,Overloading,Slight Injury
10:02:00,Tuesday,31-50,Male,Elementary school,Employee,5-10yr,Public (12 seats),Owner,unknown,unknown,unknown,unknown,Tangent road with flat terrain,Y Shape,Asphalt roads,Dry,Daylight,Normal,Vehicle with vehicle collision,1,1,Going straight,na,na,na,na,Driver,Normal,Not a Pedestrian,Other,Serious Injury
14:40:00,Wednesday,18-30,Unknown,Junior high school,Employee,5-10yr,Other,Governmental,2-5yrs,unknown,Residential areas,Two-way (divided with broken lines road marking),unknown,Y Shape,Earth roads,Dry,Daylight,Normal,Collision with roadside objects,2,1,Going straight,Driver or rider,Male,31-50,3,unknown,unknown,Not a Pedestrian,No priority to vehicle,Slight Injury
14:40:00,Wednesday,Over 51,Male,Junior high school,Employee,Above 10yr,Other,Owner,Below 1yr,unknown, Church areas,Undivided Two way,Tangent road with flat terrain,Y Shape,Asphalt roads,Dry,Daylight,Normal,Vehicle with vehicle collision,2,1,Going straight,Driver or rider,Female,31-50,3,Driver,Normal,Not a Pedestrian,Changing lane to the right,Slight Injury
16:35:00,Tuesday,18-30,Unknown,Junior high school,Employee,5-10yr,Other,unknown,unknown,unknown,Other,Undivided Two way,Tangent road with flat terrain,No junction,Asphalt roads,Dry,Daylight,Normal,Vehicle with vehicle collision,2,1,Going straight,Driver or rider,Female,18-30,3,Driver,Normal,Not a Pedestrian,Moving Backward,Slight Injury
16:35:00,Tuesday,31-50,Male,Junior high school,Employee,Above 10yr,Public (12 seats),Owner,Unknown,unknown,Other,One way,Tangent road with flat terrain,No junction,Asphalt roads,Dry,Daylight,Normal,Vehicle with vehicle collision,2,1,Going straight,na,na,na,na,Self-employed,Normal,Not a Pedestrian,Changing lane to the left,Slight Injury
12:34:00,Thursday,18-30,Male,Elementary school,Employee,Below 1yr,Lorry (41?100Q),Owner,Unknown,No defect,Residential areas,Two-way (divided with broken lines road marking),Tangent road with flat terrain,Y Shape,Asphalt roads,Dry,Daylight,Normal,Vehicle with vehicle collision,2,1,Turnover,Driver or rider,Male,Over 51,3,unknown,Normal,Not a Pedestrian,No priority to pedestrian,Slight Injury
12:34:00,Thursday,31-50,Male,Elementary school,Employee,5-10yr,Other,Owner,Unknown,unknown,Office areas,One way,Tangent road with flat terrain,Y Shape,Asphalt roads,Dry,Daylight,Normal,Vehicle with vehicle collision,2,1,Going straight,na,na,na,na,unknown,unknown,Not a Pedestrian,No distancing,Slight Injury
16:25:00,Tuesday,31-50,Male,Elementary school,Employee,1-2yr,Public (12 seats),Owner,Unknown,No defect, Industrial areas,Two-way (divided with broken lines road marking),Tangent road with flat terrain,Y Shape,Asphalt roads,Dry,Daylight,Normal,Vehicle with vehicle collision,2,1,Going straight,Driver or rider,Male,18-30,3,Driver,Normal,Not a Pedestrian,No priority to vehicle,Slight Injury
16:25:00,Tuesday,Over 51,Male,Elementary school,Employee,5-10yr,Other,Governmental,unknown,No defect,Residential areas,Double carriageway (median),Tangent road with flat terrain,Y Shape,Asphalt roads,Dry,Daylight,Normal,Vehicle with vehicle collision,2,1,Moving Backward,na,na,na,na,Driver,Normal,Not a Pedestrian,No distancing,Slight Injury
17:46:00,Wednesday,18-30,Male,Elementary school,Employee,5-10yr,Lorry (11?40Q),Owner,unknown,No defect,Office areas,Unknown,Tangent road with flat terrain,No junction,Asphalt roads,Dry,Daylight,Normal,Vehicle with vehicle collision,1,1,Going straight,Pedestrian,Male,31-50,3,Driver,Normal,Unknown or other,No distancing,Serious Injury
15:55:00,Wednesday,Over 51,Male,Elementary school,Employee,2-5yr,Other,Owner,2-5yrs,unknown,Other,unknown,Tangent road with flat terrain,No junction,Asphalt roads,Dry,Daylight,Normal,Rollover,1,1,Going straight,Pedestrian,Male,18-30,2,unknown,unknown,Not a Pedestrian,Moving Backward,Slight Injury
9:00:00,Friday,Over 51,Male,Elementary school,Employee,5-10yr,Other,Owner,Unknown,unknown, Church areas,other,Tangent road with flat terrain,No junction,Asphalt roads,Dry,Daylight,Normal,Vehicle with vehicle collision,1,1,Going straight,Passenger,Female,18-30,3,Driver,Normal,Not a Pedestrian,Changing lane to the right,Slight Injury
8:15:00,Tuesday,31-50,Male,unknown,unknown,5-10yr,Other,Owner,Above 10yr,unknown, Industrial areas,unknown,Tangent road with flat terrain,No junction,Earth roads,Dry,Daylight,Normal,Vehicle with vehicle collision,2,3,Other,na,na,na,na,Self-employed,Normal,Not a Pedestrian,No priority to pedestrian,Slight Injury
8:15:00,Tuesday,31-50,Male,Junior high school,Employee,Above 10yr,Pick up upto 10Q,Owner,Unknown,No defect,  Recreational areas,One way,Tangent road with flat terrain,No junction,Asphalt roads,Dry,Daylight,Normal,Vehicle with vehicle collision,2,3,Going straight,Driver or rider,Male,18-30,3,Self-employed,Normal,Not a Pedestrian,Moving Backward,Slight Injury
8:15:00,Tuesday,31-50,Male,Junior high school,Employee,Above 10yr,Automobile,Owner,Unknown,No defect,  Market areas,Undivided Two way,Tangent road with flat terrain,No junction,Asphalt roads,Dry,Daylight,Normal,Collision with roadside objects,2,3,Going straight,Pedestrian,Male,18-30,3,unknown,unknown,"In carriageway, statioNot a Pedestrianry - not crossing  (standing or playing) - masked by parked or statioNot a Pedestrianry vehicle",Getting off the vehicle improperly,Slight Injury
7:25:00,Thursday,18-30,Male,Elementary school,Employee,Below 1yr,Other,Owner,Unknown,No defect,Other,Two-way (divided with broken lines road marking),Tangent road with flat terrain,No junction,Asphalt roads,Dry,Daylight,Normal,Vehicle with vehicle collision,2,4,Turnover,Driver or rider,Male,Under 18,3,unknown,Normal,Not a Pedestrian,Overtaking,Slight Injury
7:25:00,Thursday,18-30,Male,Elementary school,Employee,5-10yr,Lorry (41?100Q),Owner,Unknown,unknown,Other,Two-way (divided with broken lines road marking),Tangent road with flat terrain,No junction,Asphalt roads,Dry,Daylight,Normal,Vehicle with vehicle collision,2,4,Moving Backward,na,na,na,na,Driver,Normal,Not a Pedestrian,Overloading,Slight Injury
7:25:00,Thursday,18-30,Male,Elementary school,Owner,5-10yr,Public (13?45 seats),Owner,Unknown,No defect, Industrial areas,Two-way (divided with broken lines road marking),unknown,No junction,Earth roads,Dry,Daylight,Normal,Vehicle with vehicle collision,2,4,Going straight,Pedestrian,Male,18-30,3,Driver,Normal,Not a Pedestrian,Changing lane to the right,Slight Injury
7:25:00,Thursday,31-50,Male,Elementary school,Employee,2-5yr,Automobile,Governmental,2-5yrs,unknown,Other,Two-way (divided with broken lines road marking),Tangent road with flat terrain,No junction,Asphalt roads,Dry,Daylight,Normal,Collision with roadside objects,2,4,Going straight,Driver or rider,Male,Over 51,3,unknown,unknown,Not a Pedestrian,Improper parking,Slight Injury
19:30:00,Monday,18-30,Unknown,Elementary school,Employee,Above 10yr,Pick up upto 10Q,Governmental,unknown,unknown,Office areas,other,Tangent road with flat terrain,Crossing,Asphalt roads,Wet or damp,Daylight,Raining,Vehicle with vehicle collision,1,1,Going straight,Driver or rider,Female,18-30,3,Driver,Normal,Not a Pedestrian,Other,Slight Injury
19:15:00,Wednesday,18-30,Male,Elementary school,Employee,2-5yr,Lorry (41?100Q),Owner,Unknown,unknown,unknown,other,Tangent road with flat terrain,No junction,Asphalt roads,Dry,Daylight,Normal,Vehicle with vehicle collision,1,1,Reversing,Passenger,Female,Over 51,3,Self-employed,Normal,Not a Pedestrian,Changing lane to the left,Serious Injury
17:00:00,Friday,31-50,Male,Junior high school,Employee,Above 10yr,Public (12 seats),Owner,unknown,unknown,Office areas,Two-way (divided with broken lines road marking),Tangent road with flat terrain,Crossing,Asphalt roads,Dry,Daylight,Normal,Vehicle with vehicle collision,2,6,Going straight,Passenger,Female,Under 18,3,Self-employed,Normal,Not a Pedestrian,Changing lane to the right,Slight Injury
17:00:00,Friday,31-50,Male,Junior high school,Employee,Below 1yr,Other,Owner,unknown,unknown,Office areas,Undivided Two way,Tangent road with flat terrain,Crossing,Asphalt roads,Dry,Daylight,Normal,Vehicle with vehicle collision,2,6,Going straight,Driver or rider,Male,31-50,2,Self-employed,Normal,Not a Pedestrian,No priority to pedestrian,Slight Injury
17:00:00,Friday,31-50,Male,Junior high school,Employee,2-5yr,Lorry (41?100Q),Organization,Unknown,unknown,Other,other,Tangent road with flat terrain,Crossing,Asphalt roads,Dry,Daylight,Normal,Collision with roadside objects,2,6,Going straight,Pedestrian,Female,18-30,2,unknown,unknown,"In carriageway, statioNot a Pedestrianry - not crossing  (standing or playing)",Overspeed,Slight Injury
17:00:00,Friday,31-50,Male,Elementary school,Employee,5-10yr,Pick up upto 10Q,Governmental,2-5yrs,unknown,Other,other,Tangent road with flat terrain,Crossing,Asphalt roads,Dry,Daylight,Normal,Vehicle with vehicle collision,2,6,Parked,Pedestrian,Female,Over 51,2,Self-employed,Normal,Unknown or other,Changing lane to the left,Slight Injury
17:00:00,Friday,31-50,Male,Elementary school,Employee,5-10yr,Other,Owner,Unknown,No defect,Other,Undivided Two way,Tangent road with flat terrain,Crossing,Asphalt roads,Dry,Daylight,Normal,Vehicle with vehicle collision,2,6,Going straight,na,na,na,na,Self-employed,Normal,Not a Pedestrian,No priority to vehicle,Slight Injury
17:00:00,Friday,18-30,Male,Elementary school,Employee,1-2yr,Lorry (41?100Q),Owner,Above 10yr,unknown,Other,other,Tangent road with flat terrain,Crossing,Other,Dry,Daylight,Normal,Vehicle with vehicle collision,2,6,Going straight,Driver or rider,Male,Under 18,3,Driver,Deaf,Not a Pedestrian,Changing lane to the right,Slight Injury
13:50:00,Saturday,31-50,Male,Elementary school,Employee,unknown,Ridden horse,unknown,unknown,unknown,Residential areas,Undivided Two way,Tangent road with flat terrain,Y Shape,Asphalt roads,Dry,Daylight,Normal,Vehicle with vehicle collision,2,1,Unknown,na,na,na,na,Driver,Normal,Not a Pedestrian,No distancing,Slight Injury
13:50:00,Saturday,18-30,Male,Junior high school,Employee,1-2yr,Automobile,Owner,2-5yrs,No defect, Church areas,Undivided Two way,Tangent road with flat terrain,Y Shape,Asphalt roads,Dry,Daylight,Normal,Vehicle with vehicle collision,2,1,Going straight,Driver or rider,Female,18-30,3,Self-employed,Normal,Not a Pedestrian,No priority to pedestrian,Slight Injury
17:25:00,Friday,18-30,Male,unknown,Employee,5-10yr,Automobile,Owner,2-5yrs,unknown,Office areas,Double carriageway (median),Tangent road with flat terrain,Crossing,Asphalt roads,Dry,Daylight,Normal,Collision with pedestrians,2,1,Going straight,Passenger,Female,31-50,3,Self-employed,Normal,Not a Pedestrian,No distancing,Serious Injury
17:25:00,Friday,31-50,Male,Elementary school,Owner,1-2yr,Stationwagen,Owner,2-5yrs,unknown, Church areas,other,Tangent road with flat terrain,Crossing,Asphalt roads,Dry,Daylight,Normal,Vehicle with vehicle collision,2,1,Stopping,Driver or rider,Male,18-30,3,Driver,Normal,Not a Pedestrian,No priority to vehicle,Serious Injury
9:55:00,Wednesday,18-30,Male,Junior high school,Employee,5-10yr,Other,Owner,2-5yrs,unknown,Other,Two-way (divided with broken lines road marking),Tangent road with flat terrain,No junction,Asphalt roads,Dry,Daylight,Normal,Vehicle with vehicle collision,2,1,Going straight,Driver or rider,Male,18-30,3,Driver,Normal,Not a Pedestrian,Other,Slight Injury
9:55:00,Wednesday,31-50,Male,Junior high school,Employee,2-5yr,Lorry (41?100Q),Owner,unknown,unknown,unknown,other,Tangent road with flat terrain,No junction,Asphalt roads,Dry,Daylight,Normal,Collision with roadside objects,2,1,Overtaking,Pedestrian,Male,Under 18,2,unknown,unknown,Unknown or other,Driving carelessly,Slight Injury
16:01:00,Friday,18-30,Male,Junior high school,Employee,2-5yr,Lorry (41?100Q),Owner,1-2yr,unknown,School areas,other,Steep grade downward with mountainous terrain,Crossing,Asphalt roads,Wet or damp,Daylight,Raining,Vehicle with vehicle collision,2,1,Going straight,Driver or rider,Male,18-30,3,Driver,Normal,Not a Pedestrian,Changing lane to the left,Slight Injury
16:01:00,Friday,Under 18,Male,Junior high school,Employee,5-10yr,Long lorry,Owner,5-10yrs,unknown,Office areas,Two-way (divided with broken lines road marking),Tangent road with mild grade and flat terrain,Crossing,Earth roads,Wet or damp,Daylight,Raining,Vehicle with vehicle collision,2,1,Reversing,na,na,na,na,Driver,Normal,Not a Pedestrian,Driving carelessly,Slight Injury