Time,Day_of_week,Age_band_of_driver,Sex_of_driver,Educational_level,Vehicle_driver_relation,Driving_experience,Type_of_vehicle,Owner_of_vehicle,Service_year_of_vehicle,Defect_of_vehicle,Area_accident_occured,Lanes_or_Medians,Road_allignment,Types_of_Junction,Road_surface_type,Road_surface_conditions,Light_conditions,Weather_conditions,Type_of_collision,Number_of_vehicles_involved,Number_of_casualties,Vehicle_movement,Casualty_class,Sex_of_casualty,Age_band_of_casualty,Casualty_severity,Work_of_casuality,Fitness_of_casuality,Pedestrian_movement,Cause_of_accident,Accident_severity
21:50:00,Tuesday,18-30,Male,Above high school,Other,2-5yr,Other,Owner,unknown,No defect, Outside rural areas,Two-way (divided with broken lines road marking),Tangent road with flat terrain,No junction,Asphalt roads,Dry,Darkness - lights lit,Normal,Vehicle with vehicle collision,2,1,Going straight,Driver or rider,Female,18-30,3,Driver,Normal,Not a Pedestrian,Other,Slight Injury
14:50:00,Tuesday,18-30,Male,High school,Employee,Above 10yr,Pick up upto 10Q,Owner,1-2yr,No defect, Outside rural areas,Two-way (divided with broken lines road marking),Tangent road with flat terrain,Y Shape,Asphalt roads,Dry,Daylight,Normal,Vehicle with vehicle collision,2,1,Moving Backward,Driver or rider,Female,18-30,3,Driver,Normal,Not a Pedestrian,Changing lane to the right,Slight Injury
14:50:00,Tuesday,31-50,Male,Elementary school,Employee,5-10yr,Lorry (11?40Q),Owner,1-2yr,No defect, Outside rural areas,Undivided Two way,Tangent road with flat terrain,Y Shape,Asphalt roads,Dry,Daylight,Normal,Vehicle with vehicle collision,2,1,Going straight,Passenger,Female,Under 18,3,Self-employed,Normal,Not a Pedestrian,No distancing,Slight Injury
14:00:00,Thursday,Over 51,Male,High school,Employee,1-2yr,Motorcycle,Governmental,Below 1yr,No defect, Outside rural areas,Undivided Two way,Tangent road with flat terrain,Y Shape,Asphalt roads,Dry,Daylight,Normal,Vehicle with vehicle collision,1,1,Going straight,Pedestrian,Male,Under 18,3,Self-employed,Normal,Crossing from offside - masked by  parked or statioNot a Pedestrianry vehicle,Driving carelessly,Slight Injury
15:05:00,Monday,31-50,Male,High school,Employee,5-10yr,Pick up upto 10Q,Owner,unknown,No defect, Outside rural areas,other,Steep grade downward with mountainous terrain,Other,Asphalt roads,Dry,Daylight,Normal,Vehicle with vehicle collision,2,1,Moving Backward,na,na,na,na,Driver,Normal,Not a Pedestrian,No distancing,Slight Injury
15:05:00,Monday,Under 18,Male,High school,Employee,2-5yr,Lorry (11?40Q),Owner,unknown,No defect,School areas,other,Steep grade downward with mountainous terrain,Other,Asphalt roads,Dry,Daylight,Normal,Vehicle with vehicle collision,2,1,Going straight,Driver or rider,Male,18-30,3,Driver,Normal,Not a Pedestrian,No priority to vehicle,Slight Injury
8:20:00,Thursday,31-50,Male,Junior high school,Employee,1-2yr,Lorry (11?40Q),Owner,Above 10yr,No defect, Outside rural areas,Two-way (divided with broken lines road marking),Tangent road with flat terrain,Y Shape,Asphalt roads,Dry,Daylight,Normal,Vehicle with vehicle collision,2,1,Going straight,na,na,na,na,Self-employed,Normal,Not a Pedestrian,Changing lane to the right,Slight Injury
8:20:00,Thursday,18-30,Male,Above high school,Employee,Above 10yr,Automobile,Owner,unknown,No defect, Outside rural areas,Undivided Two way,Tangent road with flat terrain,Y Shape,Asphalt roads,Dry,Daylight,Normal,Vehicle with vehicle collision,2,1,Waiting to go,Driver or rider,Male,31-50,3,Self-employed,Normal,Not a Pedestrian,No priority to pedestrian,Slight Injury
19:32:00,Tuesday,18-30,Male,Above high school,Employee,2-5yr,Automobile,Owner,unknown,No defect, Outside rural areas,Two-way (divided with broken lines road marking),Escarpments,No junction,Gravel roads,Wet or damp,Darkness - lights lit,Raining,Vehicle with vehicle collision,2,3,Moving Backward,na,na,na,na,Driver,Normal,Not a Pedestrian,No priority to vehicle,Slight Injury
19:32:00,Tuesday,18-30,Male,Elementary school,Employee,5-10yr,Other,Owner,2-5yrs,No defect, Outside rural areas,Two-way (divided with broken lines road marking),Tangent road with mountainous terrain and,No junction,Asphalt roads,Wet or damp,Darkness - lights lit,Raining,Vehicle with vehicle collision,2,3,Moving Backward,Driver or rider,Male,31-50,3,Driver,Normal,Not a Pedestrian,Changing lane to the left,Slight Injury
19:32:00,Tuesday,18-30,Male,Elementary school,Employee,1-2yr,Other,Owner,2-5yrs,No defect,Office areas,Undivided Two way,Tangent road with mountainous terrain and,No junction,Asphalt roads,Wet or damp,Darkness - lights lit,Raining,Vehicle with vehicle collision,2,3,Going straight,Driver or rider,Female,Over 51,3,Driver,Normal,Not a Pedestrian,Turnover,Slight Injury
12:37:00,Friday,Over 51,Male,Junior high school,Employee,unknown,Automobile,Owner,2-5yrs,No defect, Outside rural areas,Undivided Two way,Tangent road with mountainous terrain and,Crossing,Asphalt roads,Dry,Daylight,Normal,Vehicle with vehicle collision,2,1,Unknown,Passenger,Male,Over 51,3,Driver,Normal,Not a Pedestrian,Driving to the left,Serious Injury
12:37:00,Friday,18-30,Male,unknown,unknown,unknown,Taxi,Owner,unknown,No defect, Outside rural areas,Undivided Two way,Tangent road with mountainous terrain and,Crossing,Asphalt roads,Dry,Daylight,Normal,Vehicle with vehicle collision,2,1,Going straight,na,na,na,na,unknown,unknown,Not a Pedestrian,Driving carelessly,Serious Injury
17:30:00,Tuesday,31-50,Male,Elementary school,Employee,5-10yr,Other,Owner,2-5yrs,No defect, Outside rural areas,Undivided Two way,Tangent road with flat terrain,Y Shape,Asphalt roads,Dry,Daylight,Normal,Vehicle with vehicle collision,2,2,Going straight,Driver or rider,Male,31-50,3,unknown,Normal,Not a Pedestrian,Driving to the left,Slight Injury
17:30:00,Tuesday,Over 51,Male,Junior high school,Employee,2-5yr,Taxi,Owner,unknown,No defect,Office areas,Undivided Two way,Tangent road with flat terrain,Y Shape,Asphalt roads,Dry,Daylight,Normal,Vehicle with vehicle collision,2,2,Going straight,Passenger,Female,Over 51,3,Driver,Normal,Not a Pedestrian,Driving carelessly,Slight Injury
11:49:00,Saturday,Over 51,Male,Junior high school,Employee,5-10yr,Lorry (11?40Q),Owner,unknown,No defect,  Recreational areas,Undivided Two way,Tangent road with flat terrain,Crossing,Asphalt roads,Dry,Daylight,Normal,Vehicle with vehicle collision,2,1,Moving Backward,Passenger,Female,Over 51,3,unknown,unknown,Not a Pedestrian,No priority to pedestrian,Slight Injury
11:49:00,Saturday,18-30,Male,High school,Employee,2-5yr,Automobile,Owner,Above 10yr,No defect,Office areas,Undivided Two way,Tangent road with flat terrain,Crossing,Asphalt roads,Dry,Daylight,Normal,Vehicle with vehicle collision,2,1,Going straight,na,na,na,na,unknown,unknown,Not a Pedestrian,Driving carelessly,Slight Injury
14:10:00,Thursday,Over 51,Male,Junior high school,Employee,1-2yr,Other,Owner,2-5yrs,No defect,Other,Two-way (divided with broken lines road marking),Tangent road with mild grade and flat terrain,No junction,Asphalt roads,Dry,Daylight,Normal,Vehicle with vehicle collision,2,1,Going straight,na,na,na,na,unknown,unknown,Not a Pedestrian,Changing lane to the right,Slight Injury
14:10:00,Thursday,Over 51,Male,Junior high school,Employee,1-2yr,Automobile,Owner,Above 10yr,No defect,Residential areas,Two-way (divided with broken lines road marking),Tangent road with flat terrain,No junction,Asphalt roads,Dry,Daylight,Normal,Vehicle with vehicle collision,2,1,Going straight,Driver or rider,Male,18-30,3,Driver,Normal,Not a Pedestrian,Moving Backward,Slight Injury
16:11:00,Wednesday,31-50,Male,Junior high school,Employee,5-10yr,Automobile,Owner,Above 10yr,No defect,Residential areas,other,Tangent road with flat terrain,Crossing,Asphalt roads,Dry,Daylight,Normal,Collision with roadside objects,2,1,Going straight,na,na,na,na,unknown,unknown,Not a Pedestrian,Driving carelessly,Slight Injury
16:11:00,Wednesday,18-30,Male,Illiterate,Employee,unknown,Automobile,Owner,unknown,No defect,Residential areas,Undivided Two way,Tangent road with flat terrain,Crossing,Asphalt roads,Dry,Daylight,Normal,Collision with roadside objects,2,1,Going straight,Driver or rider,Female,Under 18,3,unknown,unknown,Not a Pedestrian,Changing lane to the right,Slight Injury
15:40:00,Friday,31-50,Male,Junior high school,Employee,5-10yr,Automobile,Owner,Above 10yr,No defect,Other,Undivided Two way,Tangent road with flat terrain,Other,Asphalt roads,Dry,Daylight,Normal,Vehicle with vehicle collision,2,2,Reversing,na,na,na,na,Driver,Normal,Not a Pedestrian,Driving carelessly,Slight Injury
15:40:00,Friday,31-50,Male,Junior high school,Employee,1-2yr,Lorry (41?100Q),Owner,unknown,No defect,Office areas,Two-way (divided with broken lines road marking),Tangent road with flat terrain,Other,Asphalt roads,Dry,Daylight,Normal,Vehicle with vehicle collision,2,2,Going straight,Driver or rider,Male,31-50,3,Driver,Normal,Not a Pedestrian,Driving carelessly,Slight Injury
15:40:00,Friday,18-30,Male,Junior high school,Employee,2-5yr,Other,Owner,unknown,unknown,Other,Two-way (divided with broken lines road marking),Tangent road with flat terrain,Other,Asphalt roads,Dry,Daylight,Normal,Vehicle with vehicle collision,2,2,Going straight,Passenger,Female,31-50,3,Driver,Normal,Not a Pedestrian,Driving carelessly,Slight Injury
17:10:00,Wednesday,18-30,Male,Junior high school,Employee,Above 10yr,Pick up upto 10Q,Owner,Above 10yr,unknown,Other,other,Tangent road with flat terrain,No junction,Asphalt roads,Dry,Daylight,Normal,Vehicle with vehicle collision,2,1,Going straight,Pedestrian,Male,Over 51,2,Driver,Normal,Unknown or other,Changing lane to the right,Slight Injury
17:10:00,Wednesday,Under 18,Male,Junior high school,Owner,5-10yr,Pick up upto 10Q,Owner,5-10yrs,unknown,Office areas,Two-way (divided with broken lines road marking),Tangent road with flat terrain,No junction,Asphalt roads,Dry,Daylight,Normal,Collision with roadside objects,2,1,Going straight,na,na,na,na,unknown,unknown,Not a Pedestrian,Changing lane to the right,Slight Injury
12:45:00,Saturday,18-30,Male,High school,Employee,1-2yr,Automobile,Owner,Below 1yr,unknown, Church areas,other,Tangent road with flat terrain,No junction,Asphalt roads,Dry,Daylight,Normal,Vehicle with vehicle collision,2,2,Going straight,Driver or rider,Male,Over 51,3,Driver,Normal,Not a Pedestrian,Driving carelessly,Slight Injury
12:45:00,Saturday,31-50,Male,Junior high school,Employee,Above 10yr,Long lorry,Owner,Unknown,No defect,Other,Two-way (divided with broken lines road marking),Tangent road with flat terrain,No junction,Asphalt roads,Dry,Daylight,Normal,Collision with roadside objects,2,2,Going straight,Passenger,Female,Over 51,3,unknown,unknown,Not a Pedestrian,Overtaking,Slight Injury
12:45:00,Saturday,31-50,Male,Junior high school,Employee,1-2yr,Automobile,Owner,unknown,unknown,Other,One way,Tangent road with flat terrain,No junction,Asphalt roads,Dry,Daylight,Normal,Collision with roadside objects,2,2,Going straight,na,na,na,na,unknown,unknown,Not a Pedestrian,Changing lane to the right,Slight Injury
16:10:00,Tuesday,18-30,Male,Junior high school,Employee,2-5yr,Public (13?45 seats),Owner,unknown,unknown,Office areas,Double carriageway (median),Tangent road with flat terrain,Crossing,Asphalt roads,Wet or damp,Daylight,Normal,Collision with pedestrians,1,1,Going straight,Pedestrian,Male,Under 18,3,unknown,unknown,Unknown or other,No distancing,Slight Injury
8:40:00,Thursday,Unknown,Male,Junior high school,Employee,Above 10yr,Lorry (41?100Q),Owner,unknown,unknown,Office areas,One way,Tangent road with mild grade and flat terrain,No junction,Other,Dry,Daylight,Normal,Vehicle with vehicle collision,2,1,Waiting to go,Pedestrian,Female,Under 18,3,unknown,unknown,Not a Pedestrian,Other,Slight Injury
8:40:00,Thursday,18-30,Male,Junior high school,Employee,2-5yr,Public (13?45 seats),Owner,unknown,unknown,Office areas,Undivided Two way,Tangent road with flat terrain,No junction,unknown,Dry,Daylight,Normal,Collision with roadside objects,2,1,Going straight,Pedestrian,Male,18-30,2,unknown,unknown,Crossing from nearside - masked by parked or statioNot a Pedestrianry vehicle,Changing lane to the right,Slight Injury
17:03:00,Friday,31-50,Male,Elementary school,Employee,5-10yr,Other,Owner,unknown,No defect,Office areas,Double carriageway (median),Tangent road with flat terrain,No junction,Asphalt roads,Dry,Darkness - no lighting,Normal,Vehicle with vehicle collision,1,1,Going straight,Driver or rider,Male,18-30,3,Driver,Normal,Not a Pedestrian,Changing lane to the right,Fatal injury
17:35:00,Monday,18-30,Male,unknown,unknown,unknown,Lorry (41?100Q),Owner,Unknown,unknown,unknown,Two-way (divided with broken lines road marking),Tangent road with flat terrain,Y Shape,Asphalt roads,Dry,Daylight,Normal,Vehicle with vehicle collision,2,1,Going straight,Driver or rider,Male,Under 18,3,Driver,Normal,Not a Pedestrian,Overtaking,Serious Injury
17:35:00,Monday,31-50,Male,Elementary school,Employee,1-2yr,Lorry (41?100Q),Owner,Below 1yr,unknown,Office areas,Undivided Two way,Tangent road with flat terrain,Y Shape,Asphalt roads,Dry,Daylight,Normal,Vehicle with vehicle collision,2,1,Going straight,Passenger,Male,18-30,3,Driver,Normal,Not a Pedestrian,Other,Serious Injury
14:54:00,Saturday,18-30,Male,Elementary school,Employee,5-10yr,Long lorry,Owner,Unknown,unknown,Other,unknown,Tangent road with flat terrain,Y Shape,Asphalt roads,Dry,Daylight,Normal,Vehicle with vehicle collision,1,1,Going straight,Passenger,Male,18-30,3,Driver,Normal,Not a Pedestrian,Driving to the left,Serious Injury
9:10:00,Thursday,18-30,Male,Elementary school,Employee,5-10yr,Pick up upto 10Q,Owner,unknown,unknown,Other,Double carriageway (median),Tangent road with flat terrain,Y Shape,Asphalt roads,Dry,Daylight,Normal,Vehicle with vehicle collision,2,1,Going straight,Passenger,Male,Under 18,3,Driver,Normal,Not a Pedestrian,Overtaking,Slight Injury
9:10:00,Thursday,31-50,Male,Junior high school,Employee,1-2yr,Pick up upto 10Q,Governmental,Unknown,unknown,Other,Two-way (divided with broken lines road marking),Tangent road with flat terrain,Y Shape,Asphalt roads,Dry,Daylight,Normal,Vehicle with vehicle collision,2,1,Going straight,na,na,na,na,Driver,Normal,Not a Pedestrian,No priority to vehicle,Slight Injury
7:30:00,Tuesday,Over 51,Male,Junior high school,Employee,5-10yr,Lorry (41?100Q),Owner,unknown,unknown,Office areas,unknown,Tangent road with flat terrain,Crossing,Asphalt roads,Dry,Daylight,Normal,Collision with roadside objects,1,1,Going straight,Driver or rider,Male,18-30,3,unknown,unknown,Not a Pedestrian,Moving Backward,Slight Injury
12:32:00,Sunday,18-30,Male,Junior high school,Employee,5-10yr,Lorry (41?100Q),Owner,unknown,unknown,Office areas,unknown,Tangent road with flat terrain,Unknown,Asphalt roads,Dry,Daylight,Normal,Vehicle with vehicle collision,2,2,Going straight,na,na,na,na,Driver,Normal,Not a Pedestrian,Other,Slight Injury
12:32:00,Sunday,18-30,Male,Junior high school,Employee,2-5yr,Automobile,Owner,unknown,unknown,Office areas,Two-way (divided with broken lines road marking),Tangent road with flat terrain,Unknown,Asphalt roads,Dry,Daylight,Normal,Collision with roadside objects,2,2,Going straight,Driver or rider,Male,18-30,3,unknown,unknown,Not a Pedestrian,No priority to vehicle,Slight Injury
12:32:00,Sunday,18-30,Male,Junior high school,Employee,1-2yr,Other,Governmental,unknown,No defect,Office areas,Two-way (divided with broken lines road marking),Tangent road with flat terrain,Unknown,Asphalt roads,Dry,Daylight,Normal,Vehicle with vehicle collision,2,2,Going straight,Pedestrian,Male,Over 51,3,Driver,Normal,Crossing from nearside - masked by parked or statioNot a Pedestrianry vehicle,No priority to pedestrian,Slight Injury
18:24:00,Monday,18-30,Male,Junior high school,Employee,5-10yr,unknown,Owner,2-5yrs,unknown, Church areas,Undivided Two way,Tangent road with flat terrain,No junction,Asphalt roads,Dry,Darkness - lights lit,Normal,Vehicle with vehicle collision,1,1,Going straight,na,na,na,na,Driver,Normal,Not a Pedestrian,Changing lane to the right,Slight Injury
7:22:00,Thursday,18-30,Unknown,Junior high school,Employee,Below 1yr,Other,Governmental,unknown,unknown,Office areas,Two-way (divided with broken lines road marking),Tangent road with flat terrain,Y Shape,Asphalt roads,Wet or damp,Darkness - lights lit,Normal,Vehicle with vehicle collision,2,1,Going straight,na,na,na,na,Driver,Normal,Not a Pedestrian,Changing lane to the right,Serious Injury
7:22:00,Thursday,Over 51,Male,Junior high school,Employee,5-10yr,Automobile,Governmental,Unknown,unknown,Residential areas,Two-way (divided with broken lines road marking),Tangent road with flat terrain,Y Shape,Other,Wet or damp,Darkness - lights lit,Normal,Collision with roadside objects,2,1,Turnover,Driver or rider,Male,18-30,3,unknown,unknown,Not a Pedestrian,Changing lane to the right,Serious Injury
18:30:00,Wednesday,31-50,Male,Junior high school,Owner,5-10yr,Pick up upto 10Q,Owner,unknown,unknown,School areas,Two-way (divided with broken lines road marking),Tangent road with flat terrain,Other,Asphalt roads,Dry,Daylight,Unknown,Collision with roadside objects,2,1,Reversing,Driver or rider,Male,Under 18,3,unknown,unknown,Not a Pedestrian,Driving to the left,Serious Injury
18:30:00,Wednesday,31-50,Male,unknown,Owner,5-10yr,Automobile,Owner,Unknown,unknown,Office areas,Undivided Two way,Tangent road with flat terrain,Other,Asphalt roads,Dry,Daylight,Unknown,Vehicle with vehicle collision,2,1,Moving Backward,na,na,na,na,Driver,Normal,Not a Pedestrian,Changing lane to the left,Serious Injury
20:33:00,Friday,31-50,Male,Junior high school,Employee,5-10yr,Public (12 seats),Owner,5-10yrs,unknown,Other,Undivided Two way,Tangent road with flat terrain,Crossing,Asphalt roads,Wet or damp,Darkness - lights lit,Normal,Vehicle with vehicle collision,2,1,Going straight,na,na,na,na,Driver,Normal,Not a Pedestrian,Moving Backward,Slight Injury
20:33:00,Friday,31-50,Male,High school,Employee,2-5yr,Automobile,Owner,unknown,unknown,Other,Double carriageway (median),Tangent road with flat terrain,Crossing,Asphalt roads,Wet or damp,Darkness - lights lit,Normal,Vehicle with vehicle collision,2,1,Moving Backward,Driver or rider,Female,18-30,3,Driver,Normal,Not a Pedestrian,Driving at high speed,Slight Injury
17:18:00,Monday,18-30,Male,Above high school,Employee,5-10yr,Other,Governmental,unknown,No defect,Other,Double carriageway (median),Tangent road with flat terrain,No junction,Asphalt roads,Dry,Darkness - lights lit,Raining and Windy,Vehicle with vehicle collision,2,1,Going straight,Pedestrian,Male,Over 51,3,Driver,Normal,Not a Pedestrian,Moving Backward,Slight Injury
17:18:00,Monday,31-50,Male,Junior high school,Employee,Above 10yr,Public (12 seats),Owner,5-10yrs,No defect,Other,Two-way (divided with broken lines road marking),Tangent road with flat terrain,No junction,Asphalt roads,Dry,Darkness - lights lit,Raining and Windy,Vehicle with vehicle collision,2,1,Going straight,Driver or rider,Female,31-50,3,Self-employed,Normal,Not a Pedestrian,No distancing,Slight Injury
11:15:00,Wednesday,Over 51,Male,Junior high school,Employee,Below 1yr,Stationwagen,Owner,Unknown,No defect,Office areas,Double carriageway (median),Tangent road with mild grade and flat terrain,Y Shape,Asphalt roads,Wet or damp,Daylight,Normal,Vehicle with vehicle collision,2,1,Going straight,na,na,na,na,Self-employed,Normal,Not a Pedestrian,Other,Serious Injury
11:15:00,Wednesday,31-50,Male,Elementary school,Employee,5-10yr,Lorry (41?100Q),Owner,unknown,unknown,Office areas,Two-way (divided with broken lines road marking),Tangent road with flat terrain,Y Shape,Asphalt roads,Wet or damp,Daylight,Normal,Vehicle with vehicle collision,2,1,Going straight,na,na,na,na,Driver,Normal,Not a Pedestrian,No priority to vehicle,Serious Injury
18:45:00,Thursday,31-50,Male,Elementary school,Employee,2-5yr,Lorry (41?100Q),Owner,unknown,unknown,Office areas,unknown,Tangent road with mild grade and flat terrain,Y Shape,Asphalt roads,Wet or damp,Darkness - lights lit,Raining,Collision with roadside objects,2,1,Going straight,Driver or rider,Male,18-30,3,unknown,unknown,Not a Pedestrian,Changing lane to the right,Slight Injury
18:45:00,Thursday,31-50,Male,Junior high school,Employee,2-5yr,Lorry (41?100Q),Owner,unknown,unknown,Office areas,unknown,Tangent road with mild grade and flat terrain,Y Shape,Other,Wet or damp,Darkness - lights lit,Raining,Collision with roadside objects,2,1,Unknown,na,na,na,na,unknown,unknown,Not a Pedestrian,Other,Slight Injury
10:08:00,Sunday,Over 51,Male,Junior high school,Employee,1-2yr,Automobile,Owner,unknown,unknown,Office areas,One way,Tangent road with flat terrain,Y Shape,Asphalt roads,Dry,Daylight,Normal,Collision with roadside objects,2,1,Going straight,na,na,na,na,unknown,unknown,Not a Pedestrian,No distancing,Slight Injury
10:08:00,Sunday,31-50,Male,Junior high school,Employee,2-5yr,Lorry (41?100Q),unknown,unknown,unknown,Office areas,Two-way (divided with broken lines road marking),Tangent road with flat terrain,Y Shape,Asphalt roads,Dry,Daylight,Normal,Vehicle with vehicle collision,2,1,Unknown,Driver or rider,Female,18-30,3,Driver,Normal,Not a Pedestrian,Driving carelessly,Slight Injury
10:12:00,Saturday,18-30,Male,Junior high school,Employee,2-5yr,unknown,Owner,unknown,unknown,Office areas,unknown,Tangent road with flat terrain,Y Shape,unknown,Dry,Daylight,Normal,Vehicle with vehicle collision,2,1,Going straight,na,na,na,na,unknown,Normal,Not a Pedestrian,No distancing,Slight Injury
10:12:00,Saturday,31-50,Male,Junior high school,Employee,Above 10yr,Public (12 seats),Owner,5-10yrs,unknown,Other,Undivided Two way,Tangent road with flat terrain,Y Shape,Asphalt roads,Dry,Daylight,Normal,Vehicle with vehicle collision,2,1,Moving Backward,Driver or rider,Male,18-30,3,Driver,Normal,Not a Pedestrian,Moving Backward,Slight Injury
17:16:00,Friday,18-30,Male,High school,Employee,Below 1yr,Automobile,Owner,unknown,No defect,Other,Two-way (divided with broken lines road marking),Tangent road with flat terrain,Y Shape,Asphalt roads,Dry,Darkness - lights lit,Normal,Vehicle with vehicle collision,2,1,Going straight,Driver or rider,Male,31-50,3,Driver,Normal,Not a Pedestrian,No distancing,Slight Injury
17:16:00,Friday,31-50,Male,Junior high school,Employee,2-5yr,Stationwagen,unknown,2-5yrs,No defect,Residential areas,Two-way (divided with broken lines road marking),Tangent road with flat terrain,Y Shape,Asphalt roads,Dry,Darkness - lights lit,Normal,Collision with pedestrians,2,1,Going straight,Pedestrian,Male,31-50,3,unknown,unknown,Not a Pedestrian,Moving Backward,Slight Injury
19:25:00,Friday,Over 51,Male,High school,Employee,Above 10yr,Automobile,Owner,unknown,No defect,Other,Two-way (divided with broken lines road marking),Tangent road with flat terrain,Y Shape,Earth roads,Dry,Darkness - lights lit,Normal,Collision with pedestrians,1,1,Moving Backward,Passenger,Female,Over 51,3,Self-employed,Normal,Not a Pedestrian,No priority to pedestrian,Serious Injury
15:00:00,Thursday,18-30,Male,Junior high school,Employee,Above 10yr,Lorry (41?100Q),Owner,5-10yrs,No defect,Other,Two-way (divided with broken lines road marking),Tangent road with flat terrain,No junction,Asphalt roads,Dry,Daylight,Normal,Vehicle with vehicle collision,3,1,Going straight,na,na,na,na,Driver,Normal,Not a Pedestrian,Changing lane to the left,Slight Injury
15:00:00,Thursday,31-50,Unknown,High school,Employee,5-10yr,Other,Governmental,unknown,No defect,Other,Two-way (divided with broken lines road marking),Tangent road with flat terrain,No junction,Asphalt roads,Dry,Daylight,Normal,Vehicle with vehicle collision,3,1,Turnover,Pedestrian,Female,18-30,3,Driver,Normal,Not a Pedestrian,No distancing,Slight Injury
15:00:00,Thursday,Unknown,Female,Junior high school,Employee,Above 10yr,Pick up upto 10Q,Owner,5-10yrs,unknown,Other,Undivided Two way,Tangent road with flat terrain,No junction,Asphalt roads,Dry,Daylight,Normal,Vehicle with vehicle collision,3,1,Going straight,na,na,na,na,Driver,Normal,Not a Pedestrian,Other,Slight Injury
17:40:00,Wednesday,31-50,Male,Junior high school,Employee,1-2yr,unknown,Owner,unknown,unknown, Industrial areas,Undivided Two way,Tangent road with flat terrain,No junction,Asphalt roads,Dry,Darkness - lights lit,Normal,Vehicle with vehicle collision,2,1,Going straight,Driver or rider,Male,18-30,2,Driver,Normal,Not a Pedestrian,No distancing,Slight Injury
17:40:00,Wednesday,31-50,Male,Junior high school,Employee,2-5yr,Lorry (41?100Q),Owner,5-10yrs,unknown, Industrial areas,Undivided Two way,Tangent road with flat terrain,No junction,Asphalt roads,Dry,Darkness - lights lit,Normal,Vehicle with vehicle collision,2,1,Unknown,Pedestrian,Female,18-30,3,Driver,Normal,Crossing from nearside - masked by parked or statioNot a Pedestrianry vehicle,No priority to pedestrian,Slight Injury
11:44:00,Sunday,18-30,Male,Elementary school,Employee,2-5yr,Automobile,Owner,unknown,No defect, Church areas,Double carriageway (median),Tangent road with flat terrain,O Shape,Asphalt roads,Wet or damp,Daylight,Normal,Vehicle with vehicle collision,2,1,Going straight,Pedestrian,Male,Under 18,2,Driver,Normal,Not a Pedestrian,Moving Backward,Slight Injury
11:44:00,Sunday,31-50,Male,Elementary school,Other,5-10yr,Public (13?45 seats),Owner,unknown,No defect,Other,Undivided Two way,Tangent road with flat terrain,O Shape,Asphalt roads,Wet or damp,Daylight,Normal,Vehicle with vehicle collision,2,1,Going straight,na,na,na,na,Driver,Normal,Not a Pedestrian,No priority to pedestrian,Slight Injury
14:20:00,Sunday,18-30,Male,Junior high school,Employee,5-10yr,Automobile,Owner,Above 10yr,unknown,Other,Undivided Two way,Tangent road with flat terrain,No junction,Asphalt roads,Dry,Daylight,Normal,Vehicle with vehicle collision,2,1,Going straight,Driver or rider,Male,18-30,3,Driver,Normal,Not a Pedestrian,No distancing,Slight Injury
14:20:00,Sunday,31-50,Male,High school,Owner,5-10yr,Lorry (41?100Q),Owner,Unknown,No defect,Office areas,Undivided Two way,Tangent road with flat terrain,No junction,Asphalt roads,Dry,Daylight,Normal,Vehicle with vehicle collision,2,1,Going straight,Driver or rider,Female,31-50,3,Driver,Normal,Not a Pedestrian,No priority to pedestrian,Slight Injury
15:20:00,Saturday,Over 51,Male,Junior high school,Employee,Above 10yr,Public (12 seats),Owner,Unknown,No defect,Office areas,Undivided Two way,Tangent road with flat terrain,Unknown,Asphalt roads,Wet or damp,Daylight,Normal,Vehicle with vehicle collision,1,2,Reversing,na,na,na,na,Driver,Normal,Not a Pedestrian,Driving carelessly,Slight Injury
15:20:00,Saturday,Over 51,Male,Junior high school,Employee,Below 1yr,Motorcycle,Governmental,Below 1yr,unknown,Residential areas,Two-way (divided with broken lines road marking),Tangent road with flat terrain,Unknown,Asphalt roads,Wet or damp,Daylight,Normal,Collision with roadside objects,1,2,Going straight,Pedestrian,Male,Under 18,3,unknown,unknown,Crossing from nearside - masked by parked or statioNot a Pedestrianry vehicle,Getting off the vehicle improperly,Slight Injury
16:22:00,Friday,18-30,Male,Junior high school,Other,Below 1yr,Public (12 seats),Owner,Unknown,No defect, Industrial areas,Undivided Two way,Tangent road with flat terrain,No junction,Asphalt roads,Dry,Darkness - lights lit,Normal,Rollover,4,3,Moving Backward,Driver or rider,Female,Over 51,3,Self-employed,Normal,Not a Pedestrian,Driving carelessly,Slight Injury
16:22:00,Friday,31-50,Male,Junior high school,Employee,Above 10yr,Lorry (41?100Q),Owner,unknown,No defect,Office areas,Undivided Two way,Tangent road with flat terrain,No junction,Asphalt roads,Dry,Darkness - lights lit,Normal,Vehicle with vehicle collision,4,3,Going straight,Driver or rider,Male,Over 51,3,Self-employed,Normal,Not a Pedestrian,Changing lane to the left,Slight Injury
16:22:00,Friday,Over 51,Male,High school,Owner,5-10yr,Automobile,Owner,unknown,No defect,Other,Undivided Two way,Tangent road with flat terrain,No junction,Asphalt roads,Dry,Darkness - lights lit,Normal,Vehicle with vehicle collision,4,3,Going straight,Driver or rider,Male,Under 18,3,Driver,Normal,Not a Pedestrian,No priority to vehicle,Slight Injury
16:22:00,Friday,31-50,Male,Elementary school,Owner,5-10yr,Lorry (41?100Q),Owner,unknown,unknown,Other,Two-way (divided with broken lines road marking),Tangent road with flat terrain,No junction,Asphalt roads,Dry,Darkness - lights lit,Normal,Vehicle with vehicle collision,4,3,Going straight,Driver or rider,Female,Over 51,3,Driver,Normal,Not a Pedestrian,Changing lane to the right,Slight Injury