Time,Day_of_week,Age_band_of_driver,Sex_of_driver,Educational_level,Vehicle_driver_relation,Driving_experience,Type_of_vehicle,Owner_of_vehicle,Service_year_of_vehicle,Defect_of_vehicle,Area_accident_occured,Lanes_or_Medians,Road_allignment,Types_of_Junction,Road_surface_type,Road_surface_conditions,Light_conditions,Weather_conditions,Type_of_collision,Number_of_vehicles_involved,Number_of_casualties,Vehicle_movement,Casualty_class,Sex_of_casualty,Age_band_of_casualty,Casualty_severity,Work_of_casuality,Fitness_of_casuality,Pedestrian_movement,Cause_of_accident,Accident_severity
11:56:00,Sunday,18-30,Male,Elementary school,Other,5-10yr,Public (13?45 seats),Owner,unknown,No defect,Other,Undivided Two way,Tangent road with flat terrain,Y Shape,Asphalt roads,Dry,Daylight,Normal,Vehicle with vehicle collision,2,1,Going straight,Driver or rider,Male,31-50,3,unknown,unknown,Not a Pedestrian,Driving under the influence of drugs,Slight Injury
11:56:00,Sunday,Over 51,Male,Junior high school,Employee,5-10yr,Public (13?45 seats),Owner,Above 10yr,unknown,Other,Undivided Two way,Tangent road with flat terrain,Y Shape,Asphalt roads,Dry,Daylight,Normal,Vehicle with vehicle collision,2,1,Reversing,Driver or rider,Male,Over 51,3,Driver,Normal,Not a Pedestrian,Driving carelessly,Slight Injury
19:08:00,Friday,18-30,Male,High school,Owner,5-10yr,unknown,Owner,Unknown,No defect,Office areas,Undivided Two way,Tangent road with flat terrain,No junction,Other,Dry,Darkness - lights lit,Normal,Vehicle with vehicle collision,1,1,Other,na,na,na,na,Driver,Normal,Not a Pedestrian,Moving Backward,Slight Injury
7:14:00,Friday,18-30,Male,Junior high school,Employee,Above 10yr,Long lorry,Owner,Unknown,No defect,Office areas,Undivided Two way,Tangent road with flat terrain,Crossing,Gravel roads,Dry,Daylight,Normal,Vehicle with vehicle collision,2,1,Turnover,na,na,na,na,Unemployed,Normal,Not a Pedestrian,No distancing,Slight Injury
7:14:00,Friday,31-50,Male,Junior high school,Employee,Below 1yr,Lorry (41?100Q),Governmental,Below 1yr,unknown,Residential areas,Two-way (divided with broken lines road marking),Tangent road with flat terrain,Crossing,Gravel roads,Dry,Daylight,Normal,Vehicle with vehicle collision,2,1,Going straight,Driver or rider,Male,Under 18,3,Driver,Normal,Not a Pedestrian,No priority to vehicle,Slight Injury
14:30:00,Friday,Unknown,Male,Junior high school,Other,Below 1yr,Lorry (11?40Q),Owner,Unknown,No defect, Industrial areas,Undivided Two way,Tangent road with flat terrain,No junction,Asphalt roads,Dry,Daylight,Normal,Vehicle with vehicle collision,2,1,Going straight,na,na,na,na,Driver,Normal,Not a Pedestrian,Overturning,Slight Injury
14:30:00,Friday,31-50,Male,Junior high school,Employee,Above 10yr,Lorry (41?100Q),Owner,unknown,No defect,Office areas,Undivided Two way,Tangent road with flat terrain,No junction,Asphalt roads,Dry,Daylight,Normal,Rollover,2,1,Going straight,Driver or rider,Male,Under 18,2,Driver,Normal,Not a Pedestrian,Changing lane to the left,Slight Injury
7:55:00,Monday,18-30,Male,High school,Owner,5-10yr,Public (12 seats),Owner,unknown,No defect,Other,Undivided Two way,Tangent road with flat terrain,Crossing,Earth roads,Dry,Daylight,Normal,Collision with roadside objects,2,1,Going straight,Driver or rider,Male,18-30,3,Driver,Normal,Not a Pedestrian,No distancing,Slight Injury
7:55:00,Monday,18-30,Male,Elementary school,Owner,5-10yr,unknown,Owner,unknown,unknown,Other,Two-way (divided with broken lines road marking),Tangent road with flat terrain,Crossing,Asphalt roads,Dry,Daylight,Normal,Vehicle with vehicle collision,2,1,Going straight,Driver or rider,Male,18-30,3,Employee,Normal,Not a Pedestrian,Moving Backward,Slight Injury
13:35:00,Monday,31-50,Male,Junior high school,Employee,2-5yr,Taxi,Owner,unknown,No defect,Residential areas,Undivided Two way,Tangent road with flat terrain,Y Shape,Asphalt roads,Dry,Daylight,Normal,Vehicle with vehicle collision,2,1,Going straight,na,na,na,na,Driver,Normal,Not a Pedestrian,No priority to vehicle,Serious Injury
13:35:00,Monday,Over 51,Male,Junior high school,Employee,2-5yr,unknown,Owner,unknown,unknown,Office areas,Two-way (divided with broken lines road marking),Tangent road with flat terrain,Y Shape,Asphalt roads,Dry,Daylight,Normal,Collision with roadside objects,2,1,Going straight,Driver or rider,Male,Under 18,3,Self-employed,Normal,Not a Pedestrian,No priority to vehicle,Serious Injury
12:37:00,Saturday,31-50,Male,Above high school,Employee,5-10yr,Automobile,Organization,unknown,unknown,Residential areas,other,Tangent road with flat terrain,Y Shape,Asphalt roads,Dry,Daylight,Normal,Vehicle with vehicle collision,1,1,Going straight,Pedestrian,Female,31-50,3,Driver,Normal,Unknown or other,No distancing,Slight Injury
11:25:00,Friday,Unknown,Male,Junior high school,Owner,2-5yr,unknown,Owner,unknown,unknown,Office areas,Two-way (divided with broken lines road marking),Tangent road with flat terrain,Crossing,Earth roads,Dry,Daylight,Normal,Vehicle with vehicle collision,1,1,Going straight,na,na,na,na,Driver,Normal,Not a Pedestrian,No distancing,Slight Injury
18:23:00,Wednesday,31-50,Male,unknown,unknown,unknown,Lorry (41?100Q),unknown,unknown,unknown, Church areas,Two-way (divided with broken lines road marking),Tangent road with flat terrain,Y Shape,Asphalt roads,Dry,Darkness - lights lit,Normal,Vehicle with vehicle collision,1,1,Other,Driver or rider,Male,Under 18,3,unknown,unknown,Not a Pedestrian,Overtaking,Slight Injury
21:09:00,Wednesday,31-50,Male,Junior high school,Employee,2-5yr,Automobile,Organization,5-10yrs,unknown,Residential areas,Two-way (divided with broken lines road marking),Tangent road with flat terrain,Crossing,Asphalt roads,Dry,Darkness - lights lit,Normal,Rollover,2,1,Going straight,na,na,na,na,Driver,Normal,Not a Pedestrian,Driving under the influence of drugs,Slight Injury
21:09:00,Wednesday,18-30,Male,Junior high school,Employee,5-10yr,Automobile,Owner,Above 10yr,unknown,School areas,other,Tangent road with flat terrain,Crossing,Asphalt roads,Dry,Darkness - lights lit,Normal,Rollover,2,1,Going straight,Driver or rider,Female,18-30,3,unknown,unknown,Not a Pedestrian,Changing lane to the right,Slight Injury
15:23:00,Wednesday,31-50,Male,Junior high school,Employee,2-5yr,Lorry (41?100Q),Owner,5-10yrs,unknown, Hospital areas,other,Steep grade downward with mountainous terrain,Y Shape,Asphalt roads,Wet or damp,Daylight,Raining,Collision with pedestrians,3,1,Moving Backward,Driver or rider,Male,Over 51,3,unknown,unknown,Not a Pedestrian,Changing lane to the left,Serious Injury
15:23:00,Wednesday,31-50,Male,Elementary school,Employee,1-2yr,Automobile,Owner,2-5yrs,unknown,Other,Undivided Two way,Tangent road with flat terrain,Y Shape,Asphalt roads,Wet or damp,Daylight,Raining,Vehicle with vehicle collision,3,1,Going straight,na,na,na,na,unknown,Normal,Not a Pedestrian,Driving carelessly,Serious Injury
15:23:00,Wednesday,Over 51,Male,High school,Employee,unknown,Automobile,Owner,unknown,unknown,School areas,Double carriageway (median),Tangent road with flat terrain,Y Shape,Asphalt roads,Wet or damp,Daylight,Raining,Vehicle with vehicle collision,3,1,Moving Backward,Driver or rider,Male,Over 51,2,Driver,Normal,Not a Pedestrian,Moving Backward,Serious Injury
12:30:00,Wednesday,31-50,Male,Junior high school,Owner,1-2yr,Automobile,Owner,Above 10yr,No defect,Other,other,Tangent road with flat terrain,No junction,Asphalt roads,Dry,Daylight,Normal,Vehicle with vehicle collision,2,1,Other,Driver or rider,Male,Under 18,3,Driver,Normal,Not a Pedestrian,Moving Backward,Slight Injury
12:30:00,Wednesday,Unknown,Male,Junior high school,Employee,2-5yr,Taxi,Owner,5-10yrs,unknown, Industrial areas,Undivided Two way,Tangent road with flat terrain,No junction,Asphalt roads,Dry,Daylight,Normal,Collision with pedestrians,2,1,Going straight,na,na,na,na,Driver,Normal,Not a Pedestrian,Changing lane to the right,Slight Injury
17:30:00,Tuesday,31-50,Male,Junior high school,Employee,1-2yr,unknown,Owner,Unknown,No defect, Church areas,Two-way (divided with broken lines road marking),Tangent road with flat terrain,No junction,Asphalt roads,Dry,Daylight,Normal,Collision with pedestrians,2,1,Reversing,Driver or rider,Male,18-30,3,Driver,Normal,Not a Pedestrian,No priority to vehicle,Slight Injury
17:30:00,Tuesday,Unknown,Male,Elementary school,Employee,Above 10yr,unknown,Owner,unknown,No defect,Office areas,Two-way (divided with broken lines road marking),Tangent road with flat terrain,No junction,Asphalt roads,Dry,Daylight,Normal,Vehicle with vehicle collision,2,1,Going straight,na,na,na,na,Driver,Normal,Not a Pedestrian,Driving at high speed,Slight Injury
3:56:00,Sunday,31-50,Male,Junior high school,Employee,2-5yr,Automobile,Owner,unknown,No defect,Other,Two-way (divided with broken lines road marking),Tangent road with flat terrain,Crossing,Earth roads,Dry,Darkness - lights lit,Normal,Vehicle with vehicle collision,2,1,Other,Pedestrian,Male,Under 18,2,Driver,Normal,Not a Pedestrian,Driving under the influence of drugs,Slight Injury
3:56:00,Sunday,31-50,Male,Junior high school,Employee,2-5yr,Pick up upto 10Q,Owner,unknown,No defect,Office areas,Double carriageway (median),Tangent road with flat terrain,Crossing,Asphalt roads,Dry,Darkness - lights lit,Normal,Vehicle with vehicle collision,2,1,Other,Pedestrian,Male,Under 18,3,Employee,Normal,Unknown or other,Changing lane to the right,Slight Injury
10:40:00,Sunday,Over 51,Male,Junior high school,Employee,2-5yr,unknown,Owner,unknown,No defect,Office areas,Double carriageway (median),Tangent road with flat terrain,Y Shape,Asphalt roads,Dry,Daylight,Normal,Collision with roadside objects,2,1,Other,na,na,na,na,unknown,Normal,Not a Pedestrian,Driving carelessly,Slight Injury
10:40:00,Sunday,31-50,Male,Junior high school,Employee,2-5yr,Automobile,Governmental,unknown,No defect,Office areas,Double carriageway (median),Tangent road with flat terrain,Y Shape,Asphalt roads,Dry,Daylight,Normal,Vehicle with vehicle collision,2,1,Stopping,Driver or rider,Male,31-50,3,Driver,Normal,Not a Pedestrian,No distancing,Slight Injury
18:41:00,Thursday,31-50,Male,Elementary school,Employee,2-5yr,Public (12 seats),Owner,unknown,No defect,Residential areas,Double carriageway (median),Tangent road with flat terrain,Crossing,Asphalt roads,Dry,Darkness - lights lit,Normal,Collision with roadside objects,2,1,Other,Driver or rider,Female,18-30,3,unknown,unknown,Not a Pedestrian,Changing lane to the left,Slight Injury
18:41:00,Thursday,18-30,Male,Junior high school,Employee,2-5yr,Public (13?45 seats),Owner,unknown,No defect,Office areas,Double carriageway (median),Tangent road with flat terrain,Crossing,Earth roads,Dry,Darkness - lights lit,Normal,Vehicle with vehicle collision,2,1,Other,Passenger,Female,Under 18,3,Self-employed,Normal,Not a Pedestrian,No distancing,Slight Injury
22:10:00,Thursday,18-30,Male,Elementary school,Employee,5-10yr,Lorry (11?40Q),Owner,2-5yrs,unknown,Other,Undivided Two way,Tangent road with flat terrain,No junction,Asphalt roads,Dry,Darkness - lights lit,Normal,Vehicle with vehicle collision,1,1,Other,Passenger,Female,Under 18,3,unknown,unknown,Not a Pedestrian,No distancing,Slight Injury
20:41:00,Monday,31-50,Male,Elementary school,Employee,2-5yr,Stationwagen,Owner,2-5yrs,unknown, Industrial areas,One way,unknown,Crossing,Asphalt roads,Dry,Darkness - lights lit,Normal,Collision with roadside objects,2,1,Going straight,Driver or rider,Female,Over 51,3,Self-employed,Normal,Not a Pedestrian,Getting off the vehicle improperly,Slight Injury
20:41:00,Monday,18-30,Male,Junior high school,Employee,Above 10yr,Automobile,Owner,unknown,No defect,Other,One way,Tangent road with flat terrain,Crossing,Asphalt roads,Dry,Darkness - lights lit,Normal,Vehicle with vehicle collision,2,1,Going straight,Passenger,Male,Over 51,3,unknown,unknown,Not a Pedestrian,Overtaking,Slight Injury
0:15:00,Friday,31-50,Male,Junior high school,Employee,Above 10yr,Public (> 45 seats),Owner,unknown,No defect,Office areas,Double carriageway (median),Tangent road with flat terrain,No junction,Asphalt roads,Wet or damp,Darkness - lights lit,Raining,Vehicle with vehicle collision,1,1,Going straight,Passenger,Male,31-50,3,Self-employed,Normal,Not a Pedestrian,Driving carelessly,Serious Injury
2:15:00,Saturday,31-50,Male,High school,Employee,Above 10yr,Lorry (41?100Q),Governmental,Unknown,unknown,Office areas,Two-way (divided with broken lines road marking),Tangent road with flat terrain,Y Shape,Asphalt roads,Dry,Darkness - lights lit,Normal,Collision with roadside objects,1,1,Going straight,na,na,na,na,unknown,unknown,Not a Pedestrian,Driving under the influence of drugs,Serious Injury
14:40:00,Saturday,Over 51,Male,Junior high school,Employee,5-10yr,Public (> 45 seats),Governmental,unknown,No defect,unknown,Double carriageway (median),Tangent road with flat terrain,Crossing,Asphalt roads,Dry,Daylight,Normal,Collision with roadside objects,2,1,Going straight,na,na,na,na,unknown,unknown,Not a Pedestrian,Moving Backward,Slight Injury
14:40:00,Saturday,31-50,Male,Junior high school,Owner,2-5yr,unknown,Owner,unknown,unknown,Other,unknown,Tangent road with flat terrain,Crossing,Asphalt roads,Dry,Daylight,Normal,Vehicle with vehicle collision,2,1,Going straight,na,na,na,na,Self-employed,Normal,Not a Pedestrian,Overturning,Slight Injury
15:20:00,Monday,18-30,Male,Elementary school,Employee,1-2yr,unknown,Owner,Unknown,unknown,Office areas,Double carriageway (median),Tangent road with flat terrain,No junction,Asphalt roads,Dry,Daylight,Normal,Vehicle with vehicle collision,3,1,Going straight,Driver or rider,Male,Under 18,3,Employee,Normal,Not a Pedestrian,Driving under the influence of drugs,Slight Injury
15:20:00,Monday,18-30,Male,Junior high school,Employee,2-5yr,Automobile,Owner,unknown,No defect,Office areas,Two-way (divided with broken lines road marking),Tangent road with flat terrain,No junction,Other,Dry,Daylight,Normal,Vehicle with vehicle collision,3,1,Going straight,Driver or rider,Male,18-30,2,Other,Normal,Not a Pedestrian,Changing lane to the right,Slight Injury
15:20:00,Monday,Over 51,Male,Junior high school,Employee,5-10yr,Automobile,Owner,5-10yrs,unknown,Office areas,Undivided Two way,Tangent road with flat terrain,No junction,Asphalt roads,Dry,Daylight,Normal,Vehicle with vehicle collision,3,1,Going straight,na,na,na,na,Employee,Normal,Not a Pedestrian,Changing lane to the left,Slight Injury
19:25:00,Saturday,18-30,Male,unknown,unknown,unknown,Lorry (41?100Q),Owner,unknown,unknown,Other,Undivided Two way,Tangent road with flat terrain,Crossing,Asphalt roads,Dry,Darkness - lights lit,Normal,Vehicle with vehicle collision,2,1,Going straight,na,na,na,na,unknown,unknown,Not a Pedestrian,No distancing,Slight Injury
19:25:00,Saturday,18-30,Male,Elementary school,Owner,5-10yr,Automobile,Owner,unknown,No defect,Other,Undivided Two way,Tangent road with flat terrain,Crossing,Asphalt roads,Dry,Darkness - lights lit,Normal,Vehicle with vehicle collision,2,1,Going straight,Driver or rider,Male,31-50,3,Employee,Normal,Not a Pedestrian,No distancing,Slight Injury
7:00:00,Friday,18-30,Male,High school,Other,Above 10yr,Public (13?45 seats),Owner,unknown,No defect,  Recreational areas,Undivided Two way,Tangent road with flat terrain,Y Shape,Asphalt roads,Dry,Daylight,Normal,Vehicle with vehicle collision,2,1,Reversing,na,na,na,na,unknown,unknown,Not a Pedestrian,No priority to vehicle,Slight Injury
7:00:00,Friday,Unknown,Male,Junior high school,Employee,Above 10yr,Automobile,Owner,unknown,No defect, Church areas,Undivided Two way,Tangent road with flat terrain,Y Shape,Asphalt roads,Dry,Daylight,Normal,Vehicle with vehicle collision,2,1,Going straight,Driver or rider,Male,31-50,3,Employee,Normal,Not a Pedestrian,Moving Backward,Slight Injury
11:40:00,Tuesday,Unknown,Male,Junior high school,Employee,1-2yr,Public (> 45 seats),Other,1-2yr,No defect,  Recreational areas,other,Tangent road with flat terrain,Y Shape,Asphalt roads,Dry,Daylight,Normal,Vehicle with vehicle collision,1,1,Other,Pedestrian,Male,Over 51,3,Employee,Normal,Not a Pedestrian,Moving Backward,Slight Injury
22:39:00,Wednesday,Over 51,Male,High school,Owner,unknown,Lorry (41?100Q),Owner,5-10yrs,No defect,School areas,other,Tangent road with flat terrain,Y Shape,Asphalt roads,Dry,Darkness - lights lit,Normal,Vehicle with vehicle collision,1,1,unknown,Passenger,Female,18-30,3,Employee,Normal,Not a Pedestrian,Getting off the vehicle improperly,Slight Injury
19:30:00,Tuesday,18-30,Male,Junior high school,Employee,2-5yr,Automobile,Owner,unknown,No defect, Church areas,Double carriageway (median),Tangent road with flat terrain,Y Shape,Earth roads,Dry,Darkness - lights lit,Normal,Vehicle with vehicle collision,2,1,Getting off,na,na,na,na,Driver,Normal,Not a Pedestrian,Changing lane to the left,Slight Injury
19:30:00,Tuesday,Unknown,Female,Junior high school,Employee,5-10yr,Lorry (11?40Q),Owner,5-10yrs,unknown,Office areas,unknown,Tangent road with flat terrain,Y Shape,Asphalt roads,Dry,Darkness - lights lit,Normal,Vehicle with vehicle collision,2,1,Going straight,Driver or rider,Female,31-50,3,Driver,Normal,Not a Pedestrian,Changing lane to the left,Slight Injury
12:07:00,Tuesday,31-50,Male,Junior high school,Employee,2-5yr,Public (13?45 seats),Owner,2-5yrs,unknown,Residential areas,One way,Steep grade downward with mountainous terrain,No junction,Asphalt roads,Dry,Daylight,Normal,Vehicle with vehicle collision,2,1,Going straight,Passenger,Male,Under 18,3,Student,Normal,Not a Pedestrian,No priority to vehicle,Slight Injury
12:07:00,Tuesday,31-50,Male,Junior high school,Employee,Above 10yr,Public (13?45 seats),Owner,unknown,No defect,Other,One way,Tangent road with flat terrain,No junction,Asphalt roads,Dry,Daylight,Normal,Vehicle with vehicle collision,2,1,Going straight,Driver or rider,Female,Over 51,3,Driver,Normal,Not a Pedestrian,Changing lane to the right,Slight Injury
22:40:00,Friday,18-30,Male,Elementary school,Employee,5-10yr,unknown,Owner,unknown,No defect,Other,Undivided Two way,Tangent road with flat terrain,Y Shape,Asphalt roads,Dry,Darkness - lights lit,Normal,Vehicle with vehicle collision,2,1,Going straight,na,na,na,na,Self-employed,Normal,Not a Pedestrian,Changing lane to the right,Slight Injury
22:40:00,Friday,Unknown,Male,Junior high school,Employee,5-10yr,Long lorry,Governmental,1-2yr,No defect, Industrial areas,One way,Tangent road with flat terrain,Y Shape,Asphalt roads,Dry,Darkness - lights lit,Normal,Vehicle with vehicle collision,2,1,Turnover,Driver or rider,Female,Under 18,3,unknown,unknown,Not a Pedestrian,Driving carelessly,Slight Injury
16:00:00,Sunday,18-30,Male,Above high school,Employee,1-2yr,Lorry (41?100Q),Governmental,1-2yr,No defect, Church areas,other,Steep grade downward with mountainous terrain,Y Shape,Asphalt roads,Dry,Daylight,Normal,Vehicle with vehicle collision,3,1,Entering a junction,Pedestrian,Male,Under 18,3,unknown,unknown,Unknown or other,Changing lane to the left,Slight Injury
16:00:00,Sunday,Unknown,Male,Elementary school,Employee,Above 10yr,Lorry (11?40Q),Organization,1-2yr,No defect,Office areas,other,Tangent road with flat terrain,Y Shape,Asphalt roads,Dry,Daylight,Normal,Vehicle with vehicle collision,3,1,Entering a junction,na,na,na,na,Driver,Normal,Not a Pedestrian,Changing lane to the right,Slight Injury
16:00:00,Sunday,Unknown,Female,Elementary school,Employee,5-10yr,Lorry (41?100Q),Owner,Unknown,No defect,Office areas,Undivided Two way,Tangent road with flat terrain,Y Shape,Asphalt roads,Dry,Daylight,Normal,Collision with roadside objects,3,1,Entering a junction,Driver or rider,Male,Under 18,3,Driver,Normal,Not a Pedestrian,Driving under the influence of drugs,Slight Injury
20:55:00,Sunday,31-50,Male,Elementary school,Employee,2-5yr,Public (12 seats),Owner,unknown,unknown,Office areas,Double carriageway (median),Tangent road with flat terrain,Y Shape,Asphalt roads,Dry,Darkness - lights lit,Normal,Vehicle with vehicle collision,1,1,Entering a junction,na,na,na,na,Driver,Normal,Not a Pedestrian,Driving carelessly,Serious Injury
8:50:00,Sunday,Over 51,Male,Elementary school,Employee,2-5yr,unknown,Owner,2-5yrs,unknown,Other,Two-way (divided with broken lines road marking),Tangent road with flat terrain,Crossing,Asphalt roads,Dry,Daylight,Normal,Collision with pedestrians,2,1,Other,Driver or rider,Male,18-30,3,Driver,Normal,Not a Pedestrian,No distancing,Slight Injury
8:50:00,Sunday,18-30,Male,Junior high school,Employee,5-10yr,Taxi,Owner,unknown,unknown,Office areas,Undivided Two way,Tangent road with flat terrain,Crossing,Asphalt roads,Dry,Daylight,Normal,Vehicle with vehicle collision,2,1,Entering a junction,na,na,na,na,unknown,unknown,Not a Pedestrian,No priority to vehicle,Slight Injury
21:41:00,Friday,18-30,Male,Junior high school,Employee,1-2yr,unknown,Owner,unknown,No defect,Other,Double carriageway (median),Tangent road with flat terrain,Y Shape,Asphalt roads,Dry,Darkness - lights lit,Normal,Collision with roadside objects,2,2,Turnover,na,na,na,na,Driver,Normal,Not a Pedestrian,No priority to vehicle,Slight Injury
21:41:00,Friday,18-30,Male,Junior high school,Employee,5-10yr,Automobile,Owner,Above 10yr,No defect, Industrial areas,Two-way (divided with broken lines road marking),Tangent road with flat terrain,Y Shape,Asphalt roads,Dry,Darkness - lights lit,Normal,Vehicle with vehicle collision,2,2,Entering a junction,Driver or rider,Female,18-30,3,Self-employed,Normal,Not a Pedestrian,No priority to vehicle,Slight Injury
21:41:00,Friday,18-30,Male,Junior high school,Employee,5-10yr,unknown,Owner,unknown,No defect,Residential areas,other,Tangent road with flat terrain,Y Shape,Asphalt roads,Dry,Darkness - lights lit,Normal,Vehicle with vehicle collision,2,2,Entering a junction,Pedestrian,Female,Over 51,3,Self-employed,Normal,Not a Pedestrian,Changing lane to the left,Slight Injury
11:36:00,Friday,31-50,Male,Above high school,Employee,5-10yr,Lorry (41?100Q),Owner,unknown,No defect,Other,Two-way (divided with broken lines road marking),Tangent road with flat terrain,Crossing,Asphalt roads,Dry,Daylight,Normal,Vehicle with vehicle collision,2,1,Entering a junction,na,na,na,na,Self-employed,Normal,Not a Pedestrian,Moving Backward,Slight Injury
11:36:00,Friday,18-30,Male,Junior high school,Employee,Above 10yr,Automobile,Owner,5-10yrs,unknown,Other,One way,Tangent road with flat terrain,Crossing,Earth roads,Dry,Daylight,Normal,Vehicle with vehicle collision,2,1,Entering a junction,Driver or rider,Male,Over 51,3,Driver,Normal,Not a Pedestrian,Driving carelessly,Slight Injury
14:15:00,Friday,18-30,Male,Elementary school,Employee,2-5yr,Automobile,Owner,1-2yr,No defect,Other,One way,Tangent road with flat terrain,Y Shape,Asphalt roads,Dry,Daylight,Normal,Vehicle with vehicle collision,1,1,Entering a junction,Passenger,Male,31-50,3,Other,Normal,Not a Pedestrian,Driving under the influence of drugs,Slight Injury
16:30:00,Wednesday,Unknown,Male,Junior high school,Employee,5-10yr,Lorry (41?100Q),Owner,unknown,unknown,Other,Undivided Two way,Tangent road with flat terrain,Y Shape,unknown,Dry,Daylight,Normal,Rollover,1,1,Other,Driver or rider,Female,Over 51,3,unknown,unknown,Not a Pedestrian,Changing lane to the right,Serious Injury
21:23:00,Saturday,18-30,Male,unknown,unknown,unknown,Automobile,unknown,unknown,unknown,Other,Two-way (divided with broken lines road marking),Tangent road with flat terrain,Crossing,Asphalt roads,Wet or damp,Darkness - lights lit,Normal,Collision with roadside objects,2,1,Going straight,Passenger,Male,Over 51,3,Self-employed,Normal,Not a Pedestrian,No priority to vehicle,Slight Injury
21:23:00,Saturday,Unknown,Male,Junior high school,Employee,5-10yr,Automobile,Governmental,Below 1yr,No defect,Residential areas,other,Steep grade downward with mountainous terrain,Crossing,Asphalt roads,Wet or damp,Darkness - lights lit,Normal,Vehicle with vehicle collision,2,1,Going straight,Driver or rider,Male,31-50,3,Other,Normal,Not a Pedestrian,Changing lane to the right,Slight Injury
14:58:00,Monday,31-50,Male,Junior high school,Employee,unknown,Automobile,Owner,unknown,No defect,Office areas,Two-way (divided with broken lines road marking),Tangent road with flat terrain,No junction,Asphalt roads,Dry,Daylight,Normal,Vehicle with vehicle collision,2,1,Other,Passenger,Female,Over 51,3,unknown,unknown,Not a Pedestrian,Driving to the left,Slight Injury
14:58:00,Monday,31-50,Male,Junior high school,Employee,unknown,Taxi,Owner,unknown,unknown,Office areas,Two-way (divided with broken lines road marking),Tangent road with flat terrain,No junction,Asphalt roads,Dry,Daylight,Normal,Collision with roadside objects,2,1,Going straight,Passenger,Male,Over 51,3,unknown,unknown,Not a Pedestrian,Moving Backward,Slight Injury
9:30:00,Monday,31-50,Male,Junior high school,Employee,1-2yr,unknown,Owner,Unknown,No defect,Other,Two-way (divided with broken lines road marking),Tangent road with flat terrain,Y Shape,Asphalt roads,Dry,Daylight,Normal,Vehicle with vehicle collision,1,1,Going straight,na,na,na,na,Driver,Normal,Not a Pedestrian,No priority to vehicle,Slight Injury
17:45:00,Wednesday,31-50,Male,Above high school,Owner,5-10yr,unknown,Owner,Above 10yr,No defect,Other,One way,Tangent road with flat terrain,Crossing,Asphalt roads,Dry,Darkness - lights lit,Normal,Vehicle with vehicle collision,2,1,Going straight,Driver or rider,Male,31-50,3,unknown,unknown,Not a Pedestrian,No distancing,Slight Injury
17:45:00,Wednesday,18-30,Male,Junior high school,Employee,2-5yr,Automobile,Owner,unknown,No defect,Office areas,Two-way (divided with broken lines road marking),Tangent road with flat terrain,Crossing,Asphalt roads,Dry,Darkness - lights lit,Normal,Vehicle with vehicle collision,2,1,Going straight,Driver or rider,Male,Under 18,3,Driver,Normal,Not a Pedestrian,Driving carelessly,Slight Injury
19:15:00,Thursday,Unknown,Male,Junior high school,Owner,5-10yr,Pick up upto 10Q,Owner,2-5yrs,unknown,Office areas,Undivided Two way,Tangent road with flat terrain,Y Shape,Asphalt roads,Wet or damp,Darkness - lights lit,Raining,Vehicle with vehicle collision,1,1,Going straight,na,na,na,na,Driver,Normal,Not a Pedestrian,Changing lane to the left,Slight Injury
10:41:00,Friday,31-50,Male,High school,Employee,2-5yr,unknown,Owner,unknown,No defect,Other,Two-way (divided with broken lines road marking),Tangent road with flat terrain,Crossing,Asphalt roads,Dry,Daylight,Normal,Vehicle with vehicle collision,1,1,Reversing,na,na,na,na,Driver,Normal,Not a Pedestrian,No priority to vehicle,Slight Injury
21:15:00,Friday,31-50,Male,Junior high school,Employee,Above 10yr,Automobile,Owner,unknown,No defect,Other,Two-way (divided with broken lines road marking),Tangent road with flat terrain,Y Shape,Gravel roads,Dry,Darkness - lights lit,Normal,Vehicle with vehicle collision,2,1,Moving Backward,Driver or rider,Male,31-50,2,Driver,Normal,Not a Pedestrian,No priority to vehicle,Slight Injury
21:15:00,Friday,18-30,Male,Junior high school,Employee,Below 1yr,Public (12 seats),Governmental,Unknown,unknown,Residential areas,Two-way (divided with broken lines road marking),Tangent road with flat terrain,Y Shape,Asphalt roads,Dry,Darkness - lights lit,Normal,Collision with pedestrians,2,1,Overtaking,Pedestrian,Female,31-50,2,Self-employed,Normal,Not a Pedestrian,No distancing,Slight Injury
21:05:00,Sunday,31-50,Male,Junior high school,Employee,Below 1yr,Public (13?45 seats),Owner,1-2yr,No defect,Other,Undivided Two way,Tangent road with flat terrain,Crossing,Asphalt roads,Dry,Darkness - lights lit,Raining and Windy,Vehicle with vehicle collision,2,1,Going straight,Driver or rider,Male,31-50,3,Self-employed,Normal,Not a Pedestrian,Driving to the left,Slight Injury
21:05:00,Sunday,Unknown,Female,unknown,Owner,unknown,Lorry (11?40Q),Owner,unknown,No defect,Office areas,Undivided Two way,Tangent road with flat terrain,Crossing,Asphalt roads,Dry,Darkness - lights lit,Raining and Windy,Collision with roadside objects,2,1,Going straight,Driver or rider,Male,Over 51,3,Driver,Normal,Not a Pedestrian,Driving carelessly,Slight Injury
21:30:00,Saturday,Under 18,Male,Junior high school,Employee,2-5yr,Stationwagen,Owner,2-5yrs,No defect,Office areas,Undivided Two way,Tangent road with flat terrain,Crossing,Asphalt roads,Dry,Darkness - lights lit,Normal,Vehicle with vehicle collision,2,2,Going straight,Passenger,Female,Over 51,3,Driver,Normal,Not a Pedestrian,Driving carelessly,Slight Injury