Time,Day_of_week,Age_band_of_driver,Sex_of_driver,Educational_level,Vehicle_driver_relation,Driving_experience,Type_of_vehicle,Owner_of_vehicle,Service_year_of_vehicle,Defect_of_vehicle,Area_accident_occured,Lanes_or_Medians,Road_allignment,Types_of_Junction,Road_surface_type,Road_surface_conditions,Light_conditions,Weather_conditions,Type_of_collision,Number_of_vehicles_involved,Number_of_casualties,Vehicle_movement,Casualty_class,Sex_of_casualty,Age_band_of_casualty,Casualty_severity,Work_of_casuality,Fitness_of_casuality,Pedestrian_movement,Cause_of_accident,Accident_severity
21:30:00,Saturday,18-30,Male,unknown,unknown,unknown,Ridden horse,unknown,unknown,unknown,Other,Undivided Two way,Tangent road with flat terrain,Crossing,Asphalt roads,Dry,Darkness - lights lit,Normal,Vehicle with vehicle collision,2,2,Going straight,na,na,na,na,unknown,unknown,Not a Pedestrian,Changing lane to the right,Slight Injury
16:55:00,Wednesday,Unknown,Male,Elementary school,Employee,No Licence,Stationwagen,Owner,Unknown,unknown,Other,unknown,Tangent road with flat terrain,No junction,Asphalt roads,Dry,Daylight,Normal,Vehicle with vehicle collision,1,1,Going straight,Driver or rider,Female,18-30,3,Driver,Normal,Not a Pedestrian,Driving carelessly,Slight Injury
12:15:00,Monday,18-30,Male,Junior high school,Employee,Above 10yr,Automobile,Owner,Above 10yr,unknown,Other,Undivided Two way,Tangent road with flat terrain,Y Shape,Asphalt roads,Dry,Daylight,Normal,Vehicle with vehicle collision,2,1,Going straight,Pedestrian,Female,31-50,3,Driver,Normal,Unknown or other,Changing lane to the left,Slight Injury
12:15:00,Monday,31-50,Male,Junior high school,Owner,Above 10yr,Automobile,Owner,unknown,No defect,Office areas,unknown,Tangent road with flat terrain,Y Shape,Asphalt roads,Dry,Daylight,Normal,Vehicle with vehicle collision,2,1,Going straight,Driver or rider,Male,18-30,2,Driver,Normal,Not a Pedestrian,Driving carelessly,Slight Injury
17:35:00,Wednesday,Over 51,Male,Junior high school,Employee,Above 10yr,Other,Owner,Above 10yr,No defect,Office areas,Two-way (divided with broken lines road marking),Tangent road with flat terrain,Crossing,Asphalt roads,Dry,Darkness - lights lit,Normal,Vehicle with vehicle collision,2,1,Going straight,na,na,na,na,unknown,Normal,Not a Pedestrian,Driving carelessly,Slight Injury
17:35:00,Wednesday,31-50,Male,Junior high school,Employee,Above 10yr,Taxi,Owner,unknown,No defect,Other,Two-way (divided with broken lines road marking),Steep grade downward with mountainous terrain,Crossing,Asphalt roads,Dry,Darkness - lights lit,Normal,Vehicle with vehicle collision,2,1,Going straight,na,na,na,na,unknown,unknown,Not a Pedestrian,Driving under the influence of drugs,Slight Injury
9:51:00,Tuesday,31-50,Male,Junior high school,Owner,5-10yr,Automobile,Owner,Above 10yr,No defect, Church areas,other,Tangent road with flat terrain,Crossing,Asphalt roads,Dry,Daylight,Normal,Vehicle with vehicle collision,2,1,Going straight,Driver or rider,Male,31-50,3,Driver,Normal,Not a Pedestrian,Driving carelessly,Slight Injury
9:51:00,Tuesday,31-50,Male,Junior high school,Employee,Below 1yr,Stationwagen,Governmental,unknown,No defect, Industrial areas,Undivided Two way,Tangent road with flat terrain,Crossing,Asphalt roads,Dry,Daylight,Normal,Vehicle with vehicle collision,2,1,Going straight,Pedestrian,Male,Under 18,1,Driver,Normal,Crossing from nearside - masked by parked or statioNot a Pedestrianry vehicle,No distancing,Slight Injury
16:20:00,Wednesday,31-50,Male,Junior high school,Employee,2-5yr,Automobile,Organization,2-5yrs,unknown,Other,Undivided Two way,Tangent road with flat terrain,Y Shape,Asphalt roads,Dry,Daylight,Normal,Collision with roadside objects,2,1,Other,Driver or rider,Male,Under 18,3,Self-employed,Normal,Not a Pedestrian,Driving carelessly,Slight Injury
16:20:00,Wednesday,18-30,Male,Junior high school,Employee,unknown,Public (12 seats),Owner,5-10yrs,No defect,Other,Two-way (divided with broken lines road marking),Tangent road with flat terrain,Y Shape,Asphalt roads,Dry,Daylight,Normal,Vehicle with vehicle collision,2,1,Going straight,na,na,na,na,Driver,Normal,Not a Pedestrian,Driving to the left,Slight Injury
2:19:00,Thursday,Unknown,Female,Above high school,Employee,1-2yr,unknown,Owner,1-2yr,unknown,Office areas,Undivided Two way,Tangent road with mountainous terrain and,Y Shape,Asphalt roads,Dry,Darkness - lights lit,Normal,Collision with roadside objects,1,1,Moving Backward,na,na,na,na,Driver,Normal,Not a Pedestrian,Overtaking,Slight Injury
18:00:00,Wednesday,18-30,Male,Junior high school,Employee,1-2yr,Automobile,Owner,Unknown,No defect,Other,One way,Tangent road with flat terrain,Y Shape,Asphalt roads,Wet or damp,Darkness - lights lit,Raining,Vehicle with vehicle collision,2,1,Other,Driver or rider,Male,18-30,3,Driver,Normal,Not a Pedestrian,No distancing,Slight Injury
18:00:00,Wednesday,Unknown,Unknown,Junior high school,Employee,1-2yr,Lorry (41?100Q),Owner,Unknown,No defect,  Recreational areas,Undivided Two way,Steep grade downward with mountainous terrain,Y Shape,Asphalt roads,Wet or damp,Darkness - lights lit,Raining,Vehicle with vehicle collision,2,1,Going straight,Passenger,Female,18-30,3,unknown,unknown,Not a Pedestrian,Driving carelessly,Slight Injury
12:00:00,Sunday,18-30,Male,Unknown,Employee,5-10yr,unknown,Governmental,Unknown,No defect,Other,Two-way (divided with broken lines road marking),Steep grade downward with mountainous terrain,No junction,Other,Dry,Daylight,Normal,unknown,1,1,Going straight,Driver or rider,Male,18-30,3,Driver,Normal,Not a Pedestrian,No priority to vehicle,Slight Injury
19:31:00,Thursday,18-30,Male,Junior high school,Employee,Above 10yr,Public (> 45 seats),Governmental,5-10yrs,No defect, Church areas,Two-way (divided with broken lines road marking),Tangent road with flat terrain,No junction,Asphalt roads,Wet or damp,Darkness - lights lit,Raining,Collision with pedestrians,2,1,Going straight,na,na,na,na,Driver,Normal,Not a Pedestrian,No priority to vehicle,Slight Injury
19:31:00,Thursday,Unknown,Male,Junior high school,Employee,Above 10yr,unknown,Owner,unknown,unknown,Residential areas,Undivided Two way,Tangent road with flat terrain,No junction,Asphalt roads,Wet or damp,Darkness - lights lit,Raining,Vehicle with vehicle collision,2,1,Going straight,Driver or rider,Male,31-50,3,Self-employed,Normal,Not a Pedestrian,No priority to vehicle,Slight Injury
15:33:00,Thursday,Unknown,Male,Junior high school,Employee,5-10yr,Public (12 seats),Owner,5-10yrs,No defect,Office areas,Two-way (divided with broken lines road marking),unknown,Crossing,Asphalt roads,Dry,Daylight,Normal,Vehicle with vehicle collision,2,1,Going straight,na,na,na,na,unknown,Normal,Not a Pedestrian,No priority to vehicle,Slight Injury
15:33:00,Thursday,Unknown,Male,Junior high school,Employee,2-5yr,Public (12 seats),Owner,2-5yrs,No defect,Other,Two-way (divided with broken lines road marking),Tangent road with flat terrain,Crossing,Asphalt roads,Dry,Daylight,Normal,Vehicle with vehicle collision,2,1,Going straight,Pedestrian,Male,Over 51,3,unknown,unknown,Not a Pedestrian,No distancing,Slight Injury
14:50:00,Friday,Over 51,Male,Junior high school,Employee,Below 1yr,Automobile,Governmental,2-5yrs,unknown,Office areas,Undivided Two way,Tangent road with flat terrain,Y Shape,Asphalt roads,Dry,Daylight,Normal,Collision with pedestrians,1,1,Going straight,Pedestrian,Male,Under 18,3,Driver,Normal,Crossing from nearside - masked by parked or statioNot a Pedestrianry vehicle,Moving Backward,Slight Injury
10:50:00,Saturday,31-50,Male,Junior high school,Employee,1-2yr,unknown,Owner,unknown,unknown,Office areas,other,Tangent road with flat terrain,Y Shape,Asphalt roads,Wet or damp,Daylight,Windy,Collision with roadside objects,1,1,Going straight,Pedestrian,Female,Under 18,3,Driver,Normal,Unknown or other,No distancing,Slight Injury
18:52:00,Saturday,31-50,Male,Junior high school,Employee,5-10yr,Automobile,Owner,unknown,No defect,Other,One way,Escarpments,No junction,Asphalt roads,Wet or damp,Darkness - lights lit,Normal,unknown,1,1,Going straight,na,na,na,na,Driver,Normal,Not a Pedestrian,Changing lane to the left,Slight Injury
16:50:00,Saturday,18-30,Male,Junior high school,Employee,Below 1yr,Lorry (41?100Q),Owner,unknown,No defect,Residential areas,Undivided Two way,Tangent road with flat terrain,Y Shape,Other,Dry,Darkness - lights lit,Normal,Vehicle with vehicle collision,2,1,Other,Driver or rider,Male,18-30,2,unknown,unknown,Not a Pedestrian,Changing lane to the left,Slight Injury
16:50:00,Saturday,31-50,Male,Elementary school,Employee,5-10yr,Public (12 seats),Owner,unknown,No defect,  Recreational areas,One way,Tangent road with flat terrain,Y Shape,Asphalt roads,Dry,Darkness - lights lit,Normal,unknown,2,1,Reversing,Pedestrian,Male,Under 18,3,Driver,Normal,Crossing from nearside - masked by parked or statioNot a Pedestrianry vehicle,No priority to pedestrian,Slight Injury
9:55:00,Saturday,31-50,Male,Junior high school,Employee,2-5yr,Lorry (11?40Q),Owner,unknown,No defect, Church areas,Undivided Two way,Tangent road with flat terrain,Y Shape,Asphalt roads,Dry,Daylight,Normal,unknown,1,1,Other,Driver or rider,Female,Under 18,3,Self-employed,Normal,Not a Pedestrian,Moving Backward,Slight Injury
9:10:00,Friday,31-50,Male,Junior high school,Employee,5-10yr,Automobile,Owner,unknown,No defect,Other,One way,Tangent road with flat terrain,No junction,Asphalt roads,Wet or damp,Daylight,Raining,unknown,2,1,Other,Driver or rider,Female,18-30,3,Self-employed,Normal,Not a Pedestrian,Changing lane to the left,Slight Injury
9:10:00,Friday,31-50,Male,Elementary school,Employee,5-10yr,Automobile,Owner,unknown,No defect,Other,Undivided Two way,Tangent road with flat terrain,No junction,Asphalt roads,Wet or damp,Daylight,Raining,Vehicle with vehicle collision,2,1,Reversing,Pedestrian,Male,Over 51,3,unknown,unknown,Crossing from offside - masked by  parked or statioNot a Pedestrianry vehicle,No distancing,Slight Injury
18:09:00,Monday,Over 51,Male,Junior high school,Employee,Above 10yr,Automobile,Owner,Unknown,No defect,Other,Two-way (divided with broken lines road marking),Tangent road with flat terrain,Crossing,Asphalt roads,Dry,Darkness - lights lit,Normal,Vehicle with vehicle collision,2,2,Going straight,Pedestrian,Female,31-50,3,unknown,Normal,Crossing from offside - masked by  parked or statioNot a Pedestrianry vehicle,No priority to vehicle,Slight Injury
18:09:00,Monday,18-30,Male,Junior high school,Employee,1-2yr,Bajaj,Governmental,unknown,No defect,Residential areas,other,Tangent road with flat terrain,Crossing,Asphalt roads,Dry,Darkness - lights lit,Normal,Collision with roadside objects,2,2,Going straight,na,na,na,na,Driver,Normal,Not a Pedestrian,Changing lane to the right,Slight Injury
18:09:00,Monday,18-30,Male,High school,Employee,Below 1yr,Public (12 seats),Owner,Above 10yr,No defect,School areas,other,Tangent road with flat terrain,Crossing,Asphalt roads,Dry,Darkness - lights lit,Normal,Collision with roadside objects,2,2,Going straight,Driver or rider,Male,18-30,3,Driver,Normal,Not a Pedestrian,No distancing,Slight Injury
12:55:00,Monday,31-50,Male,Elementary school,Employee,Above 10yr,Lorry (11?40Q),Owner,Above 10yr,No defect, Church areas,Two-way (divided with broken lines road marking),Tangent road with flat terrain,Y Shape,Asphalt roads,Dry,Daylight,Normal,Vehicle with vehicle collision,1,1,Going straight,Pedestrian,Male,Over 51,2,unknown,unknown,Crossing from nearside - masked by parked or statioNot a Pedestrianry vehicle,No distancing,Slight Injury
18:00:00,Tuesday,18-30,Male,High school,Owner,1-2yr,unknown,Owner,Above 10yr,No defect,Other,other,Tangent road with flat terrain,Y Shape,unknown,Dry,Darkness - lights lit,Normal,Vehicle with vehicle collision,2,1,Turnover,Passenger,Female,31-50,3,Driver,Normal,Not a Pedestrian,Getting off the vehicle improperly,Slight Injury
18:00:00,Tuesday,18-30,Male,Junior high school,Employee,2-5yr,unknown,Owner,Below 1yr,unknown,Other,Two-way (divided with broken lines road marking),Tangent road with flat terrain,Y Shape,Other,Dry,Darkness - lights lit,Normal,Vehicle with vehicle collision,2,1,Going straight,Passenger,Female,31-50,3,Self-employed,Normal,Not a Pedestrian,No priority to pedestrian,Slight Injury
11:30:00,Tuesday,31-50,Male,unknown,Employee,5-10yr,Automobile,Owner,2-5yrs,unknown,Office areas,Undivided Two way,Tangent road with flat terrain,Y Shape,Asphalt roads,Dry,Daylight,Normal,Vehicle with vehicle collision,1,1,Going straight,na,na,na,na,Self-employed,Normal,Not a Pedestrian,Changing lane to the left,Slight Injury
10:30:00,Wednesday,31-50,Male,High school,Owner,2-5yr,Lorry (11?40Q),Owner,2-5yrs,unknown,Office areas,Two-way (divided with broken lines road marking),Tangent road with flat terrain,Y Shape,Asphalt roads,Dry,Daylight,Normal,Vehicle with vehicle collision,1,1,Going straight,Pedestrian,Male,Over 51,3,Self-employed,Normal,Not a Pedestrian,No distancing,Slight Injury
18:36:00,Thursday,31-50,Male,High school,Employee,Above 10yr,Lorry (41?100Q),Owner,2-5yrs,No defect,Other,Undivided Two way,Tangent road with flat terrain,Other,Asphalt roads,Dry,Darkness - lights lit,Normal,Rollover,2,1,Going straight,Driver or rider,Male,31-50,3,unknown,unknown,Not a Pedestrian,Driving carelessly,Slight Injury
18:36:00,Thursday,31-50,Male,Junior high school,Employee,1-2yr,Pick up upto 10Q,Owner,Below 1yr,No defect, Hospital areas,Undivided Two way,Tangent road with flat terrain,Other,Asphalt roads,Dry,Darkness - lights lit,Normal,Vehicle with vehicle collision,2,1,Going straight,na,na,na,na,Self-employed,Normal,Not a Pedestrian,No distancing,Slight Injury
18:35:00,Sunday,18-30,Male,Elementary school,Employee,1-2yr,Lorry (11?40Q),Owner,2-5yrs,unknown,Other,Undivided Two way,Tangent road with flat terrain,Y Shape,Asphalt roads with some distress,Dry,Darkness - lights lit,Normal,Collision with roadside objects,1,1,Moving Backward,na,na,na,na,Self-employed,Normal,Not a Pedestrian,Changing lane to the right,Slight Injury
9:13:00,Friday,Over 51,Male,High school,Employee,1-2yr,Stationwagen,Owner,unknown,unknown,Other,Two-way (divided with broken lines road marking),Tangent road with flat terrain,Y Shape,unknown,Dry,Daylight,Normal,Collision with pedestrians,2,1,Going straight,Driver or rider,Female,Over 51,3,Driver,Deaf,Not a Pedestrian,Overtaking,Slight Injury
9:13:00,Friday,31-50,Male,Above high school,Employee,5-10yr,Other,Owner,unknown,unknown,Other,Undivided Two way,Tangent road with flat terrain,Y Shape,Asphalt roads,Dry,Daylight,Normal,Vehicle with vehicle collision,2,1,Going straight,na,na,na,na,Driver,Normal,Not a Pedestrian,Driving carelessly,Slight Injury
13:15:00,Friday,18-30,Male,unknown,unknown,unknown,Other,unknown,unknown,unknown,Other,Double carriageway (median),Tangent road with flat terrain,Crossing,Asphalt roads,Wet or damp,Daylight,Windy,Vehicle with vehicle collision,1,1,Turnover,na,na,na,na,Self-employed,Normal,Not a Pedestrian,Moving Backward,Slight Injury
0:19:00,Sunday,Unknown,Male,Junior high school,Employee,5-10yr,Lorry (11?40Q),Governmental,unknown,No defect,Other,Two-way (divided with broken lines road marking),Tangent road with mild grade and flat terrain,No junction,Asphalt roads,Dry,Darkness - lights lit,Normal,Vehicle with vehicle collision,1,1,Going straight,Driver or rider,Male,18-30,2,Self-employed,Normal,Not a Pedestrian,No distancing,Slight Injury
13:30:00,Monday,Unknown,Male,Elementary school,Owner,5-10yr,unknown,Owner,Above 10yr,No defect, Hospital areas,Two-way (divided with broken lines road marking),Tangent road with flat terrain,Crossing,Asphalt roads,Dry,Daylight,Normal,Vehicle with vehicle collision,2,3,Going straight,na,na,na,na,Driver,Normal,Not a Pedestrian,Overtaking,Slight Injury
13:30:00,Monday,Unknown,Male,Elementary school,Employee,5-10yr,Automobile,unknown,Above 10yr,No defect,Other,Two-way (divided with broken lines road marking),Tangent road with flat terrain,Crossing,Earth roads,Dry,Daylight,Normal,Vehicle with vehicle collision,2,3,Going straight,Driver or rider,Male,18-30,3,Driver,Normal,Not a Pedestrian,Driving carelessly,Slight Injury
13:30:00,Monday,Under 18,Male,High school,Owner,5-10yr,Lorry (41?100Q),Owner,unknown,No defect,Other,One way,Tangent road with flat terrain,Crossing,Asphalt roads,Dry,Daylight,Normal,Vehicle with vehicle collision,2,3,Going straight,Passenger,Female,18-30,3,unknown,unknown,Not a Pedestrian,Driving carelessly,Slight Injury
15:53:00,Monday,31-50,Male,Junior high school,Employee,5-10yr,Other,Owner,2-5yrs,No defect,Other,Two-way (divided with broken lines road marking),Tangent road with mild grade and flat terrain,Y Shape,Asphalt roads,Dry,Darkness - lights lit,Normal,Vehicle with vehicle collision,2,1,Going straight,Pedestrian,Female,Under 18,3,Driver,Normal,Not a Pedestrian,Moving Backward,Slight Injury
15:53:00,Monday,18-30,Male,Junior high school,Owner,1-2yr,Lorry (41?100Q),Owner,unknown,unknown,Office areas,Two-way (divided with broken lines road marking),Tangent road with flat terrain,Y Shape,Asphalt roads,Dry,Darkness - lights lit,Normal,Collision with roadside objects,2,1,Going straight,Driver or rider,Male,18-30,3,Driver,Normal,Not a Pedestrian,Driving carelessly,Slight Injury
17:12:00,Thursday,Unknown,Female,Junior high school,Employee,2-5yr,Automobile,Owner,Unknown,unknown,Residential areas,Two-way (divided with broken lines road marking),Tangent road with flat terrain,No junction,Asphalt roads,Dry,Darkness - lights lit,Normal,Rollover,2,1,Moving Backward,Driver or rider,Male,Over 51,3,Student,Normal,Not a Pedestrian,Driving to the left,Slight Injury
17:12:00,Thursday,31-50,Male,Junior high school,Owner,5-10yr,Pick up upto 10Q,Owner,2-5yrs,No defect,Other,Two-way (divided with broken lines road marking),Tangent road with flat terrain,No junction,Asphalt roads,Dry,Darkness - lights lit,Normal,Vehicle with vehicle collision,2,1,Going straight,na,na,na,na,Employee,Normal,Not a Pedestrian,Changing lane to the left,Slight Injury
17:40:00,Monday,31-50,Male,Junior high school,Owner,Above 10yr,Lorry (41?100Q),Owner,Unknown,unknown,Residential areas,Two-way (divided with broken lines road marking),Tangent road with flat terrain,Y Shape,Asphalt roads,Dry,Darkness - lights lit,Normal,Collision with pedestrians,2,1,Going straight,Driver or rider,Female,31-50,3,Driver,Normal,Not a Pedestrian,No distancing,Slight Injury
17:40:00,Monday,Unknown,Male,High school,Employee,5-10yr,Public (13?45 seats),Owner,Unknown,unknown,Other,Undivided Two way,Tangent road with flat terrain,Y Shape,Asphalt roads,Dry,Darkness - lights lit,Normal,Vehicle with vehicle collision,2,1,Going straight,Pedestrian,Male,Over 51,2,Other,Normal,Not a Pedestrian,No distancing,Slight Injury
5:17:00,Wednesday,18-30,Male,High school,Owner,2-5yr,Long lorry,Owner,2-5yrs,unknown,Residential areas,Double carriageway (median),Tangent road with flat terrain,Y Shape,Asphalt roads,Wet or damp,Darkness - lights lit,Other,Vehicle with vehicle collision,2,2,Going straight,Driver or rider,Male,18-30,3,unknown,Normal,Not a Pedestrian,Changing lane to the right,Slight Injury
5:17:00,Wednesday,18-30,Male,Junior high school,Employee,5-10yr,Automobile,Owner,unknown,unknown,Office areas,Two-way (divided with broken lines road marking),Tangent road with flat terrain,Y Shape,Asphalt roads,Wet or damp,Darkness - lights lit,Other,Collision with pedestrians,2,2,Moving Backward,Driver or rider,Female,18-30,3,unknown,unknown,Not a Pedestrian,Driving under the influence of drugs,Slight Injury
17:55:00,Wednesday,31-50,Male,Elementary school,Employee,2-5yr,Automobile,Owner,5-10yrs,unknown,Office areas,Two-way (divided with broken lines road marking),Tangent road with mild grade and flat terrain,Y Shape,Asphalt roads,Wet or damp,Darkness - lights lit,Normal,Collision with pedestrians,1,1,Going straight,Pedestrian,Female,Over 51,2,unknown,unknown,Crossing from nearside - masked by parked or statioNot a Pedestrianry vehicle,Changing lane to the right,Slight Injury
7:30:00,Friday,18-30,Male,Elementary school,Employee,5-10yr,Other,Owner,Unknown,unknown,Office areas,Double carriageway (median),Tangent road with flat terrain,No junction,Asphalt roads,Dry,Daylight,Normal,Vehicle with vehicle collision,2,1,Other,Pedestrian,Female,Over 51,3,Employee,unknown,Unknown or other,Changing lane to the left,Slight Injury
7:30:00,Friday,Unknown,Male,Junior high school,Employee,1-2yr,unknown,Owner,unknown,unknown,  Recreational areas,Two-way (divided with broken lines road marking),Tangent road with flat terrain,No junction,Gravel roads,Dry,Daylight,Normal,Vehicle with vehicle collision,2,1,Other,Driver or rider,Male,18-30,3,Driver,unknown,Not a Pedestrian,Moving Backward,Slight Injury
18:50:00,Tuesday,18-30,Male,Junior high school,Employee,5-10yr,Long lorry,Owner,unknown,unknown,Other,Two-way (divided with broken lines road marking),Tangent road with flat terrain,Crossing,Asphalt roads,Dry,Darkness - lights lit,Normal,Vehicle with vehicle collision,2,1,Going straight,Driver or rider,Male,31-50,3,Driver,unknown,Not a Pedestrian,No distancing,Slight Injury
18:50:00,Tuesday,Unknown,Male,unknown,unknown,unknown,Public (12 seats),Owner,unknown,unknown,Other,other,Tangent road with flat terrain,Crossing,Asphalt roads,Dry,Darkness - lights lit,Normal,Vehicle with vehicle collision,2,1,Going straight,Pedestrian,Female,Over 51,2,Driver,unknown,Not a Pedestrian,Changing lane to the right,Slight Injury
15:50:00,Thursday,31-50,Male,Elementary school,Employee,Above 10yr,Public (12 seats),Owner,5-10yrs,unknown,Other,Two-way (divided with broken lines road marking),Tangent road with flat terrain,Y Shape,Asphalt roads,Dry,Daylight,Normal,Vehicle with vehicle collision,1,2,Going straight,Pedestrian,Male,Over 51,3,Self-employed,Normal,Not a Pedestrian,Moving Backward,Slight Injury
15:50:00,Thursday,31-50,Male,Elementary school,Employee,Below 1yr,Other,Owner,unknown,unknown,Other,Double carriageway (median),Tangent road with flat terrain,Y Shape,Asphalt roads,Dry,Daylight,Normal,Collision with roadside objects,1,2,Going straight,Passenger,Female,Over 51,3,Driver,Normal,Not a Pedestrian,No distancing,Slight Injury
6:30:00,Tuesday,31-50,Male,Junior high school,Employee,2-5yr,Other,Owner,2-5yrs,No defect,Other,Undivided Two way,Tangent road with mountainous terrain and,Crossing,Asphalt roads,Wet or damp,Darkness - lights lit,Raining,Vehicle with vehicle collision,2,1,Other,na,na,na,na,Other,Normal,Not a Pedestrian,Driving to the left,Slight Injury
6:30:00,Tuesday,31-50,Male,Elementary school,Owner,1-2yr,Other,Owner,2-5yrs,No defect,Office areas,Two-way (divided with broken lines road marking),Tangent road with flat terrain,Crossing,Asphalt roads,Wet or damp,Darkness - lights lit,Raining,Vehicle with vehicle collision,2,1,Going straight,Pedestrian,Male,18-30,3,unknown,unknown,Crossing from nearside - masked by parked or statioNot a Pedestrianry vehicle,Driving to the left,Slight Injury
20:10:00,Monday,Unknown,Male,Junior high school,Owner,5-10yr,Public (12 seats),Owner,Above 10yr,No defect,Office areas,Two-way (divided with broken lines road marking),Tangent road with flat terrain,Y Shape,Asphalt roads,Wet or damp,Darkness - lights lit,Normal,Vehicle with vehicle collision,1,1,Getting off,na,na,na,na,Driver,Normal,Not a Pedestrian,Moving Backward,Slight Injury
23:07:00,Thursday,Unknown,Female,Junior high school,Employee,2-5yr,Lorry (41?100Q),Owner,Unknown,No defect,Office areas,One way,Tangent road with flat terrain,Crossing,Asphalt roads,Dry,Darkness - lights lit,Normal,Vehicle with vehicle collision,2,1,Going straight,Driver or rider,Male,Over 51,3,Self-employed,Normal,Not a Pedestrian,Moving Backward,Slight Injury
23:07:00,Thursday,18-30,Male,Junior high school,Employee,2-5yr,Other,Owner,Above 10yr,No defect,Residential areas,Double carriageway (median),Tangent road with flat terrain,Crossing,Asphalt roads,Dry,Darkness - lights lit,Normal,Vehicle with vehicle collision,2,1,Going straight,Pedestrian,Male,31-50,2,Self-employed,Normal,Not a Pedestrian,Overtaking,Slight Injury
16:10:00,Sunday,Unknown,Female,High school,Employee,2-5yr,Public (12 seats),Governmental,Below 1yr,No defect,  Recreational areas,Two-way (divided with broken lines road marking),Tangent road with flat terrain,Y Shape,Asphalt roads,Dry,Daylight,Normal,Vehicle with vehicle collision,1,1,Going straight,na,na,na,na,Self-employed,Normal,Not a Pedestrian,Driving carelessly,Slight Injury
15:45:00,Saturday,31-50,Male,Junior high school,Employee,Above 10yr,Other,Owner,Unknown,No defect, Church areas,Double carriageway (median),Tangent road with flat terrain,Y Shape,Asphalt roads,Dry,Darkness - lights lit,Normal,Vehicle with vehicle collision,2,1,Going straight,Driver or rider,Male,31-50,3,unknown,Other,Not a Pedestrian,Changing lane to the left,Slight Injury
15:45:00,Saturday,31-50,Male,Junior high school,Employee,2-5yr,Lorry (11?40Q),Owner,Unknown,No defect,Office areas,Undivided Two way,Tangent road with flat terrain,Y Shape,Asphalt roads,Dry,Darkness - lights lit,Normal,Vehicle with vehicle collision,2,1,Going straight,na,na,na,na,Driver,Blind,Not a Pedestrian,Driving under the influence of drugs,Slight Injury
9:48:00,Saturday,Unknown,Male,Junior high school,Employee,1-2yr,Other,Owner,Unknown,No defect,Other,Two-way (divided with broken lines road marking),Tangent road with flat terrain,No junction,Asphalt roads,Dry,Daylight,Normal,Vehicle with vehicle collision,1,1,Going straight,Driver or rider,Male,31-50,3,Driver,Normal,Not a Pedestrian,No distancing,Slight Injury
22:00:00,Saturday,31-50,Male,Junior high school,Employee,2-5yr,Other,Owner,unknown,unknown,Residential areas,other,Steep grade downward with mountainous terrain,Y Shape,Asphalt roads,Dry,Darkness - no lighting,Normal,Vehicle with vehicle collision,2,1,Moving Backward,na,na,na,na,Self-employed,Normal,Not a Pedestrian,Moving Backward,Slight Injury
22:00:00,Saturday,31-50,Male,Junior high school,Employee,5-10yr,Other,Owner,unknown,No defect,School areas,other,Tangent road with flat terrain,Y Shape,Asphalt roads,Dry,Darkness - no lighting,Normal,Vehicle with vehicle collision,2,1,Going straight,Driver or rider,Female,18-30,3,Driver,Normal,Not a Pedestrian,Changing lane to the left,Slight Injury
11:05:00,Friday,Over 51,Male,Junior high school,Employee,1-2yr,Pick up upto 10Q,Owner,1-2yr,No defect,Office areas,Two-way (divided with broken lines road marking),Tangent road with flat terrain,Y Shape,Asphalt roads,Dry,Daylight,Normal,Vehicle with vehicle collision,2,1,Other,Driver or rider,Female,31-50,3,Driver,Normal,Not a Pedestrian,Changing lane to the right,Slight Injury
11:05:00,Friday,18-30,Male,Elementary school,Employee,1-2yr,Automobile,Owner,Above 10yr,No defect,Other,other,Tangent road with flat terrain,Y Shape,Asphalt roads,Dry,Daylight,Normal,Vehicle with vehicle collision,2,1,Going straight,Passenger,Male,Under 18,3,Driver,Normal,Not a Pedestrian,No distancing,Slight Injury
15:00:00,Thursday,Unknown,Male,Junior high school,Employee,2-5yr,Other,Owner,Unknown,No defect,Other,Two-way (divided with broken lines road marking),Tangent road with flat terrain,Y Shape,Asphalt roads,Dry,Daylight,Normal,Vehicle with vehicle collision,2,1,Going straight,na,na,na,na,Driver,Normal,Not a Pedestrian,Driving at high speed,Slight Injury
15:00:00,Thursday,18-30,Male,Junior high school,Employee,Above 10yr,Lorry (41?100Q),Organization,2-5yrs,unknown,Office areas,Two-way (divided with broken lines road marking),Tangent road with mountainous terrain and,Y Shape,Asphalt roads,Dry,Daylight,Normal,Vehicle with vehicle collision,2,1,Going straight,Driver or rider,Male,18-30,2,Driver,Normal,Not a Pedestrian,Changing lane to the right,Slight Injury
18:55:00,Monday,Unknown,Male,Junior high school,Employee,Below 1yr,Public (13?45 seats),Owner,unknown,unknown,Office areas,Two-way (divided with broken lines road marking),Tangent road with flat terrain,No junction,Asphalt roads,Dry,Darkness - lights lit,Normal,Collision with roadside objects,2,1,Going straight,na,na,na,na,Driver,Normal,Not a Pedestrian,No priority to vehicle,Slight Injury
18:55:00,Monday,18-30,Male,Junior high school,Employee,Above 10yr,Automobile,Owner,5-10yrs,unknown,Other,Undivided Two way,Tangent road with flat terrain,No junction,Asphalt roads,Dry,Darkness - lights lit,Normal,Vehicle with vehicle collision,2,1,unknown,na,na,na,na,unknown,Normal,Not a Pedestrian,No distancing,Slight Injury