Time,Day_of_week,Age_band_of_driver,Sex_of_driver,Educational_level,Vehicle_driver_relation,Driving_experience,Type_of_vehicle,Owner_of_vehicle,Service_year_of_vehicle,Defect_of_vehicle,Area_accident_occured,Lanes_or_Medians,Road_allignment,Types_of_Junction,Road_surface_type,Road_surface_conditions,Light_conditions,Weather_conditions,Type_of_collision,Number_of_vehicles_involved,Number_of_casualties,Vehicle_movement,Casualty_class,Sex_of_casualty,Age_band_of_casualty,Casualty_severity,Work_of_casuality,Fitness_of_casuality,Pedestrian_movement,Cause_of_accident,Accident_severity
18:41:00,Wednesday,31-50,Male,High school,Employee,No Licence,Stationwagen,Owner,Above 10yr,No defect,Other,other,Tangent road with flat terrain,Y Shape,Asphalt roads,Dry,Daylight,Normal,Collision with roadside objects,2,1,Going straight,Passenger,Female,Under 18,3,Driver,Normal,Not a Pedestrian,Changing lane to the right,Slight Injury
18:41:00,Wednesday,Unknown,Female,Junior high school,Owner,5-10yr,Public (12 seats),Owner,5-10yrs,unknown, Industrial areas,Undivided Two way,Tangent road with flat terrain,Y Shape,Asphalt roads,Dry,Daylight,Normal,Vehicle with vehicle collision,2,1,Reversing,Passenger,Female,Under 18,3,unknown,unknown,Not a Pedestrian,Changing lane to the right,Slight Injury
20:50:00,Thursday,31-50,Male,Junior high school,Employee,1-2yr,Public (12 seats),Owner,Unknown,No defect, Church areas,Two-way (divided with broken lines road marking),Tangent road with flat terrain,Y Shape,Asphalt roads,Dry,Daylight,Normal,Vehicle with vehicle collision,2,1,Turnover,Driver or rider,Female,18-30,3,unknown,unknown,Not a Pedestrian,Driving at high speed,Slight Injury
20:50:00,Thursday,31-50,Male,Junior high school,Employee,2-5yr,Automobile,Owner,unknown,No defect,Office areas,Two-way (divided with broken lines road marking),Tangent road with flat terrain,Y Shape,Asphalt roads,Dry,Daylight,Normal,Vehicle with vehicle collision,2,1,Going straight,Passenger,Female,18-30,3,unknown,unknown,Not a Pedestrian,No distancing,Slight Injury
18:55:00,Thursday,31-50,Male,Junior high school,Employee,5-10yr,Public (12 seats),Owner,unknown,No defect,Other,Two-way (divided with broken lines road marking),Tangent road with flat terrain,Y Shape,Asphalt roads,Dry,Daylight,Normal,Vehicle with vehicle collision,2,1,Going straight,Passenger,Male,Under 18,3,unknown,unknown,Not a Pedestrian,Changing lane to the right,Slight Injury
18:55:00,Thursday,18-30,Male,unknown,unknown,unknown,Public (12 seats),Owner,unknown,No defect,Office areas,Double carriageway (median),Tangent road with flat terrain,Y Shape,Asphalt roads,Dry,Daylight,Normal,Vehicle with vehicle collision,2,1,Going straight,Driver or rider,Male,31-50,3,Driver,Normal,Not a Pedestrian,Changing lane to the left,Slight Injury
15:10:00,Sunday,18-30,Male,unknown,unknown,unknown,Lorry (41?100Q),Owner,unknown,No defect,Office areas,Double carriageway (median),Tangent road with flat terrain,No junction,Gravel roads,Dry,Daylight,Normal,Vehicle with vehicle collision,2,1,Going straight,Pedestrian,Male,Under 18,3,Driver,Normal,Unknown or other,Getting off the vehicle improperly,Slight Injury
15:10:00,Sunday,18-30,Male,Junior high school,Employee,2-5yr,Automobile,Governmental,unknown,No defect,Office areas,Double carriageway (median),Tangent road with flat terrain,No junction,Asphalt roads,Dry,Daylight,Normal,Vehicle with vehicle collision,2,1,Getting off,Pedestrian,Female,Under 18,2,Driver,Normal,Crossing from nearside - masked by parked or statioNot a Pedestrianry vehicle,Other,Slight Injury
15:29:00,Monday,31-50,Male,Junior high school,Employee,Above 10yr,Lorry (41?100Q),Owner,unknown,No defect,Residential areas,Double carriageway (median),Tangent road with flat terrain,Crossing,Asphalt roads,Dry,Daylight,Normal,Collision with roadside objects,2,4,Going straight,Driver or rider,Female,31-50,3,Other,Normal,Not a Pedestrian,Other,Slight Injury
15:29:00,Monday,31-50,Male,Junior high school,Owner,Above 10yr,unknown,Owner,unknown,No defect,Office areas,Double carriageway (median),Tangent road with flat terrain,Crossing,Asphalt roads,Dry,Daylight,Normal,Collision with roadside objects,2,4,Going straight,Passenger,Female,Under 18,3,Driver,Normal,Not a Pedestrian,No distancing,Slight Injury
15:29:00,Monday,31-50,Male,unknown,unknown,unknown,Automobile,Owner,2-5yrs,unknown,Other,Undivided Two way,Tangent road with flat terrain,Crossing,Asphalt roads,Dry,Daylight,Normal,Collision with roadside objects,2,4,Going straight,Passenger,Female,Under 18,3,unknown,unknown,Not a Pedestrian,No priority to vehicle,Slight Injury
15:29:00,Monday,31-50,Male,Elementary school,Owner,Above 10yr,Stationwagen,Owner,2-5yrs,unknown, Industrial areas,One way,unknown,Crossing,Asphalt roads,Dry,Daylight,Normal,Vehicle with vehicle collision,2,4,Going straight,Passenger,Male,Under 18,3,Driver,Normal,Not a Pedestrian,Overtaking,Slight Injury
12:18:00,Friday,31-50,Male,unknown,unknown,unknown,unknown,Owner,unknown,No defect,Other,One way,Tangent road with flat terrain,Crossing,Asphalt roads,Dry,Daylight,Normal,Vehicle with vehicle collision,2,1,Going straight,Passenger,Male,Under 18,3,Driver,Normal,Not a Pedestrian,No priority to pedestrian,Slight Injury
12:18:00,Friday,18-30,Male,Junior high school,Owner,5-10yr,unknown,Owner,unknown,No defect,Office areas,Double carriageway (median),Tangent road with flat terrain,Crossing,Asphalt roads,Dry,Daylight,Normal,Vehicle with vehicle collision,2,1,Going straight,Driver or rider,Male,18-30,3,Unemployed,Normal,Not a Pedestrian,No distancing,Slight Injury
6:03:00,Friday,18-30,Male,Junior high school,Owner,Above 10yr,Automobile,Governmental,Unknown,unknown,Office areas,Two-way (divided with broken lines road marking),Tangent road with flat terrain,Crossing,Asphalt roads,Wet or damp,Daylight,Raining,Vehicle with vehicle collision,1,2,Going straight,na,na,na,na,Driver,Normal,Not a Pedestrian,Changing lane to the right,Slight Injury
6:03:00,Friday,18-30,Male,High school,Owner,Above 10yr,Stationwagen,Governmental,unknown,No defect,unknown,Double carriageway (median),Tangent road with flat terrain,Crossing,Asphalt roads,Wet or damp,Daylight,Raining,Collision with pedestrians,1,2,Going straight,Driver or rider,Male,18-30,3,Driver,Normal,Not a Pedestrian,Driving carelessly,Slight Injury
10:50:00,Tuesday,18-30,Male,unknown,unknown,unknown,Automobile,Owner,unknown,unknown,Other,unknown,Tangent road with flat terrain,Y Shape,Asphalt roads,Dry,Daylight,Normal,Collision with pedestrians,2,1,Going straight,na,na,na,na,Driver,Normal,Not a Pedestrian,Changing lane to the right,Slight Injury
10:50:00,Tuesday,Unknown,Female,Elementary school,Employee,5-10yr,Other,Owner,Unknown,unknown,Office areas,Double carriageway (median),Tangent road with flat terrain,Y Shape,Asphalt roads,Dry,Daylight,Normal,Vehicle with vehicle collision,2,1,Going straight,Driver or rider,Male,31-50,2,Driver,Normal,Not a Pedestrian,Overtaking,Slight Injury
19:20:00,Monday,31-50,Male,Elementary school,Owner,Above 10yr,Other,Owner,unknown,No defect,Office areas,Two-way (divided with broken lines road marking),Tangent road with flat terrain,Y Shape,Asphalt roads,Dry,Daylight,Normal,Vehicle with vehicle collision,2,1,Reversing,na,na,na,na,Employee,Normal,Not a Pedestrian,Other,Slight Injury
19:20:00,Monday,31-50,Male,Junior high school,Owner,Below 1yr,Automobile,Owner,5-10yrs,unknown,Office areas,Undivided Two way,Tangent road with flat terrain,Y Shape,Asphalt roads,Dry,Daylight,Normal,Vehicle with vehicle collision,2,1,Going straight,Driver or rider,Male,31-50,3,Driver,Normal,Not a Pedestrian,Driving to the left,Slight Injury
17:05:00,Monday,31-50,Male,Junior high school,Owner,2-5yr,Lorry (41?100Q),Owner,unknown,unknown,Other,Undivided Two way,Tangent road with flat terrain,No junction,Asphalt roads,Dry,Daylight,Normal,Vehicle with vehicle collision,1,1,Turnover,na,na,na,na,Self-employed,Normal,Not a Pedestrian,Driving at high speed,Serious Injury
12:15:00,Tuesday,18-30,Male,Junior high school,Owner,2-5yr,Lorry (41?100Q),Owner,unknown,No defect,Other,Undivided Two way,Tangent road with flat terrain,Crossing,Asphalt roads,Dry,Daylight,Normal,Vehicle with vehicle collision,2,1,Going straight,Passenger,Male,Over 51,3,Driver,Normal,Not a Pedestrian,Unknown,Slight Injury
12:15:00,Tuesday,Unknown,Male,High school,Owner,5-10yr,Lorry (41?100Q),Owner,unknown,No defect,  Recreational areas,Undivided Two way,Tangent road with flat terrain,Crossing,Asphalt roads,Dry,Daylight,Normal,Vehicle with vehicle collision,2,1,Going straight,Driver or rider,Male,18-30,3,Driver,Normal,Not a Pedestrian,Changing lane to the right,Slight Injury
8:35:00,Monday,Unknown,Female,Junior high school,Owner,unknown,Automobile,Owner,unknown,No defect, Church areas,Undivided Two way,Tangent road with flat terrain,Crossing,Asphalt roads,Dry,Daylight,Normal,Vehicle with vehicle collision,1,1,Going straight,Passenger,Female,Under 18,2,unknown,unknown,Not a Pedestrian,No distancing,Slight Injury
8:30:00,Monday,18-30,Male,unknown,Owner,Below 1yr,Automobile,Other,1-2yr,No defect,  Recreational areas,other,Tangent road with flat terrain,Y Shape,Asphalt roads,Wet or damp,Daylight,Other,Vehicle with vehicle collision,2,1,Going straight,na,na,na,na,Driver,Normal,Not a Pedestrian,Other,Slight Injury
8:30:00,Monday,18-30,Male,Elementary school,Owner,Above 10yr,Public (13?45 seats),Owner,5-10yrs,No defect,School areas,other,Tangent road with flat terrain,Y Shape,Asphalt roads,Wet or damp,Daylight,Other,Vehicle with vehicle collision,2,1,Reversing,Driver or rider,Male,Over 51,3,unknown,unknown,Not a Pedestrian,No priority to vehicle,Slight Injury
9:10:00,Wednesday,18-30,Male,Elementary school,Owner,Below 1yr,Public (13?45 seats),Owner,unknown,No defect, Church areas,Double carriageway (median),Tangent road with flat terrain,Y Shape,Asphalt roads,Dry,Daylight,Normal,Vehicle with vehicle collision,1,1,Going straight,na,na,na,na,unknown,unknown,Not a Pedestrian,Changing lane to the left,Serious Injury
7:29:00,Thursday,31-50,Male,Junior high school,Owner,5-10yr,Lorry (41?100Q),Owner,5-10yrs,unknown,Office areas,unknown,Tangent road with flat terrain,Y Shape,Earth roads,Dry,Daylight,Normal,Collision with roadside objects,1,1,Turnover,Driver or rider,Male,Over 51,3,unknown,Normal,Not a Pedestrian,No priority to pedestrian,Slight Injury
17:46:00,Wednesday,18-30,Male,Junior high school,Owner,5-10yr,Lorry (41?100Q),Owner,2-5yrs,unknown,Residential areas,One way,Steep grade downward with mountainous terrain,Y Shape,Asphalt roads,Dry,Daylight,Normal,Rollover,2,1,Going straight,na,na,na,na,Driver,Normal,Not a Pedestrian,Overtaking,Slight Injury
17:46:00,Wednesday,Over 51,Male,unknown,Owner,unknown,Public (12 seats),Owner,unknown,No defect,Other,One way,Tangent road with flat terrain,Y Shape,Asphalt roads,Dry,Daylight,Normal,Vehicle with vehicle collision,2,1,Going straight,Driver or rider,Male,Over 51,3,Driver,Normal,Not a Pedestrian,Driving carelessly,Slight Injury
8:40:00,Monday,Unknown,Female,Junior high school,Employee,1-2yr,Other,Owner,unknown,No defect,Other,Undivided Two way,Tangent road with flat terrain,Y Shape,Asphalt roads,Dry,Daylight,Normal,Vehicle with vehicle collision,1,1,Going straight,Passenger,Male,Over 51,3,Driver,Normal,Not a Pedestrian,No priority to vehicle,Slight Injury
7:30:00,Monday,Under 18,Male,High school,Owner,5-10yr,Lorry (41?100Q),Governmental,1-2yr,No defect, Industrial areas,One way,Tangent road with flat terrain,No junction,Asphalt roads,Dry,Daylight,Normal,Vehicle with vehicle collision,2,1,Going straight,Driver or rider,Male,Under 18,3,Driver,Normal,Not a Pedestrian,No priority to pedestrian,Slight Injury
7:30:00,Monday,Unknown,Female,Junior high school,Employee,5-10yr,Automobile,Governmental,1-2yr,No defect, Church areas,other,Steep grade downward with mountainous terrain,No junction,Asphalt roads,Dry,Daylight,Normal,Vehicle with vehicle collision,2,1,Going straight,Passenger,Female,31-50,3,Driver,Normal,Not a Pedestrian,Changing lane to the right,Slight Injury
14:15:00,Saturday,31-50,Male,Junior high school,Employee,5-10yr,Other,Organization,1-2yr,No defect,Office areas,other,Tangent road with flat terrain,Y Shape,Asphalt roads,Dry,Daylight,Normal,Vehicle with vehicle collision,2,1,Getting off,na,na,na,na,Driver,Normal,Not a Pedestrian,Driving carelessly,Serious Injury
14:15:00,Saturday,Unknown,Female,Junior high school,Employee,5-10yr,Motorcycle,Owner,Unknown,No defect,Office areas,Undivided Two way,Tangent road with flat terrain,Y Shape,Asphalt roads,Dry,Daylight,Normal,Collision with roadside objects,2,1,Moving Backward,Driver or rider,Male,18-30,3,Employee,Normal,Not a Pedestrian,Changing lane to the right,Serious Injury
21:00:00,Friday,31-50,Male,Junior high school,Employee,Above 10yr,Automobile,Owner,unknown,unknown,Office areas,Double carriageway (median),Tangent road with flat terrain,Y Shape,Gravel roads,Dry,Darkness - lights lit,Normal,Collision with roadside objects,2,1,Going straight,Passenger,Female,Under 18,3,unknown,Normal,Not a Pedestrian,Changing lane to the right,Serious Injury
21:00:00,Friday,18-30,Male,Junior high school,Employee,5-10yr,Automobile,Owner,2-5yrs,unknown,Other,Two-way (divided with broken lines road marking),Tangent road with flat terrain,Y Shape,Asphalt roads,Dry,Darkness - lights lit,Normal,Vehicle with vehicle collision,2,1,Turnover,Driver or rider,Male,Under 18,2,Driver,Normal,Not a Pedestrian,Changing lane to the left,Serious Injury
21:50:00,Wednesday,18-30,Male,Junior high school,Employee,No Licence,Lorry (41?100Q),Owner,unknown,unknown,Office areas,Undivided Two way,Tangent road with flat terrain,Crossing,Asphalt roads,Dry,Darkness - lights lit,Normal,Collision with roadside objects,2,1,Going straight,na,na,na,na,unknown,unknown,Not a Pedestrian,Overturning,Slight Injury
21:50:00,Wednesday,31-50,Male,Above high school,Employee,Below 1yr,Automobile,Owner,unknown,No defect,Other,Double carriageway (median),Tangent road with flat terrain,Crossing,Asphalt roads,Dry,Darkness - lights lit,Normal,Vehicle with vehicle collision,2,1,unknown,Driver or rider,Female,Over 51,2,Self-employed,Normal,Not a Pedestrian,Driving carelessly,Slight Injury
12:22:00,Tuesday,18-30,Male,Elementary school,Employee,5-10yr,Public (> 45 seats),Owner,Above 10yr,No defect, Industrial areas,Two-way (divided with broken lines road marking),Tangent road with flat terrain,Y Shape,Other,Dry,Daylight,Normal,Vehicle with vehicle collision,1,1,Going straight,na,na,na,na,unknown,unknown,Not a Pedestrian,No distancing,Slight Injury
21:55:00,Thursday,31-50,Male,Elementary school,Employee,5-10yr,Lorry (41?100Q),Owner,unknown,No defect,Residential areas,other,Tangent road with flat terrain,Y Shape,Asphalt roads,Dry,Darkness - lights lit,Normal,Vehicle with vehicle collision,1,1,Going straight,Driver or rider,Male,Under 18,3,Self-employed,Normal,Not a Pedestrian,Driving carelessly,Serious Injury
15:35:00,Saturday,31-50,Male,Junior high school,Employee,5-10yr,Public (> 45 seats),Owner,unknown,No defect,Other,Two-way (divided with broken lines road marking),Tangent road with flat terrain,Y Shape,Asphalt roads,Dry,Daylight,Normal,Vehicle with vehicle collision,2,1,Going straight,na,na,na,na,unknown,unknown,Not a Pedestrian,Changing lane to the left,Slight Injury
15:35:00,Saturday,Unknown,Female,High school,Employee,5-10yr,Lorry (41?100Q),Owner,5-10yrs,unknown,Other,One way,Tangent road with flat terrain,Y Shape,Asphalt roads,Dry,Daylight,Normal,Vehicle with vehicle collision,2,1,Going straight,Driver or rider,Male,31-50,3,Self-employed,Normal,Not a Pedestrian,No priority to vehicle,Slight Injury
10:23:00,Wednesday,31-50,Male,Junior high school,Employee,5-10yr,Lorry (41?100Q),Owner,1-2yr,No defect,Other,One way,Tangent road with flat terrain,No junction,Asphalt roads,Dry,Daylight,Normal,Vehicle with vehicle collision,2,1,Turnover,Driver or rider,Male,31-50,3,unknown,unknown,Not a Pedestrian,Changing lane to the right,Slight Injury
10:23:00,Wednesday,31-50,Male,Junior high school,Employee,2-5yr,Lorry (41?100Q),Owner,unknown,unknown,Other,Undivided Two way,Tangent road with flat terrain,No junction,Asphalt roads,Dry,Daylight,Normal,Collision with pedestrians,2,1,Turnover,Passenger,Male,Over 51,3,unknown,unknown,Not a Pedestrian,No distancing,Slight Injury
12:30:00,Wednesday,Under 18,Male,Writing & reading,Employee,5-10yr,Public (12 seats),Owner,Above 10yr,No defect,Residential areas,unknown,Tangent road with flat terrain,Y Shape,Asphalt roads,Dry,Daylight,Normal,Vehicle with vehicle collision,1,1,Going straight,Passenger,Female,18-30,3,Self-employed,Normal,Not a Pedestrian,Moving Backward,Slight Injury
1:05:00,Saturday,31-50,Male,Junior high school,Employee,Above 10yr,Public (12 seats),Owner,5-10yrs,No defect,Office areas,Undivided Two way,Tangent road with flat terrain,Crossing,Asphalt roads,Dry,Darkness - no lighting,Unknown,Collision with roadside objects,1,1,Getting off,na,na,na,na,Employee,Normal,Not a Pedestrian,Moving Backward,Slight Injury
9:30:00,Monday,Unknown,Female,Junior high school,Employee,1-2yr,Stationwagen,Owner,unknown,No defect,  Recreational areas,other,unknown,Y Shape,Asphalt roads,Dry,Daylight,Normal,Vehicle with vehicle collision,1,1,Getting off,na,na,na,na,Other,Normal,Not a Pedestrian,No distancing,Slight Injury
15:25:00,Saturday,Unknown,Male,Writing & reading,Employee,Below 1yr,Lorry (41?100Q),Governmental,unknown,No defect,Office areas,other,Tangent road with mild grade and flat terrain,Y Shape,Asphalt roads,Dry,Daylight,Normal,Collision with roadside objects,1,1,Going straight,Driver or rider,Male,31-50,3,Employee,Normal,Not a Pedestrian,No distancing,Slight Injury
8:33:00,Saturday,18-30,Male,Elementary school,Employee,1-2yr,Automobile,Owner,5-10yrs,No defect, Industrial areas,other,Tangent road with flat terrain,Crossing,Asphalt roads,Dry,Daylight,Normal,Vehicle with vehicle collision,3,1,Overtaking,na,na,na,na,unknown,unknown,Not a Pedestrian,No distancing,Slight Injury
8:33:00,Saturday,31-50,Male,Junior high school,Employee,5-10yr,Pick up upto 10Q,unknown,unknown,unknown,unknown,unknown,unknown,Crossing,Asphalt roads,Dry,Daylight,Normal,Vehicle with vehicle collision,3,1,Reversing,Passenger,Female,31-50,3,Employee,Normal,Not a Pedestrian,No priority to pedestrian,Slight Injury
8:33:00,Saturday,31-50,Male,Elementary school,Employee,Above 10yr,Automobile,Owner,unknown,No defect,Residential areas,Undivided Two way,Tangent road with flat terrain,Crossing,Asphalt roads,Dry,Daylight,Normal,Collision with pedestrians,3,1,Going straight,Driver or rider,Female,31-50,3,unknown,unknown,Not a Pedestrian,Driving carelessly,Slight Injury
8:55:00,Tuesday,18-30,Male,Junior high school,Employee,5-10yr,Public (13?45 seats),Governmental,Above 10yr,No defect,Residential areas,other,Tangent road with flat terrain,Y Shape,Asphalt roads,Dry,Daylight,Normal,Vehicle with vehicle collision,1,1,Getting off,Driver or rider,Female,18-30,3,Employee,Normal,Not a Pedestrian,Changing lane to the right,Serious Injury
10:30:00,Saturday,Unknown,Male,Elementary school,Employee,2-5yr,Public (> 45 seats),Owner,1-2yr,No defect, Industrial areas,other,Tangent road with flat terrain,No junction,Asphalt roads,Dry,Daylight,Normal,Vehicle with vehicle collision,1,1,Getting off,na,na,na,na,Employee,Normal,Not a Pedestrian,Changing lane to the left,Slight Injury
18:20:00,Wednesday,18-30,Male,Junior high school,Employee,2-5yr,Stationwagen,Owner,2-5yrs,No defect,Residential areas,Undivided Two way,Tangent road with flat terrain,Y Shape,Gravel roads,Dry,Daylight,Unknown,Vehicle with vehicle collision,2,1,Reversing,Driver or rider,Female,31-50,2,Employee,Normal,Not a Pedestrian,Driving carelessly,Slight Injury
18:20:00,Wednesday,Over 51,Male,Junior high school,Employee,Above 10yr,unknown,Owner,Unknown,No defect,Residential areas,other,Tangent road with flat terrain,Y Shape,Asphalt roads,Dry,Daylight,Unknown,Vehicle with vehicle collision,2,1,Turnover,na,na,na,na,Driver,Normal,Not a Pedestrian,Driving carelessly,Slight Injury
16:00:00,Tuesday,Unknown,Male,Junior high school,Employee,2-5yr,Lorry (41?100Q),Owner,unknown,No defect,Office areas,Undivided Two way,Tangent road with flat terrain,No junction,Asphalt roads,Dry,Daylight,Normal,Collision with pedestrians,1,1,Moving Backward,Driver or rider,Female,18-30,3,Driver,Normal,Not a Pedestrian,No distancing,Slight Injury
17:52:00,Saturday,18-30,Male,Junior high school,Owner,Below 1yr,Stationwagen,Owner,2-5yrs,No defect,Office areas,Double carriageway (median),Escarpments,Y Shape,Asphalt roads,Dry,Daylight,Normal,Vehicle with vehicle collision,2,2,Going straight,na,na,na,na,Student,Normal,Not a Pedestrian,Other,Slight Injury
17:52:00,Saturday,31-50,Male,Junior high school,Employee,2-5yr,Lorry (41?100Q),Owner,Above 10yr,No defect,Office areas,other,Tangent road with flat terrain,Y Shape,Other,Dry,Daylight,Normal,Vehicle with vehicle collision,2,2,Going straight,Driver or rider,Female,31-50,3,Driver,Normal,Not a Pedestrian,Changing lane to the right,Slight Injury
15:15:00,Friday,18-30,Male,Junior high school,Employee,Above 10yr,Public (12 seats),Owner,1-2yr,No defect,Office areas,Undivided Two way,Escarpments,Y Shape,Asphalt roads,Dry,Daylight,Normal,Vehicle with vehicle collision,2,1,Going straight,na,na,na,na,Self-employed,Normal,Not a Pedestrian,Changing lane to the right,Slight Injury
15:15:00,Friday,31-50,Male,Junior high school,Employee,2-5yr,Lorry (41?100Q),Owner,unknown,No defect,Office areas,One way,Tangent road with flat terrain,Y Shape,Other,Dry,Daylight,Normal,Vehicle with vehicle collision,2,1,Going straight,Driver or rider,Male,18-30,3,unknown,unknown,Not a Pedestrian,No distancing,Slight Injury
6:16:00,Friday,31-50,Male,Elementary school,Employee,Above 10yr,Other,Owner,unknown,No defect,Office areas,Undivided Two way,Tangent road with flat terrain,Y Shape,Asphalt roads,Dry,Daylight,Normal,Collision with roadside objects,2,1,Reversing,na,na,na,na,unknown,unknown,Not a Pedestrian,No distancing,Slight Injury
6:16:00,Friday,18-30,Male,Elementary school,Employee,Above 10yr,Stationwagen,Owner,unknown,No defect,Office areas,other,Tangent road with flat terrain,Y Shape,Asphalt roads,Dry,Daylight,Normal,Vehicle with vehicle collision,2,1,Going straight,Pedestrian,Female,Over 51,2,Driver,Normal,Unknown or other,Overturning,Slight Injury
7:45:00,Monday,18-30,Male,Elementary school,Other,Above 10yr,Automobile,Owner,Above 10yr,No defect,Residential areas,other,Tangent road with flat terrain,Crossing,Asphalt roads,Dry,Daylight,Normal,Vehicle with vehicle collision,2,1,Going straight,na,na,na,na,Driver,Normal,Not a Pedestrian,Driving at high speed,Slight Injury
7:45:00,Monday,31-50,Male,Junior high school,Employee,Above 10yr,Public (> 45 seats),Owner,5-10yrs,No defect,Residential areas,One way,Tangent road with flat terrain,Crossing,Asphalt roads,Dry,Daylight,Normal,Vehicle with vehicle collision,2,1,Going straight,Driver or rider,Male,18-30,3,Driver,Normal,Not a Pedestrian,No priority to vehicle,Slight Injury
17:35:00,Friday,31-50,Male,Junior high school,Employee,Below 1yr,Other,Owner,unknown,No defect,Other,One way,Tangent road with flat terrain,Y Shape,Asphalt roads,Dry,Daylight,Normal,Vehicle with vehicle collision,1,1,Going straight,na,na,na,na,Driver,Normal,Not a Pedestrian,No priority to pedestrian,Slight Injury
17:50:00,Friday,31-50,Male,Elementary school,Employee,5-10yr,Lorry (41?100Q),Owner,5-10yrs,No defect, Church areas,Undivided Two way,Tangent road with flat terrain,No junction,Asphalt roads,Dry,Daylight,Normal,Collision with roadside objects,2,1,Getting off,Driver or rider,Male,Over 51,3,unknown,unknown,Not a Pedestrian,No priority to vehicle,Slight Injury
17:50:00,Friday,Unknown,Male,Junior high school,Employee,2-5yr,Automobile,Owner,unknown,No defect,  Recreational areas,other,Tangent road with flat terrain,No junction,Asphalt roads,Dry,Daylight,Normal,Vehicle with vehicle collision,2,1,Going straight,Pedestrian,Female,Over 51,2,Driver,Normal,Crossing from driver's nearside,Other,Slight Injury
7:05:00,Wednesday,Unknown,Female,Junior high school,Employee,Above 10yr,Public (> 45 seats),Owner,unknown,unknown, Industrial areas,Undivided Two way,Tangent road with flat terrain,Y Shape,Asphalt roads,Dry,Daylight,Normal,Vehicle with vehicle collision,1,1,Going straight,na,na,na,na,Self-employed,Normal,Not a Pedestrian,Other,Slight Injury
20:21:00,Friday,18-30,Male,Junior high school,Employee,Below 1yr,unknown,unknown,unknown,unknown,Residential areas,other,unknown,Y Shape,Asphalt roads,Dry,Daylight,Normal,Vehicle with vehicle collision,2,1,Going straight,Driver or rider,Female,31-50,3,Self-employed,Normal,Not a Pedestrian,Moving Backward,Serious Injury
20:21:00,Friday,Over 51,Male,Junior high school,Owner,2-5yr,Automobile,Owner,Above 10yr,No defect,Residential areas,other,Tangent road with rolling terrain,Y Shape,Asphalt roads,Dry,Daylight,Normal,Vehicle with vehicle collision,2,1,Going straight,Driver or rider,Female,18-30,3,Self-employed,Normal,Not a Pedestrian,No distancing,Serious Injury
8:05:00,Thursday,18-30,Male,Junior high school,Employee,Above 10yr,Pick up upto 10Q,Owner,2-5yrs,No defect,Office areas,Double carriageway (median),Tangent road with flat terrain,Crossing,Asphalt roads,Dry,Daylight,Normal,Vehicle with vehicle collision,2,1,Reversing,Driver or rider,Female,31-50,3,Driver,Normal,Not a Pedestrian,Moving Backward,Slight Injury
8:05:00,Thursday,18-30,Male,Writing & reading,Employee,2-5yr,Public (12 seats),Owner,2-5yrs,No defect,  Market areas,Undivided Two way,Tangent road with flat terrain,Crossing,Asphalt roads,Dry,Daylight,Normal,Vehicle with vehicle collision,2,1,Moving Backward,Driver or rider,Female,18-30,3,Other,Normal,Not a Pedestrian,No priority to vehicle,Slight Injury
17:00:00,Sunday,31-50,Male,Junior high school,Employee,2-5yr,Lorry (41?100Q),unknown,unknown,unknown,Unknown,other,Tangent road with flat terrain,Crossing,Asphalt roads,Dry,Daylight,Normal,Vehicle with vehicle collision,1,2,Going straight,Passenger,Male,Under 18,3,unknown,unknown,Not a Pedestrian,Driving carelessly,Slight Injury
17:00:00,Sunday,31-50,Male,High school,Employee,2-5yr,Lorry (41?100Q),Owner,unknown,No defect, Industrial areas,other,Tangent road with flat terrain,Crossing,Asphalt roads,Dry,Daylight,Normal,Vehicle with vehicle collision,1,2,Going straight,Driver or rider,Male,Under 18,3,Self-employed,Normal,Not a Pedestrian,No distancing,Slight Injury
8:45:00,Sunday,18-30,Male,Junior high school,Employee,1-2yr,Lorry (41?100Q),Owner,unknown,No defect,Residential areas,Two-way (divided with solid lines road marking),Tangent road with flat terrain,Y Shape,Asphalt roads,Dry,Daylight,Normal,Vehicle with vehicle collision,1,1,Going straight,Passenger,Male,Under 18,3,Other,Normal,Not a Pedestrian,Other,Slight Injury
8:48:00,Wednesday,Over 51,Male,High school,Employee,5-10yr,Public (13?45 seats),Governmental,Below 1yr,No defect,Residential areas,Undivided Two way,Tangent road with flat terrain,Y Shape,Asphalt roads,Dry,Daylight,Normal,Vehicle with vehicle collision,1,1,Going straight,Driver or rider,Female,Under 18,3,unknown,unknown,Not a Pedestrian,Changing lane to the right,Slight Injury
9:50:00,Tuesday,18-30,Male,Elementary school,Employee,2-5yr,Lorry (41?100Q),Owner,5-10yrs,No defect,Other,Undivided Two way,Tangent road with flat terrain,Unknown,Asphalt roads,Dry,Daylight,Normal,Vehicle with vehicle collision,2,1,Going straight,na,na,na,na,unknown,unknown,Not a Pedestrian,No distancing,Slight Injury
9:50:00,Tuesday,31-50,Male,Junior high school,Employee,1-2yr,Lorry (41?100Q),Governmental,unknown,No defect,Residential areas,other,Tangent road with flat terrain,Unknown,Asphalt roads,Dry,Daylight,Normal,Collision with roadside objects,2,1,Going straight,Driver or rider,Female,31-50,2,Driver,Normal,Not a Pedestrian,Driving carelessly,Slight Injury
12:30:00,Monday,31-50,Male,Elementary school,Employee,1-2yr,Motorcycle,Owner,1-2yr,No defect,Rural village areas,Undivided Two way,Gentle horizontal curve,Y Shape,Asphalt roads,Dry,Daylight,Normal,Collision with roadside objects,3,1,Turnover,na,na,na,na,unknown,unknown,Not a Pedestrian,No distancing,Slight Injury
12:30:00,Monday,Unknown,Male,High school,Employee,No Licence,Lorry (41?100Q),Owner,2-5yrs,No defect,Rural village areas,Undivided Two way,Gentle horizontal curve,Y Shape,Asphalt roads,Dry,Daylight,Normal,Collision with roadside objects,3,1,Going straight,na,na,na,na,Driver,Normal,Not a Pedestrian,No priority to vehicle,Slight Injury