Time,Day_of_week,Age_band_of_driver,Sex_of_driver,Educational_level,Vehicle_driver_relation,Driving_experience,Type_of_vehicle,Owner_of_vehicle,Service_year_of_vehicle,Defect_of_vehicle,Area_accident_occured,Lanes_or_Medians,Road_allignment,Types_of_Junction,Road_surface_type,Road_surface_conditions,Light_conditions,Weather_conditions,Type_of_collision,Number_of_vehicles_involved,Number_of_casualties,Vehicle_movement,Casualty_class,Sex_of_casualty,Age_band_of_casualty,Casualty_severity,Work_of_casuality,Fitness_of_casuality,Pedestrian_movement,Cause_of_accident,Accident_severity
16:38:00,Wednesday,Unknown,Female,Junior high school,Employee,Above 10yr,unknown,Owner,unknown,unknown,unknown,unknown,Tangent road with flat terrain,Y Shape,Asphalt roads,Dry,Daylight,Normal,Collision with pedestrians,2,2,Going straight,Driver or rider,Male,18-30,3,unknown,unknown,Not a Pedestrian,Changing lane to the left,Slight Injury
10:01:00,Friday,Over 51,Male,Junior high school,Owner,Above 10yr,Lorry (41?100Q),Governmental,2-5yrs,unknown,Residential areas,Two-way (divided with broken lines road marking),unknown,Y Shape,Asphalt roads,Dry,Daylight,Normal,Vehicle with vehicle collision,2,2,Going straight,na,na,na,na,Self-employed,Normal,Not a Pedestrian,Changing lane to the right,Serious Injury
10:01:00,Friday,18-30,Male,Junior high school,Employee,Above 10yr,Other,Owner,Below 1yr,unknown, Church areas,Undivided Two way,Tangent road with flat terrain,Y Shape,Asphalt roads,Dry,Daylight,Normal,Vehicle with vehicle collision,2,2,Going straight,Driver or rider,Male,31-50,3,Employee,Normal,Not a Pedestrian,Driving carelessly,Serious Injury
10:01:00,Friday,18-30,Male,Junior high school,Employee,No Licence,Other,unknown,unknown,unknown,Other,Undivided Two way,Tangent road with flat terrain,Y Shape,Asphalt roads,Dry,Daylight,Normal,Vehicle with vehicle collision,2,2,Going straight,Passenger,Female,Over 51,3,Other,Normal,Not a Pedestrian,No distancing,Serious Injury
11:30:00,Wednesday,31-50,Male,Junior high school,Employee,1-2yr,Automobile,Owner,Unknown,unknown,Other,One way,Tangent road with flat terrain,Y Shape,Asphalt roads,Dry,Daylight,Normal,Vehicle with vehicle collision,4,2,Going straight,na,na,na,na,Employee,Normal,Not a Pedestrian,Changing lane to the left,Slight Injury
11:30:00,Wednesday,18-30,Male,Illiterate,Owner,1-2yr,Other,Owner,Unknown,No defect,Residential areas,Two-way (divided with broken lines road marking),Tangent road with flat terrain,Y Shape,Asphalt roads,Dry,Daylight,Normal,Vehicle with vehicle collision,4,2,Going straight,Driver or rider,Female,31-50,3,unknown,unknown,Not a Pedestrian,Moving Backward,Slight Injury
11:30:00,Wednesday,Over 51,Male,Junior high school,Owner,Below 1yr,Automobile,Owner,Unknown,unknown,Office areas,One way,Tangent road with flat terrain,Y Shape,Asphalt roads,Dry,Daylight,Normal,Collision with roadside objects,4,2,Moving Backward,Pedestrian,Male,Over 51,3,Employee,Normal,Crossing from nearside - masked by parked or statioNot a Pedestrianry vehicle,No distancing,Slight Injury
11:30:00,Wednesday,Unknown,Male,Junior high school,Owner,1-2yr,Public (13?45 seats),Owner,Unknown,No defect, Industrial areas,Two-way (divided with broken lines road marking),Tangent road with flat terrain,Y Shape,Asphalt roads,Dry,Daylight,Normal,Vehicle with vehicle collision,4,2,Going straight,Pedestrian,Female,Over 51,3,unknown,unknown,Not a Pedestrian,No priority to pedestrian,Slight Injury
15:40:00,Tuesday,Unknown,Male,Junior high school,Owner,2-5yr,Lorry (41?100Q),Governmental,unknown,No defect,Residential areas,Double carriageway (median),Tangent road with flat terrain,Y Shape,Asphalt roads,Dry,Daylight,Normal,Vehicle with vehicle collision,2,2,Going straight,na,na,na,na,Employee,Normal,Not a Pedestrian,Changing lane to the left,Slight Injury
15:40:00,Tuesday,18-30,Male,Unknown,Owner,5-10yr,unknown,Owner,unknown,No defect,Office areas,Unknown,Tangent road with flat terrain,Y Shape,Asphalt roads,Dry,Daylight,Normal,Vehicle with vehicle collision,2,2,Going straight,Driver or rider,Male,18-30,3,Employee,Normal,Not a Pedestrian,No distancing,Slight Injury
15:40:00,Tuesday,18-30,Male,Unknown,Owner,Above 10yr,Automobile,Owner,2-5yrs,unknown,Other,unknown,Tangent road with flat terrain,Y Shape,Asphalt roads,Dry,Daylight,Normal,Vehicle with vehicle collision,2,2,unknown,Driver or rider,Male,Over 51,3,Employee,Normal,Not a Pedestrian,Driving carelessly,Slight Injury
12:04:00,Sunday,31-50,Male,Junior high school,Owner,2-5yr,unknown,Owner,Unknown,unknown, Church areas,other,Tangent road with flat terrain,Y Shape,Asphalt roads,Dry,Daylight,Normal,Vehicle with vehicle collision,2,2,Turnover,Passenger,Male,18-30,3,Driver,Normal,Not a Pedestrian,No priority to vehicle,Slight Injury
12:04:00,Sunday,31-50,Male,Elementary school,Owner,Above 10yr,Lorry (41?100Q),Owner,Above 10yr,unknown, Industrial areas,unknown,Tangent road with flat terrain,Y Shape,Asphalt roads,Dry,Daylight,Normal,Vehicle with vehicle collision,2,2,Going straight,na,na,na,na,Driver,Normal,Not a Pedestrian,Changing lane to the right,Slight Injury
10:21:00,Monday,18-30,Male,Writing & reading,Owner,5-10yr,unknown,Owner,Unknown,No defect,  Recreational areas,One way,Tangent road with flat terrain,No junction,Gravel roads,Dry,Daylight,Normal,Vehicle with vehicle collision,3,2,Going straight,Driver or rider,Male,18-30,3,Student,Normal,Not a Pedestrian,Moving Backward,Slight Injury
10:21:00,Monday,31-50,Male,unknown,Owner,unknown,Lorry (41?100Q),Owner,Unknown,No defect,  Market areas,Undivided Two way,Tangent road with flat terrain,No junction,Asphalt roads,Dry,Daylight,Normal,Vehicle with vehicle collision,3,2,Going straight,na,na,na,na,Driver,Normal,Not a Pedestrian,No priority to vehicle,Slight Injury
10:21:00,Monday,31-50,Male,Junior high school,Owner,5-10yr,Taxi,Owner,Unknown,No defect,Other,Two-way (divided with broken lines road marking),Tangent road with flat terrain,No junction,Gravel roads,Dry,Daylight,Normal,Vehicle with vehicle collision,3,2,Going straight,Driver or rider,Male,18-30,3,Self-employed,Normal,Not a Pedestrian,No priority to pedestrian,Slight Injury
10:21:00,Monday,31-50,Male,Junior high school,Owner,Below 1yr,Lorry (41?100Q),Owner,Unknown,unknown,Other,Two-way (divided with broken lines road marking),Tangent road with flat terrain,No junction,Asphalt roads,Dry,Daylight,Normal,Vehicle with vehicle collision,3,2,Going straight,na,na,na,na,unknown,unknown,Not a Pedestrian,Changing lane to the left,Slight Injury
20:50:00,Monday,31-50,Male,Junior high school,Owner,2-5yr,Lorry (41?100Q),Owner,Unknown,No defect, Industrial areas,Two-way (divided with broken lines road marking),unknown,Y Shape,Asphalt roads,Dry,Darkness - lights lit,Normal,Vehicle with vehicle collision,1,1,Going straight,Passenger,Male,18-30,3,unknown,unknown,Not a Pedestrian,Changing lane to the left,Fatal injury
18:00:00,Friday,Unknown,Male,Elementary school,Employee,2-5yr,Other,Governmental,2-5yrs,unknown,Other,Two-way (divided with broken lines road marking),Tangent road with flat terrain,Crossing,Asphalt roads,Wet or damp,Daylight,Other,Vehicle with vehicle collision,2,1,Going straight,na,na,na,na,Driver,Normal,Not a Pedestrian,Driving under the influence of drugs,Slight Injury
18:00:00,Friday,31-50,Male,Junior high school,Employee,2-5yr,Stationwagen,Governmental,unknown,unknown,Office areas,other,Tangent road with flat terrain,Crossing,Asphalt roads,Wet or damp,Daylight,Other,Vehicle with vehicle collision,2,1,Going straight,Driver or rider,Female,31-50,3,Driver,Normal,Not a Pedestrian,Moving Backward,Slight Injury
19:30:00,Thursday,Unknown,Male,Junior high school,Employee,2-5yr,Stationwagen,Owner,Unknown,unknown,unknown,other,Tangent road with flat terrain,Y Shape,Asphalt roads,Dry,Darkness - lights lit,Unknown,Vehicle with vehicle collision,2,1,Going straight,na,na,na,na,Driver,Normal,Not a Pedestrian,Changing lane to the right,Slight Injury
19:30:00,Thursday,18-30,Male,Junior high school,Employee,5-10yr,Lorry (41?100Q),Owner,unknown,unknown,Office areas,Two-way (divided with broken lines road marking),Tangent road with flat terrain,Y Shape,Asphalt roads,Dry,Darkness - lights lit,Unknown,Vehicle with vehicle collision,2,1,Turnover,Driver or rider,Male,31-50,3,Driver,Normal,Not a Pedestrian,Changing lane to the right,Slight Injury
7:20:00,Wednesday,18-30,Male,Junior high school,Employee,5-10yr,Lorry (41?100Q),Owner,unknown,unknown,Office areas,Undivided Two way,Tangent road with flat terrain,No junction,Asphalt roads,Dry,Daylight,Unknown,Collision with roadside objects,2,1,unknown,Driver or rider,Female,18-30,3,unknown,unknown,Not a Pedestrian,No distancing,Serious Injury
7:20:00,Wednesday,Unknown,Male,Junior high school,Employee,Above 10yr,Other,Organization,Unknown,unknown,Other,other,Tangent road with flat terrain,No junction,Asphalt roads,Dry,Daylight,Unknown,Vehicle with vehicle collision,2,1,Reversing,na,na,na,na,Driver,Normal,Not a Pedestrian,Moving Backward,Serious Injury
15:45:00,Thursday,Unknown,Female,Elementary school,Employee,5-10yr,Automobile,Governmental,2-5yrs,unknown,Other,other,Tangent road with flat terrain,No junction,Asphalt roads,Dry,Daylight,Unknown,Vehicle with vehicle collision,2,1,Other,Driver or rider,Male,31-50,2,Self-employed,Normal,Not a Pedestrian,No distancing,Slight Injury
15:45:00,Thursday,31-50,Male,Junior high school,Employee,5-10yr,unknown,Owner,Unknown,No defect,Other,Undivided Two way,Tangent road with flat terrain,No junction,Asphalt roads,Dry,Daylight,Unknown,Vehicle with vehicle collision,2,1,Going straight,na,na,na,na,Self-employed,Normal,Not a Pedestrian,Driving carelessly,Slight Injury
11:55:00,Friday,Over 51,Male,Junior high school,Employee,Above 10yr,Taxi,Owner,Above 10yr,unknown,Other,other,Tangent road with flat terrain,No junction,Asphalt roads,Wet or damp,Daylight,Raining,Vehicle with vehicle collision,1,1,Going straight,Passenger,Male,Over 51,3,Self-employed,Normal,Not a Pedestrian,No priority to pedestrian,Slight Injury
19:00:00,Thursday,18-30,Male,Elementary school,Owner,unknown,Lorry (41?100Q),unknown,unknown,unknown,Residential areas,Undivided Two way,Tangent road with flat terrain,Crossing,Asphalt roads,Dry,Daylight,Normal,Collision with pedestrians,1,1,Turnover,Pedestrian,Female,Over 51,3,Driver,Normal,Not a Pedestrian,No priority to vehicle,Slight Injury
19:00:00,Wednesday,31-50,Male,Junior high school,Owner,5-10yr,Other,Owner,2-5yrs,No defect, Church areas,Undivided Two way,Tangent road with flat terrain,Other,Asphalt roads,Dry,Daylight,Normal,Vehicle with vehicle collision,1,1,Other,Pedestrian,Female,18-30,3,Other,Normal,Not a Pedestrian,Moving Backward,Slight Injury
8:48:00,Tuesday,Unknown,Male,Junior high school,Employee,5-10yr,Automobile,Owner,2-5yrs,unknown,Office areas,Double carriageway (median),Tangent road with flat terrain,Y Shape,Asphalt roads,Dry,Daylight,Normal,Vehicle with vehicle collision,2,1,Going straight,na,na,na,na,unknown,unknown,Not a Pedestrian,Changing lane to the right,Slight Injury
8:48:00,Tuesday,Unknown,Female,Junior high school,Employee,Below 1yr,Public (> 45 seats),Owner,2-5yrs,unknown, Church areas,other,Tangent road with flat terrain,Y Shape,Asphalt roads,Dry,Daylight,Normal,Vehicle with vehicle collision,2,1,Going straight,Driver or rider,Male,18-30,3,Self-employed,Normal,Not a Pedestrian,No distancing,Slight Injury
12:30:00,Wednesday,Over 51,Male,unknown,unknown,unknown,Stationwagen,Owner,2-5yrs,unknown,Other,Two-way (divided with broken lines road marking),Tangent road with flat terrain,No junction,Asphalt roads,Dry,Daylight,Normal,Vehicle with vehicle collision,1,1,Other,na,na,na,na,Other,Normal,Not a Pedestrian,Driving carelessly,Slight Injury
16:00:00,Friday,18-30,Male,Junior high school,Employee,5-10yr,Automobile,Owner,unknown,unknown,unknown,other,Tangent road with flat terrain,No junction,Asphalt roads,Dry,Daylight,Normal,Vehicle with vehicle collision,1,1,Going straight,na,na,na,na,unknown,unknown,Not a Pedestrian,Changing lane to the left,Slight Injury
9:30:00,Tuesday,Over 51,Male,Junior high school,Employee,5-10yr,Lorry (41?100Q),Owner,1-2yr,unknown,School areas,other,Steep grade downward with mountainous terrain,Y Shape,Asphalt roads,Wet or damp,Daylight,Other,Vehicle with vehicle collision,2,2,Turnover,Driver or rider,Male,Over 51,2,unknown,unknown,Not a Pedestrian,Moving Backward,Slight Injury
9:30:00,Tuesday,31-50,Unknown,Junior high school,Employee,Above 10yr,Other,Owner,5-10yrs,unknown,Office areas,Two-way (divided with broken lines road marking),Tangent road with mild grade and flat terrain,Y Shape,Asphalt roads,Wet or damp,Daylight,Other,Vehicle with vehicle collision,2,2,Going straight,Driver or rider,Male,31-50,3,Driver,Normal,Not a Pedestrian,No distancing,Slight Injury
13:31:00,Sunday,31-50,Male,High school,Employee,Above 10yr,Public (13?45 seats),Owner,Below 1yr,unknown,Other,other,Steep grade downward with mountainous terrain,No junction,Asphalt roads,Dry,Daylight,Normal,Vehicle with vehicle collision,2,2,Turnover,na,na,na,na,unknown,unknown,Not a Pedestrian,Changing lane to the right,Slight Injury
13:31:00,Sunday,31-50,Male,Junior high school,Employee,Above 10yr,Other,Owner,Unknown,unknown,Office areas,Undivided Two way,Tangent road with flat terrain,No junction,Asphalt roads,Dry,Daylight,Normal,Collision with pedestrians,2,2,Going straight,Driver or rider,Male,31-50,3,Driver,Normal,Not a Pedestrian,No priority to vehicle,Slight Injury
13:31:00,Sunday,Unknown,Male,Junior high school,Employee,Above 10yr,Other,Owner,unknown,unknown,Other,Undivided Two way,Tangent road with flat terrain,No junction,Asphalt roads,Dry,Daylight,Normal,Vehicle with vehicle collision,2,2,Moving Backward,na,na,na,na,Driver,Normal,Not a Pedestrian,Getting off the vehicle improperly,Slight Injury
0:50:00,Saturday,Unknown,Female,Junior high school,Employee,Above 10yr,Ridden horse,Owner,2-5yrs,unknown,Other,Two-way (divided with broken lines road marking),Tangent road with flat terrain,Unknown,Asphalt roads,Wet or damp,Darkness - lights lit,Raining,Vehicle with vehicle collision,2,1,unknown,Driver or rider,Male,31-50,3,Driver,Normal,Not a Pedestrian,No distancing,Slight Injury
0:50:00,Saturday,18-30,Male,Junior high school,Employee,Above 10yr,Lorry (41?100Q),Owner,unknown,unknown,Office areas,Undivided Two way,Tangent road with flat terrain,Unknown,Asphalt roads,Wet or damp,Darkness - lights lit,Raining,Vehicle with vehicle collision,2,1,Going straight,na,na,na,na,Driver,Normal,Not a Pedestrian,No distancing,Slight Injury
17:15:00,Tuesday,31-50,Male,Junior high school,Employee,5-10yr,Lorry (41?100Q),Owner,unknown,No defect,Other,Double carriageway (median),Tangent road with flat terrain,No junction,Asphalt roads,Dry,Daylight,Normal,Vehicle with vehicle collision,2,1,Going straight,na,na,na,na,Self-employed,Normal,Not a Pedestrian,Changing lane to the left,Slight Injury
17:15:00,Tuesday,18-30,Male,Junior high school,Employee,2-5yr,Pick up upto 10Q,Owner,unknown,unknown, Church areas,other,Tangent road with flat terrain,No junction,Asphalt roads,Dry,Daylight,Normal,Collision with roadside objects,2,1,Reversing,Driver or rider,Male,31-50,3,Self-employed,Normal,Not a Pedestrian,No priority to vehicle,Slight Injury
13:20:00,Friday,Unknown,Male,Junior high school,Employee,Below 1yr,Lorry (11?40Q),Owner,unknown,No defect,Office areas,Two-way (divided with broken lines road marking),Tangent road with flat terrain,No junction,Asphalt roads,Dry,Daylight,Unknown,Vehicle with vehicle collision,2,1,Reversing,na,na,na,na,Driver,Normal,Not a Pedestrian,Driving carelessly,Slight Injury
13:20:00,Friday,31-50,Male,Junior high school,Employee,Below 1yr,Automobile,Owner,Above 10yr,No defect,Office areas,Two-way (divided with broken lines road marking),Tangent road with flat terrain,No junction,Asphalt roads,Dry,Daylight,Unknown,Vehicle with vehicle collision,2,1,Reversing,Driver or rider,Male,18-30,3,Driver,Normal,Not a Pedestrian,Changing lane to the right,Slight Injury
19:45:00,Tuesday,Over 51,Male,Junior high school,Employee,2-5yr,Automobile,Owner,2-5yrs,unknown,Other,Undivided Two way,Tangent road with mountainous terrain and,No junction,Asphalt roads,Dry,Daylight,Unknown,Vehicle with vehicle collision,2,1,Going straight,Pedestrian,Male,31-50,3,unknown,unknown,Not a Pedestrian,No distancing,Slight Injury
19:45:00,Tuesday,18-30,Male,Elementary school,Employee,Below 1yr,Lorry (11?40Q),Owner,2-5yrs,unknown,Residential areas,Undivided Two way,Tangent road with flat terrain,No junction,Asphalt roads,Dry,Daylight,Unknown,Vehicle with vehicle collision,2,1,Going straight,na,na,na,na,Driver,Normal,Not a Pedestrian,Changing lane to the right,Slight Injury
19:35:00,Tuesday,Unknown,Female,Junior high school,Employee,Below 1yr,Motorcycle,Owner,Unknown,No defect,Residential areas,Undivided Two way,Tangent road with flat terrain,No junction,Asphalt roads,Dry,Daylight,Normal,Vehicle with vehicle collision,2,1,Going straight,Driver or rider,Male,18-30,3,Driver,Normal,Not a Pedestrian,No distancing,Slight Injury
19:35:00,Tuesday,31-50,Male,Junior high school,Employee,unknown,Lorry (41?100Q),Owner,5-10yrs,7,unknown,Two-way (divided with broken lines road marking),Tangent road with flat terrain,No junction,Asphalt roads,Dry,Daylight,Normal,Vehicle with vehicle collision,2,1,Going straight,Passenger,Female,18-30,2,Driver,Normal,Not a Pedestrian,Driving under the influence of drugs,Slight Injury
14:15:00,Sunday,31-50,Male,unknown,Employee,5-10yr,Stationwagen,Owner,Unknown,7,Other,other,Tangent road with flat terrain,No junction,Asphalt roads,Dry,Daylight,Normal,Vehicle with vehicle collision,2,1,Moving Backward,Pedestrian,Female,18-30,2,unknown,Normal,Not a Pedestrian,Changing lane to the left,Slight Injury
14:15:00,Sunday,Unknown,Male,Writing & reading,Employee,Below 1yr,Automobile,Owner,Unknown,No defect,Office areas,unknown,Steep grade downward with mountainous terrain,No junction,Asphalt roads,Dry,Daylight,Normal,Collision with roadside objects,2,1,Going straight,na,na,na,na,unknown,unknown,Not a Pedestrian,Getting off the vehicle improperly,Slight Injury
21:30:00,Friday,Unknown,Male,Junior high school,Employee,Below 1yr,Other,Governmental,Unknown,No defect,School areas,Double carriageway (median),Tangent road with flat terrain,Crossing,Asphalt roads,Dry,Darkness - lights lit,Normal,Vehicle with vehicle collision,2,2,Moving Backward,Driver or rider,Male,31-50,3,Driver,Normal,Not a Pedestrian,Overloading,Slight Injury
21:30:00,Friday,31-50,Male,Junior high school,Employee,1-2yr,Other,Owner,Unknown,No defect,Other,Two-way (divided with broken lines road marking),Steep grade downward with mountainous terrain,Crossing,Asphalt roads,Dry,Darkness - lights lit,Normal,Vehicle with vehicle collision,2,2,Moving Backward,na,na,na,na,Driver,Normal,Not a Pedestrian,Driving carelessly,Slight Injury
21:30:00,Friday,31-50,Male,Elementary school,Employee,Above 10yr,Taxi,Owner,5-10yrs,No defect,Other,Two-way (divided with broken lines road marking),Tangent road with rolling terrain,Crossing,Asphalt roads,Dry,Darkness - lights lit,Normal,Vehicle with vehicle collision,2,2,Going straight,Driver or rider,Male,18-30,3,Self-employed,Normal,Not a Pedestrian,Overtaking,Slight Injury
20:35:00,Saturday,Unknown,Female,Elementary school,Employee,Above 10yr,Automobile,Governmental,Unknown,No defect, Church areas,Two-way (divided with broken lines road marking),Tangent road with flat terrain,Y Shape,Asphalt roads,Dry,Daylight,Normal,Vehicle with vehicle collision,1,1,Other,na,na,na,na,Driver,Normal,Not a Pedestrian,No distancing,Slight Injury
19:10:00,Thursday,Unknown,Male,Elementary school,Employee,Below 1yr,Long lorry,unknown,unknown,unknown,Office areas,unknown,Tangent road with mild grade and flat terrain,Y Shape,Asphalt roads,Dry,Daylight,Normal,Rollover,2,1,Going straight,na,na,na,na,Driver,Normal,Not a Pedestrian,Overturning,Slight Injury
19:10:00,Thursday,18-30,Male,High school,Employee,2-5yr,Long lorry,Owner,unknown,unknown,Other,Two-way (divided with broken lines road marking),Tangent road with mild grade and flat terrain,Y Shape,Asphalt roads,Dry,Daylight,Normal,Vehicle with vehicle collision,2,1,Other,Driver or rider,Male,18-30,3,Driver,Normal,Not a Pedestrian,Driving carelessly,Slight Injury
19:03:00,Sunday,31-50,Male,Junior high school,Employee,2-5yr,Lorry (41?100Q),Governmental,unknown,No defect,Residential areas,Double carriageway (median),Tangent road with flat terrain,Y Shape,Asphalt roads,Dry,Darkness - lights lit,Normal,Vehicle with vehicle collision,2,1,Going straight,Driver or rider,Male,18-30,3,unknown,unknown,Not a Pedestrian,No priority to pedestrian,Serious Injury
19:03:00,Sunday,Under 18,Male,Above high school,Employee,Above 10yr,Lorry (41?100Q),Owner,unknown,unknown,Office areas,Two-way (divided with broken lines road marking),Tangent road with flat terrain,Y Shape,Asphalt roads,Dry,Darkness - lights lit,Normal,Collision with roadside objects,2,1,Reversing,na,na,na,na,Driver,Normal,Not a Pedestrian,No distancing,Serious Injury
14:50:00,Friday,18-30,Male,Junior high school,Employee,2-5yr,Lorry (11?40Q),Owner,unknown,unknown,Office areas,Undivided Two way,Tangent road with flat terrain,Crossing,Asphalt roads,Dry,Daylight,Normal,Vehicle with vehicle collision,2,1,unknown,Passenger,Female,31-50,3,Driver,Normal,Not a Pedestrian,No priority to vehicle,Slight Injury
14:50:00,Friday,31-50,Male,Junior high school,Employee,2-5yr,Automobile,Owner,Below 1yr,unknown,Office areas,Two-way (divided with broken lines road marking),Tangent road with flat terrain,Crossing,Asphalt roads,Dry,Daylight,Normal,Vehicle with vehicle collision,2,1,Going straight,Driver or rider,Female,Over 51,3,Self-employed,Normal,Not a Pedestrian,Getting off the vehicle improperly,Slight Injury
17:40:00,Wednesday,Over 51,Male,High school,Employee,1-2yr,Taxi,Organization,1-2yr,unknown, Church areas,unknown,Tangent road with flat terrain,Y Shape,Asphalt roads,Dry,Daylight,Normal,Vehicle with vehicle collision,2,2,Going straight,Driver or rider,Male,18-30,3,unknown,Normal,Not a Pedestrian,No priority to pedestrian,Slight Injury
17:40:00,Wednesday,Under 18,Male,Junior high school,Employee,5-10yr,Other,Owner,unknown,unknown,Office areas,Two-way (divided with broken lines road marking),Tangent road with flat terrain,Y Shape,Asphalt roads,Dry,Daylight,Normal,Collision with roadside objects,2,2,Going straight,na,na,na,na,unknown,unknown,Not a Pedestrian,Changing lane to the right,Slight Injury
17:40:00,Wednesday,Under 18,Male,Junior high school,Employee,Below 1yr,Automobile,Owner,1-2yr,unknown,Office areas,Two-way (divided with broken lines road marking),Tangent road with mild grade and flat terrain,Y Shape,Asphalt roads,Dry,Daylight,Normal,Collision with roadside objects,2,2,Going straight,Driver or rider,Male,31-50,3,Driver,Normal,Not a Pedestrian,Moving Backward,Slight Injury
21:20:00,Friday,Unknown,Female,Junior high school,Employee,Below 1yr,Automobile,Owner,unknown,unknown,Office areas,Two-way (divided with broken lines road marking),Tangent road with mild grade and flat terrain,Y Shape,Asphalt roads,Wet or damp,Daylight,Raining,Vehicle with vehicle collision,2,1,Going straight,na,na,na,na,Driver,Normal,Not a Pedestrian,Changing lane to the left,Slight Injury
21:20:00,Friday,Over 51,Male,Elementary school,Employee,unknown,Automobile,Owner,5-10yrs,No defect,Office areas,Two-way (divided with broken lines road marking),Tangent road with flat terrain,Y Shape,Asphalt roads,Wet or damp,Daylight,Raining,Vehicle with vehicle collision,2,1,Going straight,Driver or rider,Male,18-30,3,Driver,Normal,Not a Pedestrian,No distancing,Slight Injury
16:00:00,Sunday,Under 18,Male,Junior high school,Employee,Below 1yr,Automobile,Owner,unknown,No defect,Other,Two-way (divided with broken lines road marking),Tangent road with flat terrain,Y Shape,Asphalt roads,Dry,Daylight,Unknown,Collision with roadside objects,2,2,Other,na,na,na,na,unknown,unknown,Not a Pedestrian,Driving carelessly,Slight Injury
16:00:00,Sunday,Under 18,Male,Junior high school,Employee,1-2yr,Public (> 45 seats),Owner,unknown,No defect,Residential areas,Double carriageway (median),Tangent road with flat terrain,Y Shape,Asphalt roads,Dry,Daylight,Unknown,Collision with roadside objects,2,2,Going straight,Driver or rider,Male,18-30,3,Driver,Normal,Not a Pedestrian,Driving under the influence of drugs,Slight Injury
16:00:00,Sunday,Unknown,Male,Elementary school,Employee,2-5yr,Lorry (11?40Q),Owner,unknown,No defect, Church areas,Undivided Two way,Tangent road with flat terrain,Y Shape,Asphalt roads,Dry,Daylight,Unknown,Vehicle with vehicle collision,2,2,Going straight,na,na,na,na,Self-employed,Normal,Not a Pedestrian,Driving carelessly,Slight Injury
12:09:00,Thursday,18-30,Male,High school,Employee,1-2yr,Lorry (41?100Q),Owner,unknown,No defect,Other,Two-way (divided with broken lines road marking),Tangent road with flat terrain,No junction,Asphalt roads,Dry,Daylight,Normal,Vehicle with vehicle collision,1,1,Going straight,na,na,na,na,Self-employed,Normal,Not a Pedestrian,Driving carelessly,Slight Injury
8:48:00,Friday,18-30,Male,Junior high school,Employee,5-10yr,Lorry (41?100Q),Owner,unknown,No defect,  Recreational areas,Two-way (divided with broken lines road marking),Tangent road with flat terrain,Y Shape,Asphalt roads,Dry,Daylight,Normal,Vehicle with vehicle collision,2,1,Going straight,Pedestrian,Male,Over 51,2,unknown,unknown,Crossing from nearside - masked by parked or statioNot a Pedestrianry vehicle,Changing lane to the right,Slight Injury
8:48:00,Friday,Over 51,Male,Junior high school,Employee,Below 1yr,Stationwagen,unknown,unknown,unknown,unknown,unknown,Tangent road with flat terrain,Y Shape,Asphalt roads,Dry,Daylight,Normal,Collision with roadside objects,2,1,Reversing,na,na,na,na,unknown,Normal,Not a Pedestrian,No distancing,Slight Injury
8:56:00,Saturday,Under 18,Male,High school,Employee,Above 10yr,Other,Owner,Unknown,No defect, Industrial areas,Undivided Two way,Tangent road with mild grade and flat terrain,Y Shape,Asphalt roads,Dry,Daylight,Normal,Vehicle with vehicle collision,2,3,Going straight,Driver or rider,Male,18-30,3,Driver,Normal,Not a Pedestrian,Driving carelessly,Slight Injury
8:56:00,Saturday,31-50,Male,Elementary school,Owner,5-10yr,Automobile,Owner,unknown,No defect,Other,Two-way (divided with broken lines road marking),Tangent road with flat terrain,Y Shape,Asphalt roads,Dry,Daylight,Normal,Collision with roadside-parked vehicles,2,3,Going straight,Driver or rider,Male,18-30,3,Driver,Normal,Not a Pedestrian,No priority to pedestrian,Slight Injury
8:56:00,Saturday,31-50,Male,Elementary school,Employee,Below 1yr,Pick up upto 10Q,Owner,Unknown,unknown,Other,other,Tangent road with flat terrain,Y Shape,Asphalt roads,Dry,Daylight,Normal,Vehicle with vehicle collision,2,3,Other,Passenger,Male,18-30,3,unknown,unknown,Not a Pedestrian,No distancing,Slight Injury
19:17:00,Saturday,Under 18,Male,Junior high school,Employee,5-10yr,Motorcycle,Owner,5-10yrs,No defect, Church areas,other,Tangent road with flat terrain,No junction,Asphalt roads,Wet or damp,Darkness - lights lit,Normal,Collision with roadside objects,2,1,Going straight,na,na,na,na,Driver,Normal,Not a Pedestrian,Moving Backward,Slight Injury
19:17:00,Saturday,31-50,Male,Elementary school,Owner,5-10yr,Automobile,Owner,5-10yrs,No defect, Church areas,Undivided Two way,Tangent road with flat terrain,No junction,Asphalt roads,Wet or damp,Darkness - lights lit,Normal,Vehicle with vehicle collision,2,1,Going straight,na,na,na,na,Self-employed,Normal,Not a Pedestrian,Moving Backward,Slight Injury
16:05:00,Monday,Unknown,Male,Junior high school,Employee,2-5yr,Pick up upto 10Q,Owner,unknown,No defect,Other,Two-way (divided with broken lines road marking),Tangent road with flat terrain,Y Shape,Asphalt roads,Dry,Daylight,Normal,Vehicle with vehicle collision,1,1,Going straight,Driver or rider,Male,18-30,3,Self-employed,Normal,Not a Pedestrian,No priority to vehicle,Serious Injury
21:30:00,Saturday,Unknown,Female,Junior high school,Employee,Above 10yr,Motorcycle,Owner,unknown,No defect,Other,One way,Tangent road with flat terrain,No junction,Asphalt roads,Dry,Darkness - lights lit,Normal,Vehicle with vehicle collision,2,1,Turnover,Pedestrian,Female,18-30,3,Self-employed,Normal,Crossing from nearside - masked by parked or statioNot a Pedestrianry vehicle,No distancing,Slight Injury