Time,Day_of_week,Age_band_of_driver,Sex_of_driver,Educational_level,Vehicle_driver_relation,Driving_experience,Type_of_vehicle,Owner_of_vehicle,Service_year_of_vehicle,Defect_of_vehicle,Area_accident_occured,Lanes_or_Medians,Road_allignment,Types_of_Junction,Road_surface_type,Road_surface_conditions,Light_conditions,Weather_conditions,Type_of_collision,Number_of_vehicles_involved,Number_of_casualties,Vehicle_movement,Casualty_class,Sex_of_casualty,Age_band_of_casualty,Casualty_severity,Work_of_casuality,Fitness_of_casuality,Pedestrian_movement,Cause_of_accident,Accident_severity
6:59:00,Wednesday,18-30,Male,Junior high school,Employee,2-5yr,Lorry (41?100Q),Owner,unknown,No defect,Other,Undivided Two way,Tangent road with flat terrain,No junction,Asphalt roads,Dry,Daylight,Normal,Collision with pedestrians,1,1,Going straight,Pedestrian,Female,18-30,3,Driver,Normal,Unknown or other,Changing lane to the right,Serious Injury
12:56:00,Wednesday,Unknown,Female,Elementary school,Employee,1-2yr,Public (13?45 seats),Owner,unknown,No defect,  Recreational areas,One way,Tangent road with mild grade and flat terrain,Crossing,Asphalt roads,Dry,Daylight,Normal,Vehicle with vehicle collision,2,2,Moving Backward,Pedestrian,Male,31-50,2,Driver,Normal,Unknown or other,No distancing,Slight Injury
12:56:00,Wednesday,Over 51,Male,High school,Employee,unknown,Automobile,Owner,unknown,No defect,Other,Undivided Two way,Tangent road with flat terrain,Crossing,Asphalt roads,Dry,Daylight,Normal,Vehicle with vehicle collision,2,2,Moving Backward,Driver or rider,Male,31-50,3,Self-employed,Normal,Not a Pedestrian,Overtaking,Slight Injury
12:56:00,Wednesday,Over 51,Male,Junior high school,Owner,1-2yr,Pick up upto 10Q,Owner,unknown,No defect,Other,Undivided Two way,Tangent road with flat terrain,Crossing,Asphalt roads,Dry,Daylight,Normal,Vehicle with vehicle collision,2,2,Turnover,na,na,na,na,Driver,Normal,Not a Pedestrian,Other,Slight Injury
21:39:00,Sunday,Over 51,Male,Junior high school,Employee,2-5yr,Lorry (41?100Q),Owner,unknown,No defect,Other,Undivided Two way,Tangent road with flat terrain,Crossing,Asphalt roads,Dry,Darkness - lights lit,Normal,Vehicle with vehicle collision,2,2,Other,na,na,na,na,Driver,Normal,Not a Pedestrian,Other,Slight Injury
21:39:00,Sunday,Under 18,Male,Junior high school,Employee,1-2yr,Public (12 seats),Owner,Below 1yr,No defect,Office areas,Two-way (divided with broken lines road marking),Tangent road with flat terrain,Crossing,Asphalt roads,Dry,Darkness - lights lit,Normal,Collision with roadside objects,2,2,Other,Driver or rider,Male,18-30,3,Driver,Normal,Not a Pedestrian,Changing lane to the right,Slight Injury
0:06:00,Saturday,18-30,Male,Elementary school,Employee,Above 10yr,Other,Owner,2-5yrs,No defect,Other,Two-way (divided with broken lines road marking),Tangent road with mild grade and flat terrain,Y Shape,Asphalt roads,Dry,Darkness - lights lit,Normal,Vehicle with vehicle collision,1,1,Going straight,Driver or rider,Male,18-30,3,Self-employed,Normal,Not a Pedestrian,No priority to pedestrian,Slight Injury
1:08:00,Sunday,Under 18,Male,Junior high school,Employee,2-5yr,Lorry (41?100Q),Owner,unknown,No defect,Residential areas,Two-way (divided with broken lines road marking),Tangent road with flat terrain,No junction,Asphalt roads,Wet or damp,Darkness - lights lit,Normal,Vehicle with vehicle collision,1,1,Going straight,na,na,na,na,Employee,Normal,Not a Pedestrian,No priority to vehicle,Slight Injury
14:17:00,Saturday,Unknown,Female,Junior high school,Employee,2-5yr,Pick up upto 10Q,Owner,5-10yrs,No defect,Other,Undivided Two way,Tangent road with flat terrain,Other,Asphalt roads,Dry,Daylight,Normal,Vehicle with vehicle collision,3,1,Other,na,na,na,na,unknown,unknown,Not a Pedestrian,Changing lane to the left,Slight Injury
14:17:00,Saturday,31-50,Male,Junior high school,Employee,2-5yr,Other,Owner,Unknown,No defect,Other,Undivided Two way,Tangent road with flat terrain,Other,Asphalt roads,Dry,Daylight,Normal,Vehicle with vehicle collision,3,1,Other,Driver or rider,Male,5,3,Self-employed,Normal,Not a Pedestrian,Changing lane to the left,Slight Injury
14:17:00,Saturday,Over 51,Male,Junior high school,Employee,2-5yr,Lorry (41?100Q),Owner,unknown,unknown, Church areas,Undivided Two way,Tangent road with flat terrain,Other,Asphalt roads,Dry,Daylight,Normal,Collision with roadside objects,3,1,Going straight,na,na,na,na,Driver,Normal,Not a Pedestrian,Overtaking,Slight Injury
13:55:00,Tuesday,Unknown,Male,Elementary school,Employee,2-5yr,Ridden horse,Owner,1-2yr,5,Office areas,Undivided Two way,Tangent road with flat terrain,No junction,Asphalt roads,Dry,Daylight,Normal,Vehicle with vehicle collision,2,1,Reversing,Driver or rider,Female,5,3,Driver,Normal,Not a Pedestrian,No distancing,Slight Injury
13:55:00,Tuesday,31-50,Male,Junior high school,Employee,2-5yr,Automobile,Owner,Above 10yr,No defect,School areas,other,Tangent road with flat terrain,No junction,Asphalt roads,Dry,Daylight,Normal,Vehicle with vehicle collision,2,1,Other,Pedestrian,Male,31-50,3,Driver,Normal,Unknown or other,No priority to vehicle,Slight Injury
7:30:00,Thursday,18-30,Male,Elementary school,Employee,5-10yr,Automobile,Owner,2-5yrs,No defect,Other,Undivided Two way,Tangent road with flat terrain,No junction,Asphalt roads,Wet or damp,Daylight,Normal,Vehicle with vehicle collision,4,1,Turnover,Pedestrian,Female,18-30,3,Driver,Normal,Crossing from nearside - masked by parked or statioNot a Pedestrianry vehicle,Changing lane to the right,Slight Injury
7:30:00,Thursday,Unknown,Male,Elementary school,Employee,2-5yr,Stationwagen,Owner,1-2yr,No defect,Office areas,Undivided Two way,Tangent road with flat terrain,No junction,Asphalt roads,Wet or damp,Daylight,Normal,Vehicle with vehicle collision,4,1,Going straight,na,na,na,na,Self-employed,Normal,Not a Pedestrian,Changing lane to the left,Slight Injury
7:30:00,Thursday,Unknown,Male,Junior high school,Employee,Above 10yr,Other,Owner,1-2yr,No defect,Residential areas,other,Steep grade downward with mountainous terrain,No junction,Asphalt roads,Wet or damp,Daylight,Normal,Vehicle with vehicle collision,4,1,Going straight,Driver or rider,Male,18-30,3,Driver,Normal,Not a Pedestrian,No distancing,Slight Injury
7:30:00,Thursday,Unknown,Male,Junior high school,Employee,Above 10yr,Lorry (41?100Q),Owner,1-2yr,No defect, Industrial areas,One way,Tangent road with flat terrain,No junction,Asphalt roads,Wet or damp,Daylight,Normal,Vehicle with vehicle collision,4,1,Going straight,Driver or rider,Male,31-50,3,Driver,Normal,Not a Pedestrian,Driving carelessly,Slight Injury
19:20:00,Wednesday,Unknown,Male,High school,Employee,Above 10yr,Lorry (41?100Q),Owner,2-5yrs,No defect,Other,Undivided Two way,Tangent road with flat terrain,Y Shape,Asphalt roads,Wet or damp,Daylight,Windy,Vehicle with vehicle collision,2,1,Going straight,na,na,na,na,unknown,unknown,Not a Pedestrian,No priority to pedestrian,Slight Injury
19:20:00,Wednesday,18-30,Male,Junior high school,Employee,5-10yr,Long lorry,Owner,1-2yr,No defect,Residential areas,Undivided Two way,Tangent road with flat terrain,Y Shape,Asphalt roads,Wet or damp,Daylight,Windy,Vehicle with vehicle collision,2,1,Going straight,Driver or rider,Male,18-30,3,Self-employed,Normal,Not a Pedestrian,Driving carelessly,Slight Injury
20:30:00,Tuesday,31-50,Male,Junior high school,Owner,2-5yr,Stationwagen,Owner,1-2yr,No defect,  Recreational areas,Two-way (divided with broken lines road marking),Tangent road with flat terrain,No junction,Asphalt roads,Dry,Daylight,Normal,Vehicle with vehicle collision,2,2,Going straight,na,na,na,na,Driver,Normal,Not a Pedestrian,Moving Backward,Slight Injury
20:30:00,Tuesday,Over 51,Male,Elementary school,Employee,1-2yr,Public (12 seats),Owner,Unknown,7,Office areas,other,Tangent road with flat terrain,No junction,Asphalt roads,Dry,Daylight,Normal,Vehicle with vehicle collision,2,2,Going straight,Driver or rider,Female,31-50,3,Driver,Normal,Not a Pedestrian,No distancing,Slight Injury
14:38:00,Wednesday,Under 18,Male,Junior high school,Employee,2-5yr,Automobile,Owner,unknown,No defect, Outside rural areas,Two-way (divided with broken lines road marking),Tangent road with flat terrain,Crossing,Asphalt roads,Dry,Daylight,Normal,Vehicle with vehicle collision,3,1,Going straight,Driver or rider,Female,18-30,3,Driver,Normal,Not a Pedestrian,No distancing,Slight Injury
14:38:00,Wednesday,31-50,Male,Junior high school,Employee,5-10yr,Public (12 seats),Owner,1-2yr,No defect, Outside rural areas,Two-way (divided with broken lines road marking),Tangent road with flat terrain,Crossing,Asphalt roads,Dry,Daylight,Normal,Collision with roadside objects,3,1,Going straight,Pedestrian,Female,18-30,3,Other,Normal,Unknown or other,No distancing,Slight Injury
14:38:00,Wednesday,31-50,Male,unknown,unknown,unknown,Lorry (41?100Q),Owner,1-2yr,No defect, Outside rural areas,Undivided Two way,Tangent road with flat terrain,Crossing,Asphalt roads,Dry,Daylight,Normal,Collision with roadside objects,3,1,Other,Driver or rider,Male,18-30,3,Employee,Normal,Not a Pedestrian,Changing lane to the left,Slight Injury
13:46:00,Sunday,18-30,Male,Elementary school,Owner,5-10yr,Automobile,Governmental,Below 1yr,No defect, Outside rural areas,Undivided Two way,Tangent road with flat terrain,No junction,Asphalt roads,Dry,Daylight,Normal,Collision with roadside objects,1,1,Going straight,na,na,na,na,Driver,Normal,Not a Pedestrian,Changing lane to the left,Slight Injury
19:15:00,Monday,Unknown,Male,High school,Other,Above 10yr,Lorry (41?100Q),Owner,unknown,No defect, Outside rural areas,other,Steep grade downward with mountainous terrain,Unknown,Asphalt roads,Dry,Darkness - lights lit,Normal,Collision with pedestrians,2,1,Going straight,Passenger,Female,Over 51,3,Self-employed,Normal,Not a Pedestrian,Moving Backward,Slight Injury
19:15:00,Monday,Under 18,Male,Junior high school,Employee,Above 10yr,Lorry (41?100Q),Owner,unknown,No defect,School areas,other,Steep grade downward with mountainous terrain,Unknown,Asphalt roads,Dry,Darkness - lights lit,Normal,Vehicle with vehicle collision,2,1,Moving Backward,Pedestrian,Male,18-30,2,Driver,Normal,Unknown or other,Changing lane to the right,Slight Injury
13:00:00,Tuesday,Unknown,Male,Junior high school,Employee,1-2yr,Pick up upto 10Q,Owner,Above 10yr,No defect, Outside rural areas,Two-way (divided with broken lines road marking),Tangent road with flat terrain,Y Shape,Asphalt roads,Dry,Daylight,Other,Vehicle with vehicle collision,1,1,Going straight,Driver or rider,Male,Over 51,3,unknown,unknown,Not a Pedestrian,No priority to vehicle,Slight Injury
22:35:00,Monday,18-30,Male,High school,Owner,unknown,Other,Owner,unknown,No defect, Outside rural areas,Undivided Two way,Tangent road with flat terrain,No junction,Asphalt roads,Wet or damp,Darkness - lights lit,Raining,Collision with pedestrians,2,1,Moving Backward,Driver or rider,Male,18-30,3,Driver,Normal,Not a Pedestrian,Moving Backward,Serious Injury
22:35:00,Monday,Under 18,Male,Junior high school,Employee,2-5yr,Automobile,Owner,unknown,No defect, Outside rural areas,Two-way (divided with broken lines road marking),Escarpments,No junction,Asphalt roads,Wet or damp,Darkness - lights lit,Raining,Vehicle with vehicle collision,2,1,Other,Pedestrian,Female,31-50,3,Driver,Normal,Unknown or other,Driving carelessly,Serious Injury
9:09:00,Sunday,Over 51,Male,Junior high school,Employee,5-10yr,Automobile,Owner,2-5yrs,No defect, Outside rural areas,Two-way (divided with broken lines road marking),Tangent road with mountainous terrain and,No junction,Asphalt roads,Dry,Daylight,Normal,Vehicle with vehicle collision,2,1,Going straight,Driver or rider,Male,31-50,3,Self-employed,Normal,Not a Pedestrian,Driving carelessly,Slight Injury
9:09:00,Sunday,Over 51,Male,Junior high school,Employee,2-5yr,Lorry (11?40Q),Owner,2-5yrs,No defect,Office areas,Undivided Two way,Tangent road with mountainous terrain and,No junction,Asphalt roads,Dry,Daylight,Normal,Vehicle with vehicle collision,2,1,Reversing,na,na,na,na,Self-employed,Normal,Not a Pedestrian,Driving under the influence of drugs,Slight Injury
12:30:00,Tuesday,Unknown,Male,Junior high school,Employee,Above 10yr,Bajaj,Owner,2-5yrs,No defect, Outside rural areas,Undivided Two way,Tangent road with mountainous terrain and,Y Shape,Asphalt roads,Dry,Daylight,Normal,Vehicle with vehicle collision,3,2,Going straight,na,na,na,na,Driver,Normal,Not a Pedestrian,No priority to pedestrian,Slight Injury
12:30:00,Tuesday,31-50,Male,Elementary school,Employee,5-10yr,Automobile,Owner,unknown,No defect, Outside rural areas,Undivided Two way,Tangent road with mountainous terrain and,Y Shape,Asphalt roads,Dry,Daylight,Normal,Vehicle with vehicle collision,3,2,Other,Driver or rider,Male,31-50,3,Driver,Normal,Not a Pedestrian,No priority to vehicle,Slight Injury
12:30:00,Tuesday,Under 18,Male,Junior high school,Employee,5-10yr,Lorry (41?100Q),Owner,2-5yrs,No defect, Outside rural areas,Undivided Two way,Tangent road with flat terrain,Y Shape,Asphalt roads,Dry,Daylight,Normal,Vehicle with vehicle collision,3,2,Other,Passenger,Female,31-50,3,Self-employed,Normal,Not a Pedestrian,Driving carelessly,Slight Injury
11:45:00,Wednesday,Over 51,Male,Above high school,Employee,1-2yr,Lorry (11?40Q),Owner,unknown,No defect,Office areas,Undivided Two way,Tangent road with flat terrain,No junction,Asphalt roads,Dry,Daylight,Raining,Collision with roadside objects,1,1,Other,na,na,na,na,Driver,Normal,Not a Pedestrian,Moving Backward,Serious Injury
0:45:00,Tuesday,31-50,Male,Elementary school,Employee,Above 10yr,Lorry (11?40Q),Owner,unknown,No defect,  Recreational areas,Undivided Two way,Tangent road with flat terrain,No junction,Asphalt roads,Wet or damp,Darkness - lights lit,Normal,Collision with pedestrians,1,1,Stopping,Pedestrian,Male,31-50,3,Self-employed,Normal,"In carriageway, statioNot a Pedestrianry - not crossing  (standing or playing)",Driving carelessly,Serious Injury
18:40:00,Sunday,18-30,Male,Elementary school,Employee,5-10yr,Automobile,Owner,Above 10yr,No defect,Office areas,Undivided Two way,Tangent road with flat terrain,Y Shape,Asphalt roads,Dry,Daylight,Normal,Vehicle with vehicle collision,2,1,Other,Driver or rider,Male,31-50,3,Driver,Normal,Not a Pedestrian,No priority to vehicle,Slight Injury
18:40:00,Sunday,18-30,Male,Elementary school,Employee,2-5yr,unknown,Owner,2-5yrs,No defect,Other,Two-way (divided with broken lines road marking),Tangent road with mild grade and flat terrain,Y Shape,Asphalt roads,Dry,Daylight,Normal,Vehicle with vehicle collision,2,1,Other,na,na,na,na,Driver,Normal,Not a Pedestrian,Changing lane to the right,Slight Injury
8:42:00,Monday,Unknown,Male,Elementary school,Employee,2-5yr,Automobile,Owner,Above 10yr,No defect,Residential areas,Two-way (divided with broken lines road marking),Tangent road with flat terrain,No junction,Asphalt roads,Dry,Daylight,Unknown,Collision with roadside objects,1,1,Other,Driver or rider,Male,18-30,3,Driver,Normal,Not a Pedestrian,Changing lane to the left,Slight Injury
22:22:00,Tuesday,18-30,Male,Junior high school,Employee,5-10yr,Public (13?45 seats),Owner,Above 10yr,No defect,Residential areas,other,Tangent road with flat terrain,No junction,Asphalt roads,Dry,Darkness - lights lit,Normal,Vehicle with vehicle collision,1,2,Going straight,na,na,na,na,Driver,Normal,Not a Pedestrian,No priority to vehicle,Fatal injury
22:22:00,Tuesday,18-30,Male,Junior high school,Employee,1-2yr,Public (12 seats),Owner,unknown,No defect,Residential areas,Undivided Two way,Tangent road with flat terrain,No junction,Asphalt roads,Dry,Darkness - lights lit,Normal,Vehicle with vehicle collision,1,2,Going straight,na,na,na,na,Driver,Normal,Not a Pedestrian,Driving carelessly,Fatal injury
7:50:00,Friday,Unknown,Male,Junior high school,Employee,5-10yr,Other,Owner,Above 10yr,No defect,Other,Undivided Two way,Tangent road with flat terrain,Y Shape,Asphalt roads,Dry,Daylight,Normal,Vehicle with vehicle collision,2,1,Going straight,Driver or rider,Male,18-30,3,unknown,unknown,Not a Pedestrian,Moving Backward,Slight Injury
7:50:00,Friday,31-50,Male,Junior high school,Employee,5-10yr,Automobile,Owner,unknown,No defect,Office areas,Two-way (divided with broken lines road marking),Tangent road with flat terrain,Y Shape,Asphalt roads,Dry,Daylight,Normal,Vehicle with vehicle collision,2,1,Going straight,na,na,na,na,Driver,Normal,Not a Pedestrian,No distancing,Slight Injury
17:30:00,Tuesday,18-30,Male,Above high school,Employee,5-10yr,Automobile,Owner,unknown,unknown,Other,Two-way (divided with broken lines road marking),Tangent road with flat terrain,No junction,Asphalt roads,Dry,Daylight,Normal,Vehicle with vehicle collision,1,1,Going straight,Driver or rider,Female,31-50,2,Driver,Normal,Not a Pedestrian,Changing lane to the left,Serious Injury
14:55:00,Friday,31-50,Male,Junior high school,Employee,Above 10yr,Public (13?45 seats),Owner,Above 10yr,unknown,Other,other,Tangent road with flat terrain,Other,Asphalt roads,Dry,Daylight,Normal,Vehicle with vehicle collision,1,1,Going straight,Pedestrian,Female,31-50,3,unknown,unknown,Unknown or other,Changing lane to the left,Serious Injury
20:25:00,Tuesday,Unknown,Male,Elementary school,Employee,2-5yr,Public (13?45 seats),Owner,5-10yrs,unknown,Office areas,Two-way (divided with broken lines road marking),Tangent road with flat terrain,Crossing,Asphalt roads,Dry,Daylight,Normal,Vehicle with vehicle collision,2,3,Going straight,Driver or rider,Male,31-50,3,Self-employed,Normal,Not a Pedestrian,No distancing,Slight Injury
20:25:00,Tuesday,18-30,Male,Junior high school,Employee,5-10yr,Automobile,Owner,Below 1yr,unknown, Church areas,other,Tangent road with flat terrain,Crossing,Asphalt roads,Dry,Daylight,Normal,Vehicle with vehicle collision,2,3,Going straight,na,na,na,na,Driver,Normal,Not a Pedestrian,Changing lane to the left,Slight Injury
20:25:00,Tuesday,18-30,Male,unknown,unknown,unknown,Other,Owner,Unknown,No defect,Other,Two-way (divided with broken lines road marking),Tangent road with flat terrain,Crossing,unknown,Dry,Daylight,Normal,Collision with roadside objects,2,3,Going straight,na,na,na,na,Driver,Normal,Not a Pedestrian,Driving carelessly,Slight Injury
20:25:00,Tuesday,18-30,Male,Junior high school,Employee,5-10yr,Pick up upto 10Q,Owner,unknown,unknown,Other,One way,Tangent road with flat terrain,Crossing,Asphalt roads,Dry,Daylight,Normal,Collision with roadside objects,2,3,Going straight,Driver or rider,Female,Under 18,3,Self-employed,Normal,Not a Pedestrian,Changing lane to the left,Slight Injury
14:57:00,Thursday,31-50,Male,Junior high school,Employee,unknown,Lorry (41?100Q),Owner,unknown,unknown,Office areas,Double carriageway (median),Tangent road with flat terrain,Unknown,Asphalt roads,Dry,Daylight,Normal,Collision with roadside objects,3,1,Going straight,Driver or rider,Male,Over 51,2,Driver,Normal,Not a Pedestrian,No distancing,Slight Injury
14:57:00,Thursday,18-30,Male,Junior high school,Employee,unknown,Automobile,Owner,unknown,unknown,Office areas,One way,Tangent road with mild grade and flat terrain,Unknown,Asphalt roads,Dry,Daylight,Normal,Vehicle with vehicle collision,3,1,Reversing,na,na,na,na,Employee,Normal,Not a Pedestrian,Changing lane to the right,Slight Injury
14:57:00,Thursday,Unknown,Male,Junior high school,Employee,1-2yr,Automobile,Owner,unknown,unknown,Office areas,Undivided Two way,Tangent road with flat terrain,Unknown,Asphalt roads,Dry,Daylight,Normal,Collision with pedestrians,3,1,Going straight,Driver or rider,Male,31-50,3,Driver,Normal,Not a Pedestrian,No distancing,Slight Injury
14:18:00,Sunday,31-50,Male,Above high school,Owner,5-10yr,Lorry (41?100Q),Owner,unknown,No defect,Office areas,Double carriageway (median),Tangent road with flat terrain,Y Shape,Asphalt roads,Dry,Daylight,Normal,Vehicle with vehicle collision,2,1,Other,na,na,na,na,Driver,Normal,Not a Pedestrian,Driving to the left,Slight Injury
14:18:00,Sunday,18-30,Male,Junior high school,Employee,2-5yr,unknown,Owner,Unknown,unknown,unknown,Two-way (divided with broken lines road marking),Tangent road with flat terrain,Y Shape,Asphalt roads,Dry,Daylight,Normal,Collision with pedestrians,2,1,unknown,Driver or rider,Male,31-50,3,unknown,unknown,Not a Pedestrian,No distancing,Slight Injury
14:56:00,Tuesday,Over 51,Male,Junior high school,Owner,5-10yr,Other,Owner,Below 1yr,unknown,Office areas,Undivided Two way,Tangent road with flat terrain,Y Shape,Asphalt roads,Dry,Daylight,Normal,Vehicle with vehicle collision,2,1,Getting off,na,na,na,na,Driver,Normal,Not a Pedestrian,Overtaking,Serious Injury
14:56:00,Tuesday,18-30,Male,High school,Employee,2-5yr,Automobile,Owner,Unknown,unknown,Other,unknown,Tangent road with flat terrain,Y Shape,Asphalt roads,Dry,Daylight,Normal,Collision with pedestrians,2,1,Going straight,Driver or rider,Male,18-30,3,Driver,Normal,Not a Pedestrian,Driving under the influence of drugs,Serious Injury
2:12:00,Sunday,Unknown,Male,Junior high school,Employee,Above 10yr,Automobile,Owner,unknown,unknown,Other,Double carriageway (median),Tangent road with flat terrain,No junction,Asphalt roads,Dry,Darkness - lights lit,Normal,Vehicle with vehicle collision,4,2,Going straight,na,na,na,na,Driver,Normal,Not a Pedestrian,No priority to pedestrian,Slight Injury
2:12:00,Sunday,31-50,Male,Junior high school,Employee,Below 1yr,Automobile,Governmental,Unknown,unknown,Other,Two-way (divided with broken lines road marking),Tangent road with flat terrain,No junction,Asphalt roads,Dry,Darkness - lights lit,Normal,Vehicle with vehicle collision,4,2,Going straight,Passenger,Male,Over 51,3,Driver,Normal,Not a Pedestrian,Moving Backward,Slight Injury
2:12:00,Sunday,Unknown,Male,Junior high school,Employee,Below 1yr,Automobile,Owner,unknown,unknown,Office areas,unknown,Tangent road with flat terrain,No junction,Asphalt roads,Dry,Darkness - lights lit,Normal,Vehicle with vehicle collision,4,2,Going straight,Pedestrian,Male,18-30,3,unknown,unknown,Crossing from nearside - masked by parked or statioNot a Pedestrianry vehicle,Changing lane to the right,Slight Injury
2:12:00,Sunday,Unknown,Female,unknown,Owner,unknown,Lorry (41?100Q),Owner,unknown,unknown,Office areas,unknown,Tangent road with flat terrain,No junction,Asphalt roads,Dry,Darkness - lights lit,Normal,Vehicle with vehicle collision,4,2,Turnover,Driver or rider,Male,18-30,3,Driver,Normal,Not a Pedestrian,Changing lane to the left,Slight Injury
15:00:00,Tuesday,Under 18,Male,Junior high school,Employee,2-5yr,Other,Owner,unknown,unknown,Office areas,Two-way (divided with broken lines road marking),Tangent road with flat terrain,Y Shape,Asphalt roads,Dry,Daylight,Normal,Vehicle with vehicle collision,1,1,Entering a junction,na,na,na,na,Employee,Normal,Not a Pedestrian,Changing lane to the right,Slight Injury
21:05:00,Friday,31-50,Male,unknown,unknown,unknown,Pick up upto 10Q,Governmental,unknown,No defect,Office areas,Two-way (divided with broken lines road marking),Tangent road with flat terrain,Other,Asphalt roads,Dry,Darkness - lights lit,Normal,Vehicle with vehicle collision,2,1,Entering a junction,Driver or rider,Female,31-50,3,unknown,unknown,Not a Pedestrian,Driving under the influence of drugs,Slight Injury
21:05:00,Friday,Under 18,Male,Elementary school,Employee,No Licence,Stationwagen,Owner,2-5yrs,unknown, Church areas,Undivided Two way,Tangent road with flat terrain,Other,Asphalt roads,Dry,Darkness - lights lit,Normal,Vehicle with vehicle collision,2,1,Entering a junction,na,na,na,na,Driver,Normal,Not a Pedestrian,No priority to vehicle,Slight Injury
10:02:00,Thursday,18-30,Male,Junior high school,Employee,Above 10yr,Other,Governmental,unknown,unknown,Office areas,Two-way (divided with broken lines road marking),Tangent road with flat terrain,Y Shape,Asphalt roads,Dry,Daylight,Normal,Vehicle with vehicle collision,2,1,Entering a junction,Passenger,Male,Under 18,3,unknown,unknown,Not a Pedestrian,No priority to vehicle,Slight Injury
10:02:00,Thursday,18-30,Male,Junior high school,Owner,Above 10yr,Pick up upto 10Q,Governmental,Unknown,unknown,Residential areas,Two-way (divided with broken lines road marking),Tangent road with flat terrain,Y Shape,Asphalt roads,Dry,Daylight,Normal,Vehicle with vehicle collision,2,1,Other,Pedestrian,Male,18-30,3,Driver,Normal,Unknown or other,Changing lane to the left,Slight Injury
23:30:00,Friday,18-30,Male,Junior high school,Employee,Above 10yr,Stationwagen,Owner,unknown,unknown,School areas,Two-way (divided with broken lines road marking),Tangent road with flat terrain,Y Shape,Asphalt roads,Dry,Darkness - lights lit,Normal,Vehicle with vehicle collision,2,2,Entering a junction,na,na,na,na,Driver,Normal,Not a Pedestrian,Changing lane to the right,Slight Injury
23:30:00,Friday,18-30,Male,Junior high school,Employee,Above 10yr,Lorry (41?100Q),Owner,Unknown,unknown,Office areas,Undivided Two way,Tangent road with flat terrain,Y Shape,Asphalt roads,Dry,Darkness - lights lit,Normal,Vehicle with vehicle collision,2,2,Turnover,na,na,na,na,Self-employed,Normal,Not a Pedestrian,Changing lane to the right,Slight Injury
23:30:00,Friday,18-30,Male,Junior high school,Owner,5-10yr,Automobile,Owner,5-10yrs,unknown,Other,Undivided Two way,Tangent road with flat terrain,Y Shape,Asphalt roads,Dry,Darkness - lights lit,Normal,Vehicle with vehicle collision,2,2,Entering a junction,na,na,na,na,Driver,Normal,Not a Pedestrian,Changing lane to the left,Slight Injury
9:10:00,Tuesday,31-50,Male,Junior high school,Employee,Below 1yr,unknown,Owner,unknown,unknown,Other,Double carriageway (median),Tangent road with flat terrain,No junction,Asphalt roads,Dry,Daylight,Normal,Rollover,1,1,Entering a junction,Driver or rider,Male,18-30,3,Employee,Normal,Not a Pedestrian,Changing lane to the left,Slight Injury
18:49:00,Wednesday,18-30,Male,Junior high school,Employee,2-5yr,Automobile,Governmental,unknown,No defect,Other,Double carriageway (median),Tangent road with flat terrain,Y Shape,Asphalt roads,Dry,Daylight,Normal,Collision with roadside objects,2,1,Entering a junction,Driver or rider,Male,31-50,3,Driver,Normal,Not a Pedestrian,Getting off the vehicle improperly,Serious Injury
18:49:00,Wednesday,31-50,Male,Junior high school,Employee,unknown,Automobile,Owner,5-10yrs,No defect,Other,Two-way (divided with broken lines road marking),Tangent road with flat terrain,Y Shape,Asphalt roads,Dry,Daylight,Normal,Vehicle with vehicle collision,2,1,Entering a junction,Passenger,Male,31-50,3,unknown,unknown,Not a Pedestrian,Overtaking,Serious Injury
11:30:00,Friday,Unknown,Male,Above high school,Employee,1-2yr,Turbo,Owner,Unknown,No defect,Office areas,Double carriageway (median),Tangent road with mild grade and flat terrain,Y Shape,Asphalt roads,Dry,Daylight,Normal,Vehicle with vehicle collision,2,1,Entering a junction,Pedestrian,Male,Over 51,3,Driver,Normal,Crossing from driver's nearside,Changing lane to the left,Slight Injury
11:30:00,Friday,31-50,Unknown,Junior high school,Employee,1-2yr,unknown,Owner,unknown,unknown,Office areas,Two-way (divided with broken lines road marking),Tangent road with flat terrain,Y Shape,Asphalt roads,Dry,Daylight,Normal,Vehicle with vehicle collision,2,1,Other,Pedestrian,Female,Over 51,3,Self-employed,Normal,Crossing from offside - masked by  parked or statioNot a Pedestrianry vehicle,Driving under the influence of drugs,Slight Injury
19:24:00,Monday,Unknown,Female,Junior high school,Employee,1-2yr,Stationwagen,Owner,unknown,unknown,Office areas,unknown,Tangent road with mild grade and flat terrain,Crossing,Asphalt roads,Wet or damp,Darkness - lights lit,Raining,Collision with pedestrians,1,1,Going straight,Driver or rider,Male,18-30,3,unknown,unknown,Not a Pedestrian,Driving carelessly,Serious Injury
16:25:00,Monday,18-30,Male,Unknown,Employee,5-10yr,Automobile,Owner,unknown,unknown,Office areas,unknown,Tangent road with mild grade and flat terrain,No junction,Asphalt roads,Dry,Daylight,Normal,Collision with pedestrians,1,1,Going straight,na,na,na,na,Self-employed,Normal,Not a Pedestrian,Moving Backward,Serious Injury
17:15:00,Sunday,Unknown,Male,Junior high school,Employee,Above 10yr,Automobile,Owner,unknown,unknown,Office areas,One way,Tangent road with flat terrain,No junction,Asphalt roads,Dry,Daylight,Unknown,Vehicle with vehicle collision,2,1,Other,Driver or rider,Male,18-30,3,Self-employed,Normal,Not a Pedestrian,No distancing,Slight Injury
17:15:00,Sunday,Over 51,Male,Junior high school,Employee,Above 10yr,Automobile,unknown,unknown,unknown,Office areas,Two-way (divided with broken lines road marking),Tangent road with flat terrain,No junction,Gravel roads,Dry,Daylight,Unknown,Vehicle with vehicle collision,2,1,Going straight,na,na,na,na,unknown,unknown,Not a Pedestrian,No priority to vehicle,Slight Injury