Time,Day_of_week,Age_band_of_driver,Sex_of_driver,Educational_level,Vehicle_driver_relation,Driving_experience,Type_of_vehicle,Owner_of_vehicle,Service_year_of_vehicle,Defect_of_vehicle,Area_accident_occured,Lanes_or_Medians,Road_allignment,Types_of_Junction,Road_surface_type,Road_surface_conditions,Light_conditions,Weather_conditions,Type_of_collision,Number_of_vehicles_involved,Number_of_casualties,Vehicle_movement,Casualty_class,Sex_of_casualty,Age_band_of_casualty,Casualty_severity,Work_of_casuality,Fitness_of_casuality,Pedestrian_movement,Cause_of_accident,Accident_severity
19:32:00,Friday,Unknown,Male,Elementary school,Employee,5-10yr,Automobile,Owner,unknown,No defect, Industrial areas,other,Tangent road with flat terrain,No junction,Asphalt roads,Dry,Daylight,Normal,Collision with roadside objects,2,2,Going straight,Driver or rider,Male,18-30,3,unknown,unknown,Not a Pedestrian,Other,Slight Injury
9:45:00,Thursday,31-50,Male,Elementary school,Employee,1-2yr,Automobile,Owner,unknown,No defect,Residential areas,Two-way (divided with solid lines road marking),Tangent road with flat terrain,Y Shape,Asphalt roads,Dry,Daylight,Normal,Vehicle with vehicle collision,2,1,Overtaking,na,na,na,na,Self-employed,NormalNormal,Not a Pedestrian,Other,Slight Injury
9:45:00,Thursday,Unknown,Male,Junior high school,Employee,unknown,Lorry (41?100Q),Governmental,Below 1yr,No defect,Residential areas,Undivided Two way,Tangent road with flat terrain,Y Shape,Asphalt roads,Dry,Daylight,Normal,Vehicle with vehicle collision,2,1,Going straight,Driver or rider,Female,18-30,3,Driver,Normal,Not a Pedestrian,No distancing,Slight Injury
14:51:00,Thursday,Unknown,Female,unknown,unknown,unknown,Automobile,Owner,5-10yrs,No defect,Other,Undivided Two way,Tangent road with flat terrain,Y Shape,Asphalt roads,Dry,Daylight,Normal,Collision with roadside objects,2,1,Going straight,na,na,na,na,Driver,Normal,Not a Pedestrian,No priority to vehicle,Slight Injury
14:51:00,Thursday,Over 51,Male,Elementary school,Employee,5-10yr,Automobile,Governmental,unknown,No defect,Residential areas,other,Tangent road with flat terrain,Y Shape,Asphalt roads,Dry,Daylight,Normal,Vehicle with vehicle collision,2,1,Going straight,Driver or rider,Male,18-30,3,Other,Normal,Not a Pedestrian,Overtaking,Slight Injury
22:02:00,Saturday,18-30,Male,Junior high school,Employee,2-5yr,Automobile,Owner,1-2yr,No defect,Rural village areas,Undivided Two way,Gentle horizontal curve,Y Shape,Asphalt roads,Dry,Darkness - lights lit,Normal,Vehicle with vehicle collision,2,2,U-Turn,na,na,na,na,unknown,unknown,Not a Pedestrian,No priority to pedestrian,Slight Injury
22:02:00,Saturday,18-30,Male,Junior high school,Employee,5-10yr,Taxi,Owner,2-5yrs,No defect,Rural village areas,Undivided Two way,Gentle horizontal curve,Y Shape,Asphalt roads,Dry,Darkness - lights lit,Normal,Collision with roadside objects,2,2,Going straight,Pedestrian,Female,Under 18,3,unknown,unknown,Not a Pedestrian,No distancing,Slight Injury
22:02:00,Saturday,18-30,Male,High school,Employee,2-5yr,unknown,Owner,unknown,No defect,Office areas,Double carriageway (median),Tangent road with flat terrain,Y Shape,Asphalt roads,Dry,Darkness - lights lit,Normal,Collision with roadside objects,2,2,Going straight,Driver or rider,Male,5,3,Other,Normal,Not a Pedestrian,Changing lane to the right,Slight Injury
9:10:00,Thursday,31-50,Male,Junior high school,Employee,1-2yr,unknown,Owner,2-5yrs,No defect,Residential areas,Undivided Two way,Gentle horizontal curve,No junction,Asphalt roads,Dry,Daylight,Normal,Vehicle with vehicle collision,1,1,Going straight,Driver or rider,Male,Over 51,3,Driver,Normal,Not a Pedestrian,Driving carelessly,Slight Injury
7:50:00,Thursday,Unknown,Female,Junior high school,Employee,1-2yr,Automobile,Owner,unknown,unknown,Residential areas,other,Tangent road with flat terrain,Y Shape,Asphalt roads,Dry,Daylight,Raining,Vehicle with vehicle collision,3,1,Going straight,na,na,na,na,Driver,Normal,Not a Pedestrian,Changing lane to the right,Slight Injury
7:50:00,Thursday,18-30,Male,Junior high school,Employee,5-10yr,Pick up upto 10Q,Owner,unknown,7, Outside rural areas,other,Tangent road with flat terrain,Y Shape,Asphalt roads,Dry,Daylight,Raining,Vehicle with vehicle collision,3,1,Turnover,na,na,na,na,unknown,unknown,Not a Pedestrian,Overtaking,Slight Injury
7:50:00,Thursday,Unknown,Male,Illiterate,Employee,unknown,unknown,Owner,Above 10yr,unknown,Residential areas,other,Tangent road with flat terrain,Y Shape,Asphalt roads,Dry,Daylight,Raining,Vehicle with vehicle collision,3,1,Going straight,Pedestrian,Female,31-50,3,Driver,Normal,Not a Pedestrian,Other,Slight Injury
17:10:00,Wednesday,18-30,Male,Junior high school,Employee,5-10yr,Automobile,Owner,5-10yrs,5, Church areas,other,Tangent road with flat terrain,Other,Asphalt roads,Wet or damp,Daylight,Normal,Vehicle with vehicle collision,2,1,Going straight,na,na,na,na,unknown,unknown,Not a Pedestrian,Driving to the left,Serious Injury
17:10:00,Wednesday,31-50,Male,Junior high school,Employee,1-2yr,Public (12 seats),Owner,unknown,No defect,Office areas,Undivided Two way,Tangent road with flat terrain,Other,Asphalt roads,Wet or damp,Daylight,Normal,Vehicle with vehicle collision,2,1,Moving Backward,Passenger,Female,18-30,3,Driver,Normal,Not a Pedestrian,Driving at high speed,Serious Injury
7:55:00,Wednesday,31-50,Male,Junior high school,Employee,2-5yr,Public (13?45 seats),Owner,Unknown,No defect,Office areas,Two-way (divided with broken lines road marking),Tangent road with mountainous terrain and,Y Shape,Asphalt roads,Dry,Daylight,Normal,Vehicle with vehicle collision,2,2,Going straight,Pedestrian,Female,31-50,2,Driver,Normal,Not a Pedestrian,Unknown,Slight Injury
7:55:00,Wednesday,18-30,Male,Junior high school,Employee,Above 10yr,Lorry (11?40Q),Governmental,unknown,No defect,Office areas,Two-way (divided with broken lines road marking),Escarpments,Y Shape,Asphalt roads,Dry,Daylight,Normal,Vehicle with vehicle collision,2,2,Moving Backward,na,na,na,na,unknown,unknown,Not a Pedestrian,Changing lane to the right,Slight Injury
8:42:00,Monday,18-30,Male,Junior high school,Owner,5-10yr,Stationwagen,Owner,2-5yrs,unknown,Other,Undivided Two way,Tangent road with mountainous terrain and,No junction,Asphalt roads,Wet or damp,Daylight,Normal,Vehicle with vehicle collision,2,1,Going straight,Driver or rider,Male,5,3,unknown,unknown,Not a Pedestrian,No distancing,Slight Injury
8:42:00,Monday,Unknown,Female,High school,Employee,1-2yr,Ridden horse,Owner,2-5yrs,unknown,Other,Undivided Two way,Tangent road with flat terrain,No junction,Asphalt roads,Wet or damp,Daylight,Normal,Vehicle with vehicle collision,2,1,Going straight,Pedestrian,Male,18-30,3,unknown,unknown,Not a Pedestrian,Other,Slight Injury
15:36:00,Monday,Unknown,Female,Junior high school,Employee,Above 10yr,Stationwagen,Owner,Unknown,No defect,Residential areas,Two-way (divided with broken lines road marking),Tangent road with flat terrain,No junction,Asphalt roads,Wet or damp,Daylight,Unknown,Vehicle with vehicle collision,2,2,Going straight,Passenger,Female,Over 51,3,unknown,unknown,Not a Pedestrian,No priority to vehicle,Slight Injury
15:36:00,Monday,31-50,Male,Junior high school,Employee,1-2yr,Automobile,Owner,unknown,unknown,Other,Two-way (divided with broken lines road marking),Tangent road with flat terrain,No junction,Asphalt roads,Wet or damp,Daylight,Unknown,Vehicle with vehicle collision,2,2,Going straight,Passenger,Female,Over 51,3,Other,Normal,Not a Pedestrian,Changing lane to the left,Slight Injury
15:36:00,Monday,31-50,Male,Junior high school,Employee,2-5yr,Automobile,Owner,Below 1yr,unknown,Other,Undivided Two way,Tangent road with mild grade and flat terrain,No junction,Asphalt roads,Wet or damp,Daylight,Unknown,Vehicle with vehicle collision,2,2,U-Turn,na,na,na,na,Self-employed,Normal,Not a Pedestrian,No priority to pedestrian,Slight Injury
13:46:00,Tuesday,31-50,Male,Junior high school,Employee,Above 10yr,Other,Owner,5-10yrs,unknown,Other,Two-way (divided with broken lines road marking),Tangent road with flat terrain,Other,Asphalt roads,Dry,Daylight,Normal,Vehicle with vehicle collision,2,1,Going straight,na,na,na,na,unknown,unknown,Not a Pedestrian,Overtaking,Slight Injury
13:46:00,Tuesday,18-30,Male,Junior high school,Employee,2-5yr,Taxi,Governmental,5-10yrs,No defect,Other,Undivided Two way,Tangent road with flat terrain,Other,Asphalt roads,Dry,Daylight,Normal,Vehicle with vehicle collision,2,1,Going straight,Driver or rider,Female,31-50,3,Student,Normal,Not a Pedestrian,Driving carelessly,Slight Injury
5:54:00,Wednesday,31-50,Male,Elementary school,Employee,5-10yr,Automobile,Owner,2-5yrs,No defect,Other,Double carriageway (median),Tangent road with mild grade and flat terrain,Other,Asphalt roads,Dry,Darkness - lights lit,Normal,Vehicle with vehicle collision,2,1,Going straight,Pedestrian,Male,18-30,3,Other,Normal,Unknown or other,No priority to vehicle,Slight Injury
5:54:00,Wednesday,18-30,Male,unknown,unknown,unknown,Stationwagen,Owner,unknown,No defect,Other,Two-way (divided with broken lines road marking),Tangent road with flat terrain,Other,Asphalt roads,Dry,Darkness - lights lit,Normal,Vehicle with vehicle collision,2,1,Going straight,Pedestrian,Female,18-30,2,Driver,Normal,Not a Pedestrian,No priority to pedestrian,Slight Injury
11:00:00,Friday,31-50,Male,Elementary school,Employee,1-2yr,Automobile,Owner,2-5yrs,unknown, Church areas,Two-way (divided with broken lines road marking),Tangent road with flat terrain,No junction,Asphalt roads,Dry,Daylight,Normal,Vehicle with vehicle collision,2,1,Going straight,Passenger,Female,Over 51,3,Other,Normal,Not a Pedestrian,Changing lane to the right,Slight Injury
11:00:00,Friday,18-30,Male,Elementary school,Employee,5-10yr,Public (12 seats),Owner,5-10yrs,unknown,Other,Undivided Two way,Tangent road with flat terrain,No junction,Asphalt roads,Dry,Daylight,Normal,Collision with roadside objects,2,1,Going straight,Driver or rider,Male,31-50,3,Driver,Normal,Not a Pedestrian,Driving carelessly,Slight Injury
11:30:00,Tuesday,18-30,Male,Elementary school,Employee,5-10yr,unknown,Organization,2-5yrs,unknown, Industrial areas,Two-way (divided with broken lines road marking),Tangent road with flat terrain,Crossing,Asphalt roads,Dry,Daylight,Normal,Vehicle with vehicle collision,2,1,Stopping,Pedestrian,Male,Over 51,2,Other,Normal,Not a Pedestrian,Changing lane to the right,Slight Injury
11:30:00,Tuesday,18-30,Male,Junior high school,Employee,1-2yr,Automobile,Owner,unknown,No defect,Residential areas,Double carriageway (median),Tangent road with flat terrain,Crossing,Asphalt roads,Dry,Daylight,Normal,Collision with pedestrians,2,1,Turnover,Driver or rider,Male,18-30,3,unknown,Normal,Not a Pedestrian,Changing lane to the right,Slight Injury
10:40:00,Tuesday,Over 51,Male,Junior high school,Employee,5-10yr,Lorry (41?100Q),Governmental,Above 10yr,No defect,Other,Two-way (divided with broken lines road marking),Tangent road with flat terrain,Y Shape,Asphalt roads,Dry,Daylight,Normal,Vehicle with vehicle collision,2,1,Getting off,Driver or rider,Female,18-30,3,Driver,Normal,Not a Pedestrian,Changing lane to the left,Slight Injury
10:40:00,Tuesday,18-30,Male,Junior high school,Employee,5-10yr,unknown,Owner,unknown,No defect,Office areas,Two-way (divided with broken lines road marking),Tangent road with flat terrain,Y Shape,Asphalt roads,Dry,Daylight,Normal,Collision with roadside objects,2,1,Moving Backward,Driver or rider,Male,31-50,3,Driver,Normal,Not a Pedestrian,Overturning,Slight Injury
12:54:00,Saturday,Over 51,Male,Junior high school,Employee,2-5yr,Public (> 45 seats),Owner,unknown,No defect, Industrial areas,Unknown,Tangent road with flat terrain,Y Shape,Asphalt roads,Dry,Daylight,Normal,Vehicle with vehicle collision,1,1,Moving Backward,Passenger,Female,Under 18,3,Self-employed,Normal,Not a Pedestrian,Driving carelessly,Serious Injury
10:43:00,Thursday,Over 51,Male,Junior high school,Employee,1-2yr,unknown,Owner,1-2yr,No defect, Industrial areas,Double carriageway (median),Tangent road with flat terrain,No junction,Asphalt roads,Dry,Daylight,Normal,Vehicle with vehicle collision,1,1,Going straight,Passenger,Male,Under 18,3,unknown,unknown,Not a Pedestrian,No distancing,Slight Injury
2:00:00,Thursday,Unknown,Female,Junior high school,Employee,5-10yr,Public (12 seats),Owner,unknown,No defect,Other,Two-way (divided with broken lines road marking),Tangent road with flat terrain,No junction,Asphalt roads,Dry,Darkness - lights lit,Unknown,Vehicle with vehicle collision,1,1,Turnover,na,na,na,na,unknown,unknown,Not a Pedestrian,Driving carelessly,Serious Injury
18:23:00,Friday,Over 51,Male,Junior high school,Employee,Below 1yr,Public (12 seats),Organization,Above 10yr,unknown, Hospital areas,Two-way (divided with broken lines road marking),Tangent road with flat terrain,No junction,Asphalt roads,Dry,Daylight,Normal,Vehicle with vehicle collision,1,1,Going straight,Pedestrian,Female,Over 51,3,Employee,Normal,Unknown or other,Changing lane to the left,Slight Injury
7:40:00,Friday,18-30,Male,Junior high school,Employee,5-10yr,Automobile,Owner,Unknown,unknown,Office areas,One way,Tangent road with flat terrain,Y Shape,Asphalt roads,Dry,Daylight,Normal,Vehicle with vehicle collision,2,1,Going straight,Driver or rider,Male,31-50,3,Driver,Normal,Not a Pedestrian,No priority to vehicle,Slight Injury
7:40:00,Friday,Unknown,Male,Junior high school,Owner,5-10yr,unknown,Owner,2-5yrs,No defect, Church areas,Undivided Two way,Tangent road with flat terrain,Y Shape,Asphalt roads,Dry,Daylight,Normal,Rollover,2,1,U-Turn,Driver or rider,Male,31-50,3,Other,Normal,Not a Pedestrian,Changing lane to the right,Slight Injury
15:59:00,Monday,31-50,Male,unknown,Owner,5-10yr,Automobile,Organization,5-10yrs,No defect, Hospital areas,Undivided Two way,Tangent road with mountainous terrain and,Crossing,Asphalt roads,Wet or damp,Daylight,Raining,Collision with roadside objects,2,1,Going straight,Pedestrian,Female,31-50,3,Driver,Normal,Unknown or other,No distancing,Slight Injury
15:59:00,Monday,18-30,Male,Junior high school,Employee,5-10yr,Lorry (41?100Q),Owner,Above 10yr,No defect,Office areas,other,Tangent road with flat terrain,Crossing,Asphalt roads,Wet or damp,Daylight,Raining,Vehicle with vehicle collision,2,1,Going straight,Pedestrian,Female,Under 18,3,Driver,Normal,Not a Pedestrian,Moving Backward,Slight Injury
17:35:00,Thursday,Over 51,Male,High school,Employee,2-5yr,Public (12 seats),Owner,2-5yrs,No defect,Other,Two-way (divided with broken lines road marking),Escarpments,No junction,Asphalt roads,Dry,Daylight,Normal,Collision with roadside objects,2,1,U-Turn,Passenger,Female,Over 51,3,Driver,Normal,Not a Pedestrian,Moving Backward,Slight Injury
17:35:00,Thursday,18-30,Male,Above high school,Employee,5-10yr,Lorry (11?40Q),Owner,1-2yr,unknown,Office areas,Undivided Two way,Tangent road with flat terrain,No junction,Asphalt roads,Dry,Daylight,Normal,Vehicle with vehicle collision,2,1,Stopping,na,na,na,na,Driver,Normal,Not a Pedestrian,No distancing,Slight Injury
19:00:00,Sunday,31-50,Male,Junior high school,Employee,Above 10yr,Automobile,Owner,2-5yrs,unknown,Office areas,Two-way (divided with broken lines road marking),Tangent road with mountainous terrain and,No junction,Asphalt roads,Dry,Daylight,Normal,Vehicle with vehicle collision,2,2,Going straight,Pedestrian,Male,Over 51,3,Driver,Normal,Not a Pedestrian,No distancing,Slight Injury
19:00:00,Sunday,31-50,Male,Junior high school,Employee,Below 1yr,Automobile,Owner,unknown,No defect,Other,Double carriageway (median),Steep grade downward with mountainous terrain,No junction,Asphalt roads,Dry,Daylight,Normal,Vehicle with vehicle collision,2,2,Moving Backward,Driver or rider,Male,Over 51,3,Driver,Normal,Not a Pedestrian,No distancing,Slight Injury
19:00:00,Sunday,31-50,Male,Elementary school,Employee,5-10yr,Automobile,Owner,1-2yr,No defect,Office areas,Undivided Two way,Tangent road with mild grade and flat terrain,No junction,Asphalt roads,Dry,Daylight,Normal,Vehicle with vehicle collision,2,2,Getting off,na,na,na,na,Driver,Normal,Not a Pedestrian,No priority to pedestrian,Slight Injury
11:30:00,Thursday,18-30,Male,Elementary school,Employee,2-5yr,Bajaj,Owner,unknown,No defect,Residential areas,Undivided Two way,Tangent road with flat terrain,Y Shape,Asphalt roads,Dry,Daylight,Normal,Vehicle with vehicle collision,2,1,Going straight,Driver or rider,Male,18-30,3,Driver,Normal,Not a Pedestrian,Driving carelessly,Slight Injury
11:30:00,Thursday,18-30,Male,Junior high school,Employee,2-5yr,Public (12 seats),Owner,Unknown,unknown,Other,Two-way (divided with broken lines road marking),Tangent road with flat terrain,Y Shape,Asphalt roads,Dry,Daylight,Normal,Collision with roadside objects,2,1,Going straight,na,na,na,na,Student,Normal,Not a Pedestrian,Changing lane to the right,Slight Injury
22:15:00,Wednesday,18-30,Male,Junior high school,Employee,1-2yr,Lorry (11?40Q),Owner,2-5yrs,unknown,Office areas,Double carriageway (median),Tangent road with flat terrain,Y Shape,Asphalt roads,Dry,Darkness - lights lit,Normal,Vehicle with vehicle collision,2,2,Turnover,Driver or rider,Male,31-50,3,unknown,unknown,Not a Pedestrian,Changing lane to the left,Slight Injury
22:15:00,Wednesday,18-30,Male,Junior high school,Employee,2-5yr,unknown,Owner,5-10yrs,unknown,Office areas,Undivided Two way,Tangent road with mountainous terrain and,Y Shape,Asphalt roads,Dry,Darkness - lights lit,Normal,Collision with roadside objects,2,2,Moving Backward,na,na,na,na,unknown,unknown,Not a Pedestrian,Driving carelessly,Slight Injury
11:39:00,Tuesday,Over 51,Male,Junior high school,Employee,2-5yr,unknown,unknown,unknown,unknown,Office areas,other,Tangent road with flat terrain,Crossing,Asphalt roads,Wet or damp,Daylight,Raining,Vehicle with vehicle collision,2,1,Going straight,Pedestrian,Male,18-30,2,unknown,Normal,Unknown or other,Driving carelessly,Slight Injury
11:39:00,Tuesday,18-30,Male,Junior high school,Employee,Above 10yr,Automobile,Owner,5-10yrs,No defect,Other,Two-way (divided with broken lines road marking),Tangent road with mild grade and flat terrain,Crossing,Earth roads,Wet or damp,Daylight,Raining,Vehicle with vehicle collision,2,1,Moving Backward,na,na,na,na,Driver,Normal,Not a Pedestrian,No distancing,Slight Injury
16:58:00,Monday,18-30,Male,High school,Employee,Below 1yr,Lorry (11?40Q),Owner,unknown,No defect, Church areas,Undivided Two way,Tangent road with flat terrain,Y Shape,Asphalt roads,Wet or damp,Daylight,Raining,Vehicle with vehicle collision,2,1,Going straight,Driver or rider,Female,31-50,3,Driver,Normal,Not a Pedestrian,Other,Slight Injury
16:58:00,Monday,31-50,Male,Junior high school,Employee,2-5yr,Lorry (41?100Q),Owner,Unknown,No defect, Industrial areas,Undivided Two way,Tangent road with flat terrain,Y Shape,Asphalt roads,Wet or damp,Daylight,Raining,Vehicle with vehicle collision,2,1,unknown,Passenger,Female,Under 18,3,unknown,unknown,Not a Pedestrian,Changing lane to the right,Slight Injury
9:35:00,Wednesday,31-50,Male,High school,Employee,Above 10yr,Pick up upto 10Q,Owner,1-2yr,No defect,Office areas,Double carriageway (median),Tangent road with flat terrain,Other,Asphalt roads,Dry,Daylight,Unknown,Vehicle with vehicle collision,1,1,Going straight,na,na,na,na,unknown,unknown,Not a Pedestrian,Changing lane to the right,Slight Injury
17:50:00,Friday,18-30,Male,Junior high school,Employee,Above 10yr,Lorry (11?40Q),Owner,Unknown,No defect, Church areas,Undivided Two way,Tangent road with flat terrain,Crossing,Asphalt roads,Dry,Daylight,Normal,Vehicle with vehicle collision,3,2,unknown,Driver or rider,Female,18-30,3,unknown,unknown,Not a Pedestrian,No distancing,Slight Injury
17:50:00,Friday,31-50,Male,High school,Employee,5-10yr,Stationwagen,Owner,unknown,unknown,Office areas,Undivided Two way,Tangent road with flat terrain,Crossing,Asphalt roads,Dry,Daylight,Normal,Vehicle with vehicle collision,3,2,Going straight,Driver or rider,Male,Over 51,3,unknown,unknown,Not a Pedestrian,No distancing,Slight Injury
17:50:00,Friday,31-50,Male,Junior high school,Employee,Above 10yr,Other,Owner,unknown,No defect,Office areas,other,Tangent road with flat terrain,Crossing,Asphalt roads,Dry,Daylight,Normal,Vehicle with vehicle collision,3,2,unknown,na,na,na,na,Driver,Normal,Not a Pedestrian,Overturning,Slight Injury
4:56:00,Saturday,31-50,Male,Junior high school,Employee,1-2yr,Other,Owner,unknown,unknown,Residential areas,Two-way (divided with broken lines road marking),Tangent road with flat terrain,Crossing,Asphalt roads,Wet or damp,Darkness - lights lit,Raining,Vehicle with vehicle collision,1,1,Going straight,na,na,na,na,Driver,Normal,Not a Pedestrian,Driving at high speed,Slight Injury
8:00:00,Friday,18-30,Male,Junior high school,Employee,2-5yr,Lorry (11?40Q),Owner,5-10yrs,unknown,Office areas,Two-way (divided with broken lines road marking),Tangent road with flat terrain,Y Shape,Asphalt roads,Dry,Daylight,Normal,Vehicle with vehicle collision,2,1,Going straight,Driver or rider,Male,31-50,3,Driver,Normal,Not a Pedestrian,No priority to vehicle,Slight Injury
8:00:00,Friday,31-50,Male,Elementary school,Employee,2-5yr,unknown,Owner,5-10yrs,unknown,Residential areas,Undivided Two way,Tangent road with flat terrain,Y Shape,Asphalt roads,Dry,Daylight,Normal,Vehicle with vehicle collision,2,1,Going straight,na,na,na,na,Other,Normal,Not a Pedestrian,No priority to pedestrian,Slight Injury
16:07:00,Friday,18-30,Male,Elementary school,Other,5-10yr,Automobile,Owner,2-5yrs,unknown,Office areas,Double carriageway (median),Tangent road with flat terrain,Y Shape,Asphalt roads,Dry,Daylight,Normal,Rollover,2,1,Going straight,na,na,na,na,Driver,Normal,Not a Pedestrian,No priority to vehicle,Slight Injury
16:07:00,Friday,31-50,Male,Junior high school,Employee,5-10yr,Lorry (41?100Q),Owner,2-5yrs,No defect,Office areas,Double carriageway (median),Tangent road with flat terrain,Y Shape,Asphalt roads,Dry,Daylight,Normal,Collision with roadside objects,2,1,Going straight,Pedestrian,Female,31-50,3,unknown,unknown,Not a Pedestrian,Other,Slight Injury
16:10:00,Friday,18-30,Male,High school,Owner,5-10yr,Other,unknown,unknown,No defect,Other,Two-way (divided with broken lines road marking),Tangent road with flat terrain,Crossing,Asphalt roads,Dry,Daylight,Normal,Vehicle with vehicle collision,2,3,Other,na,na,na,na,Driver,Normal,Not a Pedestrian,Other,Slight Injury
16:10:00,Friday,18-30,Male,Junior high school,Employee,Above 10yr,Lorry (41?100Q),Owner,Unknown,No defect,Other,Two-way (divided with broken lines road marking),Tangent road with flat terrain,Crossing,Asphalt roads,Dry,Daylight,Normal,Vehicle with vehicle collision,2,3,Other,Driver or rider,Male,18-30,3,Driver,Normal,Not a Pedestrian,Moving Backward,Slight Injury
16:10:00,Friday,18-30,Male,Junior high school,Employee,Below 1yr,Automobile,Owner,Above 10yr,No defect,Residential areas,Two-way (divided with broken lines road marking),Tangent road with flat terrain,Crossing,Asphalt roads,Dry,Daylight,Normal,Collision with roadside objects,2,3,Going straight,Driver or rider,Male,18-30,3,Unemployed,Normal,Not a Pedestrian,No distancing,Slight Injury
16:10:00,Friday,18-30,Male,Junior high school,Other,Below 1yr,Pick up upto 10Q,Owner,Unknown,unknown, Church areas,Two-way (divided with broken lines road marking),Tangent road with flat terrain,Crossing,Asphalt roads,Dry,Daylight,Normal,Vehicle with vehicle collision,2,3,Going straight,na,na,na,na,Driver,Normal,Not a Pedestrian,Moving Backward,Slight Injury
10:00:00,Wednesday,Over 51,Male,Junior high school,Employee,Above 10yr,Lorry (41?100Q),Governmental,Unknown,No defect, Church areas,Double carriageway (median),Tangent road with flat terrain,Crossing,Asphalt roads,Dry,Daylight,Normal,Vehicle with vehicle collision,1,1,Getting off,na,na,na,na,Driver,Normal,Not a Pedestrian,No priority to vehicle,Slight Injury
21:17:00,Saturday,Over 51,Male,High school,Owner,5-10yr,Public (13?45 seats),Owner,2-5yrs,No defect,Residential areas,Double carriageway (median),Tangent road with flat terrain,No junction,Asphalt roads,Dry,Darkness - lights lit,Normal,Vehicle with vehicle collision,2,4,Going straight,Driver or rider,Male,31-50,3,Driver,Normal,Not a Pedestrian,Driving carelessly,Serious Injury
21:17:00,Saturday,Over 51,Male,Elementary school,Owner,5-10yr,Long lorry,Owner,unknown,No defect,Office areas,Two-way (divided with broken lines road marking),Tangent road with mild grade and flat terrain,No junction,Asphalt roads,Dry,Darkness - lights lit,Normal,Rollover,2,4,Going straight,Passenger,Female,5,3,Driver,Normal,Not a Pedestrian,No distancing,Serious Injury
21:17:00,Saturday,Over 51,Male,Junior high school,Employee,2-5yr,Automobile,Owner,5-10yrs,No defect,Office areas,Two-way (divided with broken lines road marking),Tangent road with mild grade and flat terrain,No junction,Asphalt roads,Dry,Darkness - lights lit,Normal,Rollover,2,4,Going straight,Passenger,Female,5,3,Employee,Normal,Not a Pedestrian,Other,Serious Injury
21:17:00,Saturday,Over 51,Male,Junior high school,Employee,2-5yr,Automobile,Owner,2-5yrs,unknown,Residential areas,Two-way (divided with broken lines road marking),Tangent road with flat terrain,No junction,Asphalt roads,Dry,Darkness - lights lit,Normal,Collision with pedestrians,2,4,Going straight,Driver or rider,Male,31-50,3,Driver,Normal,Not a Pedestrian,Changing lane to the right,Serious Injury
17:01:00,Friday,31-50,Male,Above high school,Employee,5-10yr,Other,Owner,5-10yrs,unknown, Church areas,other,Tangent road with flat terrain,No junction,Asphalt roads,Dry,Daylight,Normal,Vehicle with vehicle collision,1,1,Going straight,Pedestrian,Male,18-30,3,Self-employed,Normal,Unknown or other,No distancing,Serious Injury
1:56:00,Saturday,Under 18,Male,Junior high school,Owner,2-5yr,unknown,Owner,unknown,unknown,Other,Two-way (divided with broken lines road marking),Tangent road with flat terrain,Y Shape,Asphalt roads,Wet or damp,Darkness - lights lit,Raining,Vehicle with vehicle collision,3,1,Getting off,Pedestrian,Female,31-50,3,Driver,Normal,Not a Pedestrian,Driving carelessly,Slight Injury
1:56:00,Saturday,31-50,Male,unknown,unknown,unknown,Long lorry,Owner,unknown,unknown,Office areas,Two-way (divided with broken lines road marking),Tangent road with flat terrain,Y Shape,Asphalt roads,Wet or damp,Darkness - lights lit,Raining,Vehicle with vehicle collision,3,1,Going straight,Driver or rider,Male,18-30,3,Driver,Normal,Not a Pedestrian,No distancing,Slight Injury
1:56:00,Saturday,Unknown,Male,Junior high school,Employee,2-5yr,Public (12 seats),Owner,unknown,unknown,Other,Two-way (divided with broken lines road marking),Tangent road with flat terrain,Y Shape,Asphalt roads,Wet or damp,Darkness - lights lit,Raining,Collision with pedestrians,3,1,Going straight,na,na,na,na,unknown,unknown,Not a Pedestrian,No priority to vehicle,Slight Injury
19:20:00,Friday,Unknown,Male,Junior high school,Employee,5-10yr,Public (12 seats),Owner,unknown,unknown,Other,Two-way (divided with broken lines road marking),Tangent road with flat terrain,Other,Asphalt roads,Dry,Daylight,Normal,Collision with pedestrians,2,2,Other,na,na,na,na,Driver,Normal,Not a Pedestrian,Changing lane to the right,Slight Injury
19:20:00,Friday,18-30,Male,Junior high school,Employee,2-5yr,Other,Owner,unknown,unknown,unknown,unknown,Tangent road with flat terrain,Other,Asphalt roads,Dry,Daylight,Normal,Vehicle with vehicle collision,2,2,Going straight,Driver or rider,Male,Over 51,3,unknown,unknown,Not a Pedestrian,No priority to pedestrian,Slight Injury
19:20:00,Friday,18-30,Male,Elementary school,Employee,1-2yr,Other,Governmental,2-5yrs,unknown,Residential areas,Two-way (divided with broken lines road marking),unknown,Other,Asphalt roads,Dry,Daylight,Normal,Vehicle with vehicle collision,2,2,Going straight,Pedestrian,Female,Over 51,3,unknown,unknown,Not a Pedestrian,No priority to vehicle,Slight Injury
19:08:00,Monday,18-30,Male,High school,Employee,unknown,Other,Owner,Below 1yr,unknown, Church areas,Undivided Two way,Tangent road with flat terrain,Y Shape,Asphalt roads,Dry,Darkness - lights lit,Other,Vehicle with vehicle collision,3,3,Going straight,Pedestrian,Female,18-30,3,unknown,Normal,Not a Pedestrian,Changing lane to the left,Slight Injury