Time,Day_of_week,Age_band_of_driver,Sex_of_driver,Educational_level,Vehicle_driver_relation,Driving_experience,Type_of_vehicle,Owner_of_vehicle,Service_year_of_vehicle,Defect_of_vehicle,Area_accident_occured,Lanes_or_Medians,Road_allignment,Types_of_Junction,Road_surface_type,Road_surface_conditions,Light_conditions,Weather_conditions,Type_of_collision,Number_of_vehicles_involved,Number_of_casualties,Vehicle_movement,Casualty_class,Sex_of_casualty,Age_band_of_casualty,Casualty_severity,Work_of_casuality,Fitness_of_casuality,Pedestrian_movement,Cause_of_accident,Accident_severity
17:00:00,Wednesday,31-50,Male,Elementary school,Employee,1-2yr,Lorry (41?100Q),Owner,2-5yrs,No defect,Office areas,Two-way (divided with broken lines road marking),Tangent road with flat terrain,No junction,Asphalt roads,Dry,Darkness - lights lit,Normal,Vehicle with vehicle collision,2,1,Other,na,na,na,na,unknown,unknown,Not a Pedestrian,Overtaking,Slight Injury
18:55:00,Thursday,31-50,Male,unknown,unknown,unknown,Stationwagen,Owner,unknown,unknown,Residential areas,Undivided Two way,Tangent road with flat terrain,Y Shape,Asphalt roads,Dry,Daylight,Normal,Vehicle with vehicle collision,3,2,Going straight,Pedestrian,Female,Under 18,3,Driver,Normal,Not a Pedestrian,Driving carelessly,Slight Injury
18:55:00,Thursday,18-30,Male,Junior high school,Employee,Above 10yr,Automobile,Owner,Unknown,unknown,Other,Two-way (divided with broken lines road marking),Tangent road with flat terrain,Y Shape,Asphalt roads,Dry,Daylight,Normal,Collision with roadside objects,3,2,unknown,na,na,na,na,Self-employed,Normal,Not a Pedestrian,Changing lane to the left,Slight Injury
18:55:00,Thursday,Over 51,Male,High school,Owner,2-5yr,Other,Owner,Above 10yr,unknown, Industrial areas,Undivided Two way,Tangent road with flat terrain,Y Shape,Asphalt roads,Dry,Daylight,Normal,Vehicle with vehicle collision,3,2,Going straight,Driver or rider,Female,Over 51,3,Driver,Normal,Not a Pedestrian,Driving under the influence of drugs,Slight Injury
16:40:00,Friday,Over 51,Male,Junior high school,Employee,1-2yr,Other,Owner,Unknown,unknown,Office areas,Two-way (divided with broken lines road marking),Tangent road with flat terrain,Crossing,Asphalt roads,Dry,Daylight,Normal,Vehicle with vehicle collision,1,1,Going straight,na,na,na,na,Employee,Normal,Not a Pedestrian,No distancing,Slight Injury
7:44:00,Tuesday,Unknown,Male,Junior high school,Employee,1-2yr,Taxi,Organization,Unknown,unknown,  Recreational areas,Two-way (divided with broken lines road marking),Tangent road with flat terrain,No junction,Asphalt roads,Dry,Daylight,Normal,Vehicle with vehicle collision,3,1,Going straight,Driver or rider,Male,18-30,3,Driver,Normal,Not a Pedestrian,Moving Backward,Slight Injury
7:44:00,Tuesday,18-30,Male,Above high school,Owner,2-5yr,Automobile,Owner,1-2yr,No defect,Residential areas,Two-way (divided with broken lines road marking),Tangent road with flat terrain,No junction,Asphalt roads,Dry,Daylight,Normal,Vehicle with vehicle collision,3,1,Going straight,na,na,na,na,Self-employed,Normal,Not a Pedestrian,Changing lane to the left,Slight Injury
7:44:00,Tuesday,31-50,Female,unknown,unknown,unknown,Long lorry,Owner,Above 10yr,unknown,Residential areas,Undivided Two way,Tangent road with flat terrain,No junction,Asphalt roads,Dry,Daylight,Normal,Collision with roadside objects,3,1,Moving Backward,Driver or rider,Male,18-30,3,unknown,unknown,Not a Pedestrian,Changing lane to the right,Slight Injury
13:20:00,Friday,Over 51,Male,Elementary school,Owner,2-5yr,Long lorry,Owner,5-10yrs,unknown, Church areas,Undivided Two way,Steep grade downward with mountainous terrain,Y Shape,Asphalt roads,Dry,Daylight,Normal,Vehicle with vehicle collision,2,1,Moving Backward,Driver or rider,Male,31-50,3,Driver,Normal,Not a Pedestrian,No distancing,Slight Injury
13:20:00,Friday,Over 51,Male,Junior high school,Employee,1-2yr,Lorry (41?100Q),Owner,5-10yrs,unknown,Residential areas,Undivided Two way,Tangent road with flat terrain,Y Shape,Asphalt roads,Dry,Daylight,Normal,Collision with roadside objects,2,1,Going straight,Passenger,Male,31-50,3,Driver,Normal,Not a Pedestrian,Driving at high speed,Slight Injury
16:05:00,Friday,18-30,Male,unknown,Owner,5-10yr,Lorry (41?100Q),Owner,Unknown,No defect,unknown,other,Tangent road with flat terrain,No junction,Gravel roads,Dry,Daylight,Normal,Vehicle with vehicle collision,2,1,Going straight,Passenger,Female,18-30,3,Driver,Normal,Not a Pedestrian,Changing lane to the right,Slight Injury
16:05:00,Friday,31-50,Male,Junior high school,Employee,Below 1yr,Lorry (11?40Q),Owner,5-10yrs,No defect,Other,Undivided Two way,Tangent road with flat terrain,No junction,Asphalt roads,Dry,Daylight,Normal,Rollover,2,1,Turnover,na,na,na,na,unknown,Normal,Not a Pedestrian,No priority to vehicle,Slight Injury
17:33:00,Saturday,31-50,Male,Junior high school,Employee,2-5yr,Automobile,Owner,Unknown,unknown,Other,Two-way (divided with solid lines road marking),Tangent road with flat terrain,Y Shape,Asphalt roads,Wet or damp,Darkness - lights lit,Raining,Vehicle with vehicle collision,1,1,Going straight,na,na,na,na,unknown,unknown,Not a Pedestrian,No distancing,Slight Injury
19:56:00,Tuesday,18-30,Male,Junior high school,Employee,5-10yr,Taxi,Owner,Unknown,No defect, Church areas,Two-way (divided with solid lines road marking),Tangent road with flat terrain,No junction,Asphalt roads,Wet or damp,Darkness - lights lit,Other,Vehicle with vehicle collision,2,1,Going straight,Passenger,Male,18-30,3,Driver,Normal,Not a Pedestrian,Turnover,Slight Injury
19:56:00,Tuesday,18-30,Male,Junior high school,Employee,Above 10yr,Other,Governmental,unknown,No defect,Other,Two-way (divided with solid lines road marking),Tangent road with flat terrain,No junction,Asphalt roads,Wet or damp,Darkness - lights lit,Other,Vehicle with vehicle collision,2,1,Going straight,na,na,na,na,unknown,Normal,Not a Pedestrian,No distancing,Slight Injury
7:40:00,Thursday,Over 51,Male,Elementary school,Employee,2-5yr,Automobile,Owner,Unknown,No defect, Church areas,Two-way (divided with solid lines road marking),Tangent road with flat terrain,Y Shape,Asphalt roads,Dry,Daylight,Normal,Vehicle with vehicle collision,1,1,Going straight,Driver or rider,Male,31-50,3,unknown,Normal,Not a Pedestrian,Changing lane to the right,Slight Injury
7:28:00,Friday,18-30,Male,Elementary school,Owner,Above 10yr,Automobile,Owner,Unknown,No defect, Church areas,Two-way (divided with broken lines road marking),Tangent road with flat terrain,Y Shape,Asphalt roads,Wet or damp,Daylight,Raining,Vehicle with vehicle collision,2,1,Going straight,Driver or rider,Male,31-50,3,Self-employed,Normal,Not a Pedestrian,No distancing,Slight Injury
7:28:00,Friday,31-50,Male,Junior high school,Employee,1-2yr,Automobile,Owner,Above 10yr,No defect,Other,Undivided Two way,Tangent road with flat terrain,Y Shape,Asphalt roads,Wet or damp,Daylight,Raining,Collision with pedestrians,2,1,Going straight,Pedestrian,Female,Under 18,3,Self-employed,Normal,Not a Pedestrian,Changing lane to the left,Slight Injury
13:10:00,Saturday,18-30,Male,Junior high school,Employee,5-10yr,Automobile,Governmental,5-10yrs,No defect,Other,Undivided Two way,Tangent road with flat terrain,Y Shape,Asphalt roads,Dry,Daylight,Normal,Rollover,3,3,Going straight,Driver or rider,Male,18-30,3,unknown,Normal,Not a Pedestrian,Driving carelessly,Slight Injury
13:10:00,Saturday,31-50,Male,Junior high school,Employee,2-5yr,Public (> 45 seats),Owner,5-10yrs,No defect,School areas,other,Tangent road with flat terrain,Y Shape,Asphalt roads,Dry,Daylight,Normal,Vehicle with vehicle collision,3,3,Going straight,na,na,na,na,Driver,Normal,Not a Pedestrian,Changing lane to the right,Slight Injury
13:10:00,Saturday,31-50,Male,Junior high school,Employee,2-5yr,Lorry (11?40Q),Owner,Above 10yr,No defect,Residential areas,Undivided Two way,Tangent road with flat terrain,Y Shape,Asphalt roads with some distress,Dry,Daylight,Normal,Rollover,3,3,unknown,Pedestrian,Male,18-30,3,Other,Normal,"In carriageway, statioNot a Pedestrianry - not crossing  (standing or playing)",No priority to vehicle,Slight Injury
13:10:00,Saturday,31-50,Male,Junior high school,Employee,2-5yr,Lorry (41?100Q),unknown,1-2yr,No defect,Other,Two-way (divided with broken lines road marking),Tangent road with flat terrain,Y Shape,Asphalt roads,Dry,Daylight,Normal,Vehicle with vehicle collision,3,3,Other,na,na,na,na,Employee,Normal,Not a Pedestrian,No distancing,Slight Injury
21:39:00,Saturday,Unknown,Male,Junior high school,Employee,2-5yr,Lorry (41?100Q),Owner,Above 10yr,No defect,Office areas,Undivided Two way,Tangent road with flat terrain,Other,Asphalt roads,Dry,Darkness - lights lit,Unknown,Vehicle with vehicle collision,2,1,Getting off,Driver or rider,Male,18-30,3,Driver,Normal,Not a Pedestrian,No priority to pedestrian,Slight Injury
21:39:00,Saturday,18-30,Male,Junior high school,Employee,Above 10yr,Stationwagen,Owner,Above 10yr,No defect,Residential areas,Undivided Two way,Tangent road with flat terrain,Other,Asphalt roads,Dry,Darkness - lights lit,Unknown,Vehicle with vehicle collision,2,1,Going straight,Pedestrian,Female,18-30,3,Driver,Normal,Not a Pedestrian,No priority to pedestrian,Slight Injury
21:50:00,Monday,Unknown,Male,Junior high school,Employee,Above 10yr,Other,Owner,Above 10yr,No defect,Other,One way,Steep grade downward with mountainous terrain,Unknown,Asphalt roads,Wet or damp,Daylight,Other,Fall from vehicles,2,1,Going straight,Pedestrian,Female,Under 18,3,Employee,Normal,"Walking along in carriageway, back to traffic",No priority to vehicle,Slight Injury
21:50:00,Monday,Under 18,Male,Elementary school,Employee,5-10yr,Automobile,Owner,Above 10yr,No defect,Residential areas,Two-way (divided with broken lines road marking),Tangent road with flat terrain,Unknown,Asphalt roads,Wet or damp,Daylight,Other,Vehicle with vehicle collision,2,1,Going straight,Driver or rider,Male,31-50,3,Driver,Normal,Not a Pedestrian,Changing lane to the left,Slight Injury
19:49:00,Wednesday,Under 18,Male,unknown,Employee,unknown,Pick up upto 10Q,Owner,5-10yrs,No defect,Residential areas,Undivided Two way,Tangent road with flat terrain,Crossing,Asphalt roads,Dry,Darkness - lights lit,Normal,Collision with roadside objects,2,1,Other,Driver or rider,Male,18-30,3,Driver,Normal,Not a Pedestrian,Changing lane to the left,Slight Injury
19:49:00,Wednesday,Unknown,Male,unknown,Employee,2-5yr,Motorcycle,Owner,unknown,No defect,Residential areas,Two-way (divided with broken lines road marking),Tangent road with flat terrain,Crossing,Asphalt roads,Dry,Darkness - lights lit,Normal,Vehicle with vehicle collision,2,1,Going straight,Driver or rider,Male,Over 51,2,Driver,Normal,Not a Pedestrian,No distancing,Slight Injury
17:53:00,Wednesday,Under 18,Male,Elementary school,Employee,5-10yr,Automobile,Owner,1-2yr,No defect,Other,other,Tangent road with flat terrain,No junction,Asphalt roads,Dry,Daylight,Normal,Vehicle with vehicle collision,2,1,Moving Backward,Pedestrian,Male,18-30,3,Driver,Normal,Unknown or other,No priority to vehicle,Slight Injury
17:53:00,Wednesday,31-50,Male,Junior high school,Employee,5-10yr,Pick up upto 10Q,Owner,5-10yrs,No defect,Other,Undivided Two way,Tangent road with flat terrain,No junction,Asphalt roads,Dry,Daylight,Normal,Vehicle with vehicle collision,2,1,Other,Driver or rider,Female,5,3,unknown,Normal,Not a Pedestrian,No distancing,Slight Injury
10:53:00,Saturday,Over 51,Male,Junior high school,Employee,Above 10yr,Motorcycle,Owner,5-10yrs,No defect,Other,One way,Tangent road with flat terrain,Y Shape,Asphalt roads,Dry,Daylight,Normal,Collision with pedestrians,2,1,Going straight,na,na,na,na,unknown,Normal,Not a Pedestrian,No distancing,Slight Injury
10:53:00,Saturday,31-50,Male,Junior high school,Employee,5-10yr,Stationwagen,Owner,1-2yr,No defect, Hospital areas,Undivided Two way,Tangent road with flat terrain,Y Shape,Asphalt roads,Dry,Daylight,Normal,Vehicle with vehicle collision,2,1,Going straight,na,na,na,na,unknown,Normal,Not a Pedestrian,Changing lane to the right,Slight Injury
17:05:00,Monday,Unknown,Male,Junior high school,Employee,Above 10yr,Lorry (41?100Q),Owner,2-5yrs,No defect,Residential areas,Undivided Two way,Tangent road with flat terrain,Y Shape,Asphalt roads,Dry,Daylight,Normal,Vehicle with vehicle collision,2,1,Going straight,Driver or rider,Female,18-30,3,unknown,Normal,Not a Pedestrian,Changing lane to the left,Serious Injury
17:05:00,Monday,31-50,Male,Elementary school,Employee,Below 1yr,Taxi,Owner,5-10yrs,No defect,Residential areas,One way,Tangent road with flat terrain,Y Shape,Asphalt roads,Dry,Daylight,Normal,Vehicle with vehicle collision,2,1,unknown,Passenger,Female,18-30,3,unknown,Normal,Not a Pedestrian,No distancing,Serious Injury
8:00:00,Tuesday,18-30,Male,Elementary school,Employee,5-10yr,Automobile,Owner,5-10yrs,No defect,Residential areas,Undivided Two way,Tangent road with flat terrain,No junction,Asphalt roads,Dry,Daylight,Normal,Rollover,2,1,Going straight,Driver or rider,Male,18-30,3,unknown,Normal,Not a Pedestrian,Overturning,Slight Injury
8:00:00,Tuesday,18-30,Male,Elementary school,Employee,1-2yr,Long lorry,Owner,1-2yr,No defect,Other,Two-way (divided with broken lines road marking),Tangent road with flat terrain,No junction,Asphalt roads,Dry,Daylight,Normal,Collision with roadside objects,2,1,Going straight,na,na,na,na,unknown,unknown,Not a Pedestrian,No priority to vehicle,Slight Injury
8:55:00,Thursday,Unknown,Male,Elementary school,Employee,5-10yr,Automobile,Owner,1-2yr,No defect,Office areas,Two-way (divided with broken lines road marking),Tangent road with flat terrain,No junction,Asphalt roads,Dry,Daylight,Normal,Vehicle with vehicle collision,2,1,Going straight,Driver or rider,Male,31-50,3,Self-employed,unknown,Not a Pedestrian,Moving Backward,Slight Injury
8:55:00,Thursday,18-30,Male,Elementary school,Employee,5-10yr,Public (12 seats),Owner,2-5yrs,No defect,Other,other,Tangent road with flat terrain,No junction,Asphalt roads,Dry,Daylight,Normal,Vehicle with vehicle collision,2,1,Going straight,na,na,na,na,Self-employed,Normal,Not a Pedestrian,Driving under the influence of drugs,Slight Injury
16:35:00,Tuesday,31-50,Male,Elementary school,Employee,2-5yr,Lorry (11?40Q),Owner,Unknown,No defect,Office areas,Double carriageway (median),Tangent road with flat terrain,No junction,Asphalt roads,Dry,Daylight,Normal,Collision with roadside objects,3,1,Going straight,Driver or rider,Male,18-30,3,unknown,Normal,Not a Pedestrian,Moving Backward,Slight Injury
16:35:00,Tuesday,Unknown,Male,Elementary school,Employee,5-10yr,Pick up upto 10Q,Owner,Unknown,No defect,Residential areas,Two-way (divided with broken lines road marking),Tangent road with flat terrain,No junction,Asphalt roads,Dry,Daylight,Normal,Vehicle with vehicle collision,3,1,Going straight,Driver or rider,Female,31-50,3,unknown,unknown,Not a Pedestrian,Changing lane to the right,Slight Injury
16:35:00,Tuesday,Unknown,Female,unknown,unknown,5-10yr,Lorry (41?100Q),Owner,Unknown,No defect,Office areas,Double carriageway (median),Gentle horizontal curve,No junction,Asphalt roads,Dry,Daylight,Normal,Vehicle with vehicle collision,3,1,Going straight,na,na,na,na,Driver,Normal,Not a Pedestrian,Overspeed,Slight Injury
19:32:00,Wednesday,18-30,Male,Junior high school,Employee,Above 10yr,Other,Owner,unknown,No defect,Office areas,Double carriageway (median),Tangent road with flat terrain,No junction,Asphalt roads,Wet or damp,Darkness - lights lit,Normal,Vehicle with vehicle collision,3,1,Going straight,Driver or rider,Male,Over 51,3,unknown,unknown,Not a Pedestrian,Driving under the influence of drugs,Slight Injury
19:32:00,Wednesday,Over 51,Male,Junior high school,Employee,Above 10yr,Automobile,Organization,Unknown,No defect,Other,Double carriageway (median),Tangent road with flat terrain,No junction,Asphalt roads,Wet or damp,Darkness - lights lit,Normal,Rollover,3,1,Going straight,na,na,na,na,unknown,unknown,Not a Pedestrian,Driving carelessly,Slight Injury
19:32:00,Wednesday,18-30,Male,Elementary school,Employee,Below 1yr,Long lorry,Owner,Unknown,No defect,Office areas,Two-way (divided with broken lines road marking),Tangent road with flat terrain,No junction,Asphalt roads,Wet or damp,Darkness - lights lit,Normal,Rollover,3,1,Going straight,Driver or rider,Male,31-50,3,unknown,unknown,Not a Pedestrian,No distancing,Slight Injury
17:30:00,Wednesday,Under 18,Male,Elementary school,Employee,5-10yr,Lorry (11?40Q),Owner,Unknown,No defect,Office areas,unknown,Tangent road with flat terrain,Y Shape,Asphalt roads,Dry,Daylight,Normal,Collision with pedestrians,2,1,Going straight,na,na,na,na,Other,Normal,Not a Pedestrian,No priority to vehicle,Serious Injury
17:30:00,Wednesday,Under 18,Male,Elementary school,Owner,5-10yr,Long lorry,Governmental,Unknown,unknown,Office areas,One way,Tangent road with flat terrain,Y Shape,Asphalt roads,Dry,Daylight,Normal,Vehicle with vehicle collision,2,1,unknown,Driver or rider,Male,31-50,3,Employee,Normal,Not a Pedestrian,Overspeed,Serious Injury
8:40:00,Tuesday,18-30,Male,Elementary school,Employee,2-5yr,Automobile,Owner,Unknown,unknown,Other,Undivided Two way,Tangent road with flat terrain,No junction,Asphalt roads,Wet or damp,Daylight,Normal,Vehicle with vehicle collision,2,3,Going straight,Pedestrian,Female,Under 18,3,Self-employed,Normal,Not a Pedestrian,Driving under the influence of drugs,Slight Injury
8:40:00,Tuesday,Over 51,Male,Elementary school,Employee,Above 10yr,Taxi,Owner,Unknown,unknown,Residential areas,unknown,Tangent road with flat terrain,No junction,Asphalt roads,Wet or damp,Daylight,Normal,Vehicle with vehicle collision,2,3,Going straight,na,na,na,na,Driver,Normal,Not a Pedestrian,Changing lane to the right,Slight Injury
8:40:00,Tuesday,Over 51,Male,Elementary school,Employee,2-5yr,Taxi,Owner,2-5yrs,No defect,Residential areas,Two-way (divided with broken lines road marking),Gentle horizontal curve,No junction,Asphalt roads,Wet or damp,Daylight,Normal,Collision with pedestrians,2,3,Going straight,Driver or rider,Female,18-30,3,unknown,unknown,Not a Pedestrian,Changing lane to the right,Slight Injury
21:10:00,Monday,Under 18,Male,Junior high school,Employee,Above 10yr,Long lorry,Owner,5-10yrs,unknown, Church areas,Two-way (divided with broken lines road marking),Tangent road with flat terrain,Crossing,Asphalt roads,Dry,Darkness - lights lit,Normal,Collision with pedestrians,2,2,Going straight,Driver or rider,Male,18-30,3,Other,Normal,Not a Pedestrian,Changing lane to the right,Slight Injury
21:10:00,Monday,Under 18,Male,Junior high school,Employee,Below 1yr,Lorry (11?40Q),Owner,5-10yrs,unknown,Other,Two-way (divided with broken lines road marking),Tangent road with flat terrain,Crossing,Asphalt roads,Dry,Darkness - lights lit,Normal,Vehicle with vehicle collision,2,2,Turnover,na,na,na,na,unknown,unknown,Not a Pedestrian,Changing lane to the right,Slight Injury
21:10:00,Monday,31-50,Male,Junior high school,Employee,2-5yr,Lorry (11?40Q),Owner,Unknown,unknown,Residential areas,Two-way (divided with broken lines road marking),Tangent road with flat terrain,Crossing,Asphalt roads,Dry,Darkness - lights lit,Normal,Vehicle with vehicle collision,2,2,Moving Backward,Pedestrian,Female,18-30,3,Driver,Normal,Crossing from nearside - masked by parked or statioNot a Pedestrianry vehicle,Moving Backward,Slight Injury
7:16:00,Friday,18-30,Male,Elementary school,Employee,5-10yr,Long lorry,Owner,2-5yrs,unknown,Other,Undivided Two way,Tangent road with flat terrain,Y Shape,Asphalt roads,Dry,Daylight,Normal,Vehicle with vehicle collision,2,1,Going straight,Passenger,Female,18-30,3,Driver,Normal,Not a Pedestrian,No distancing,Slight Injury
7:16:00,Friday,31-50,Male,Elementary school,Employee,5-10yr,Turbo,Owner,2-5yrs,unknown,Residential areas,Undivided Two way,Tangent road with flat terrain,Y Shape,Asphalt roads,Dry,Daylight,Normal,Collision with roadside objects,2,1,Going straight,na,na,na,na,Driver,Normal,Not a Pedestrian,Overspeed,Slight Injury
12:50:00,Friday,Unknown,Female,Elementary school,Employee,1-2yr,Long lorry,Owner,2-5yrs,unknown,Residential areas,Two-way (divided with broken lines road marking),Tangent road with flat terrain,Crossing,Asphalt roads,Dry,Daylight,Normal,Vehicle with vehicle collision,1,1,Moving Backward,Driver or rider,Male,18-30,3,Driver,Normal,Not a Pedestrian,No distancing,Slight Injury
17:20:00,Friday,18-30,Male,Elementary school,Employee,unknown,Long lorry,Owner,5-10yrs,No defect,Other,Two-way (divided with broken lines road marking),Tangent road with flat terrain,Y Shape,Asphalt roads,Dry,Darkness - lights lit,Normal,Collision with roadside objects,2,1,Going straight,na,na,na,na,Driver,Normal,Not a Pedestrian,Driving carelessly,Slight Injury
17:20:00,Friday,Over 51,Male,Junior high school,Employee,1-2yr,Public (13?45 seats),unknown,unknown,unknown,Other,Two-way (divided with broken lines road marking),Tangent road with flat terrain,Y Shape,Asphalt roads,Dry,Darkness - lights lit,Normal,Vehicle with vehicle collision,2,1,Moving Backward,Pedestrian,Male,31-50,3,Driver,Normal,Unknown or other,No distancing,Slight Injury
10:50:00,Thursday,Over 51,Male,unknown,Employee,5-10yr,Automobile,Owner,Unknown,No defect,Other,Undivided Two way,Tangent road with flat terrain,Crossing,Asphalt roads,Dry,Daylight,Normal,Collision with pedestrians,2,2,Going straight,Pedestrian,Female,31-50,3,Driver,Normal,Not a Pedestrian,No distancing,Slight Injury
10:50:00,Thursday,18-30,Male,Elementary school,Owner,1-2yr,Automobile,Owner,Unknown,No defect,Other,Double carriageway (median),Tangent road with flat terrain,Crossing,Asphalt roads,Dry,Daylight,Normal,Vehicle with vehicle collision,2,2,Going straight,Pedestrian,Female,18-30,3,Driver,Normal,Not a Pedestrian,No distancing,Slight Injury
11:52:00,Sunday,31-50,Male,Junior high school,Employee,5-10yr,Pick up upto 10Q,Owner,Unknown,unknown,Residential areas,Two-way (divided with broken lines road marking),Tangent road with flat terrain,Other,Asphalt roads,Wet or damp,Daylight,Normal,Vehicle with vehicle collision,2,1,Going straight,na,na,na,na,Self-employed,Normal,Not a Pedestrian,Changing lane to the right,Serious Injury
11:52:00,Sunday,18-30,Male,Junior high school,Employee,2-5yr,unknown,Owner,2-5yrs,unknown,  Recreational areas,Undivided Two way,Tangent road with flat terrain,Other,Asphalt roads,Wet or damp,Daylight,Normal,Vehicle with vehicle collision,2,1,Other,Driver or rider,Female,Over 51,3,Other,Normal,Not a Pedestrian,No distancing,Serious Injury
21:42:00,Saturday,31-50,Male,Junior high school,Employee,2-5yr,Stationwagen,Owner,unknown,unknown,Other,other,Tangent road with flat terrain,Y Shape,Asphalt roads,Wet or damp,Darkness - lights lit,Normal,Vehicle with vehicle collision,1,1,Other,Passenger,Female,Over 51,3,Driver,Normal,Not a Pedestrian,No priority to vehicle,Serious Injury
19:17:00,Monday,Under 18,Male,Junior high school,Employee,5-10yr,unknown,Owner,unknown,unknown,Office areas,Undivided Two way,Tangent road with flat terrain,Y Shape,Asphalt roads,Wet or damp,Darkness - lights lit,Raining,Vehicle with vehicle collision,2,1,Going straight,Pedestrian,Male,31-50,3,Driver,Normal,Crossing from nearside - masked by parked or statioNot a Pedestrianry vehicle,Changing lane to the left,Serious Injury
19:17:00,Monday,18-30,Male,Junior high school,Owner,Below 1yr,Automobile,unknown,unknown,unknown,Other,Undivided Two way,Tangent road with flat terrain,Y Shape,Asphalt roads,Wet or damp,Darkness - lights lit,Raining,Collision with roadside objects,2,1,Reversing,Driver or rider,Male,18-30,3,Self-employed,Normal,Not a Pedestrian,Moving Backward,Serious Injury
15:19:00,Friday,31-50,Male,High school,Employee,Below 1yr,Automobile,Owner,Unknown,unknown,Office areas,Undivided Two way,Tangent road with flat terrain,No junction,Asphalt roads,Dry,Daylight,Normal,Collision with roadside objects,1,1,Going straight,na,na,na,na,Driver,Normal,Not a Pedestrian,Driving carelessly,Slight Injury
13:25:00,Monday,31-50,Male,Junior high school,Employee,unknown,Long lorry,Owner,Unknown,unknown,Office areas,One way,Tangent road with flat terrain,Crossing,Asphalt roads,Dry,Daylight,Normal,Vehicle with vehicle collision,4,1,Going straight,na,na,na,na,Driver,Normal,Not a Pedestrian,Changing lane to the left,Slight Injury
13:25:00,Monday,31-50,Male,Junior high school,Employee,Below 1yr,Public (13?45 seats),Owner,Unknown,unknown,Office areas,Undivided Two way,Tangent road with flat terrain,Crossing,Asphalt roads,Dry,Daylight,Normal,Vehicle with vehicle collision,4,1,Going straight,Driver or rider,Male,5,3,Driver,Normal,Not a Pedestrian,No priority to pedestrian,Slight Injury
13:25:00,Monday,31-50,Male,Junior high school,Employee,2-5yr,Public (13?45 seats),Owner,Unknown,No defect,Other,Undivided Two way,Tangent road with flat terrain,Crossing,Asphalt roads,Dry,Daylight,Normal,Vehicle with vehicle collision,4,1,Going straight,na,na,na,na,Other,Normal,Not a Pedestrian,No distancing,Slight Injury
13:25:00,Monday,31-50,Male,Junior high school,Employee,2-5yr,Lorry (11?40Q),Governmental,Unknown,unknown,Other,Double carriageway (median),Tangent road with flat terrain,Crossing,Asphalt roads,Dry,Daylight,Normal,Vehicle with vehicle collision,4,1,Moving Backward,Driver or rider,Male,31-50,3,unknown,Normal,Not a Pedestrian,No distancing,Slight Injury
14:30:00,Thursday,Unknown,Male,Junior high school,Employee,5-10yr,Lorry (11?40Q),Owner,Unknown,No defect,Office areas,Two-way (divided with solid lines road marking),Tangent road with flat terrain,No junction,Asphalt roads,Dry,Daylight,Normal,Vehicle with vehicle collision,1,1,Going straight,Driver or rider,Male,18-30,2,Driver,Normal,Not a Pedestrian,Overturning,Slight Injury
19:57:00,Saturday,31-50,Male,Elementary school,Employee,5-10yr,Pick up upto 10Q,Owner,Unknown,unknown,Residential areas,other,Tangent road with flat terrain,Y Shape,Asphalt roads,Wet or damp,Darkness - lights lit,Raining,Vehicle with vehicle collision,1,2,Going straight,na,na,na,na,Driver,Normal,Not a Pedestrian,No distancing,Serious Injury
19:57:00,Saturday,31-50,Male,unknown,Owner,5-10yr,Automobile,Governmental,2-5yrs,unknown,  Recreational areas,Undivided Two way,Tangent road with flat terrain,Y Shape,Asphalt roads,Wet or damp,Darkness - lights lit,Raining,Vehicle with vehicle collision,1,2,Going straight,Pedestrian,Male,18-30,3,Driver,Normal,Crossing from nearside - masked by parked or statioNot a Pedestrianry vehicle,Drunk driving,Serious Injury
18:00:00,Monday,18-30,Male,Junior high school,Employee,5-10yr,Automobile,Owner,1-2yr,No defect,Other,other,Tangent road with flat terrain,Y Shape,Asphalt roads,Wet or damp,Darkness - lights lit,Raining,Vehicle with vehicle collision,2,1,Going straight,Driver or rider,Female,18-30,3,Driver,Normal,Not a Pedestrian,Moving Backward,Slight Injury
18:00:00,Monday,18-30,Male,Junior high school,Owner,5-10yr,Automobile,Owner,Above 10yr,No defect,Residential areas,other,Tangent road with flat terrain,Y Shape,Asphalt roads,Wet or damp,Darkness - lights lit,Raining,Vehicle with vehicle collision,2,1,Going straight,Passenger,Male,5,3,Driver,Normal,Not a Pedestrian,No priority to pedestrian,Slight Injury
13:25:00,Tuesday,Over 51,Male,Illiterate,Employee,2-5yr,Long lorry,Owner,Unknown,No defect,Other,other,Tangent road with flat terrain,Y Shape,Asphalt roads,Dry,Daylight,Normal,Vehicle with vehicle collision,1,1,Moving Backward,na,na,na,na,Driver,Normal,Not a Pedestrian,Changing lane to the left,Slight Injury
14:44:00,Tuesday,Over 51,Male,Junior high school,Employee,5-10yr,Long lorry,Owner,Unknown,unknown,Other,other,Tangent road with flat terrain,Y Shape,Asphalt roads,Dry,Daylight,Normal,Other,2,1,Going straight,Driver or rider,Male,18-30,3,Driver,Normal,Not a Pedestrian,Changing lane to the left,Slight Injury
14:44:00,Tuesday,31-50,Male,Junior high school,Employee,Below 1yr,Automobile,Owner,5-10yrs,unknown,Other,One way,Tangent road with flat terrain,Y Shape,Asphalt roads,Dry,Daylight,Normal,Vehicle with vehicle collision,2,1,Going straight,na,na,na,na,unknown,unknown,Not a Pedestrian,Getting off the vehicle improperly,Slight Injury
17:13:00,Sunday,Over 51,Male,Junior high school,Employee,1-2yr,Stationwagen,Owner,Unknown,No defect,Other,Two-way (divided with broken lines road marking),Tangent road with flat terrain,No junction,Asphalt roads,Wet or damp,Daylight,Raining,Collision with roadside objects,1,2,Moving Backward,Driver or rider,Male,18-30,3,Driver,Normal,Not a Pedestrian,No distancing,Serious Injury