Time,Day_of_week,Age_band_of_driver,Sex_of_driver,Educational_level,Vehicle_driver_relation,Driving_experience,Type_of_vehicle,Owner_of_vehicle,Service_year_of_vehicle,Defect_of_vehicle,Area_accident_occured,Lanes_or_Medians,Road_allignment,Types_of_Junction,Road_surface_type,Road_surface_conditions,Light_conditions,Weather_conditions,Type_of_collision,Number_of_vehicles_involved,Number_of_casualties,Vehicle_movement,Casualty_class,Sex_of_casualty,Age_band_of_casualty,Casualty_severity,Work_of_casuality,Fitness_of_casuality,Pedestrian_movement,Cause_of_accident,Accident_severity
15:40:00,Thursday,31-50,Male,Elementary school,Owner,2-5yr,Other,Owner,unknown,unknown,Office areas,unknown,Tangent road with flat terrain,No junction,Asphalt roads,Wet or damp,Daylight,Raining,Vehicle with vehicle collision,2,2,Other,na,na,na,na,Self-employed,Normal,Not a Pedestrian,No priority to pedestrian,Slight Injury
15:40:00,Thursday,31-50,Male,Elementary school,Employee,5-10yr,Automobile,Owner,unknown,unknown,Office areas,unknown,Tangent road with flat terrain,No junction,Asphalt roads,Wet or damp,Daylight,Raining,Vehicle with vehicle collision,2,2,Other,Pedestrian,Male,Under 18,3,Driver,Normal,Not a Pedestrian,No priority to vehicle,Slight Injury
15:40:00,Thursday,31-50,Male,Junior high school,Owner,1-2yr,Pick up upto 10Q,Owner,unknown,unknown,Office areas,Two-way (divided with broken lines road marking),Tangent road with flat terrain,No junction,Asphalt roads,Wet or damp,Daylight,Raining,Vehicle with vehicle collision,2,2,Reversing,Driver or rider,Male,31-50,3,Employee,Normal,Not a Pedestrian,Changing lane to the left,Slight Injury
16:18:00,Thursday,Unknown,Female,Elementary school,Employee,Above 10yr,Automobile,Governmental,unknown,No defect,Office areas,Two-way (divided with broken lines road marking),Tangent road with flat terrain,No junction,Asphalt roads,Dry,Daylight,Unknown,Vehicle with vehicle collision,2,1,Going straight,na,na,na,na,unknown,Normal,Not a Pedestrian,Changing lane to the left,Slight Injury
16:18:00,Thursday,Unknown,Male,Junior high school,Employee,5-10yr,Public (12 seats),Owner,2-5yrs,unknown, Church areas,Undivided Two way,Tangent road with flat terrain,No junction,Asphalt roads,Dry,Daylight,Unknown,Collision with roadside objects,2,1,Going straight,na,na,na,na,unknown,unknown,Not a Pedestrian,Overtaking,Slight Injury
15:30:00,Thursday,Over 51,Male,Junior high school,Employee,2-5yr,Automobile,Governmental,unknown,unknown,Office areas,Two-way (divided with broken lines road marking),Tangent road with flat terrain,Y Shape,Asphalt roads,Dry,Daylight,Normal,Vehicle with vehicle collision,2,1,Going straight,Driver or rider,Male,18-30,3,unknown,unknown,Not a Pedestrian,No distancing,Slight Injury
15:30:00,Thursday,18-30,Male,Elementary school,Employee,Above 10yr,Other,Governmental,Unknown,unknown,Residential areas,Two-way (divided with broken lines road marking),Tangent road with flat terrain,Y Shape,Asphalt roads,Dry,Daylight,Normal,Collision with pedestrians,2,1,Going straight,Pedestrian,Male,Under 18,3,unknown,unknown,Not a Pedestrian,No priority to vehicle,Slight Injury
22:00:00,Saturday,Unknown,Male,Junior high school,Employee,2-5yr,Public (12 seats),Owner,unknown,unknown,School areas,Two-way (divided with broken lines road marking),Tangent road with flat terrain,No junction,Asphalt roads,Wet or damp,Darkness - lights lit,Raining,Vehicle with vehicle collision,3,1,Turnover,Pedestrian,Male,31-50,3,Self-employed,Normal,"In carriageway, statioNot a Pedestrianry - not crossing  (standing or playing)",Changing lane to the right,Slight Injury
22:00:00,Saturday,18-30,Male,Elementary school,Employee,Above 10yr,Stationwagen,Owner,Unknown,unknown,Office areas,Undivided Two way,Tangent road with flat terrain,No junction,Asphalt roads,Wet or damp,Darkness - lights lit,Raining,Collision with roadside objects,3,1,Going straight,Driver or rider,Male,18-30,3,Driver,Normal,Not a Pedestrian,Changing lane to the left,Slight Injury
22:00:00,Saturday,Unknown,Male,Junior high school,Employee,Above 10yr,Lorry (41?100Q),Owner,5-10yrs,unknown,Other,Undivided Two way,Tangent road with flat terrain,No junction,Asphalt roads,Wet or damp,Darkness - lights lit,Raining,Vehicle with vehicle collision,3,1,Going straight,na,na,na,na,unknown,unknown,Not a Pedestrian,No distancing,Slight Injury
22:00:00,Saturday,Unknown,Male,Junior high school,Employee,2-5yr,Lorry (41?100Q),Owner,unknown,unknown,Other,Double carriageway (median),Tangent road with flat terrain,No junction,Asphalt roads,Wet or damp,Darkness - lights lit,Raining,Vehicle with vehicle collision,3,1,Going straight,na,na,na,na,unknown,unknown,Not a Pedestrian,Driving carelessly,Slight Injury
22:00:00,Saturday,Unknown,Male,Junior high school,Employee,Above 10yr,Lorry (41?100Q),Governmental,unknown,No defect,Other,Double carriageway (median),Tangent road with flat terrain,No junction,Asphalt roads,Wet or damp,Darkness - lights lit,Raining,Vehicle with vehicle collision,3,1,Going straight,Driver or rider,Male,18-30,3,Driver,Normal,Not a Pedestrian,No priority to pedestrian,Slight Injury
21:55:00,Saturday,18-30,Male,Junior high school,Employee,Above 10yr,Automobile,Owner,5-10yrs,No defect,Other,Two-way (divided with broken lines road marking),Tangent road with flat terrain,Crossing,Asphalt roads with some distress,Wet or damp,Darkness - lights lit,Raining,Vehicle with vehicle collision,2,3,Going straight,na,na,na,na,Driver,Normal,Not a Pedestrian,Driving carelessly,Slight Injury
21:55:00,Saturday,31-50,Male,Junior high school,Employee,Below 1yr,Lorry (41?100Q),Owner,Unknown,No defect,Office areas,Double carriageway (median),Tangent road with mild grade and flat terrain,Crossing,Asphalt roads,Wet or damp,Darkness - lights lit,Raining,Vehicle with vehicle collision,2,3,Moving Backward,Driver or rider,Male,18-30,3,Self-employed,Normal,Not a Pedestrian,Moving Backward,Slight Injury
21:55:00,Saturday,31-50,Male,Junior high school,Owner,Above 10yr,unknown,Owner,unknown,unknown,Office areas,Two-way (divided with broken lines road marking),Tangent road with flat terrain,Crossing,Asphalt roads,Wet or damp,Darkness - lights lit,Raining,Rollover,2,3,Going straight,na,na,na,na,Driver,Normal,Not a Pedestrian,No distancing,Slight Injury
12:19:00,Friday,31-50,Male,High school,Other,Above 10yr,Public (12 seats),Owner,unknown,unknown,Office areas,unknown,Tangent road with mild grade and flat terrain,No junction,Asphalt roads,Dry,Daylight,Normal,Collision with roadside objects,2,1,Going straight,Driver or rider,Male,18-30,3,Driver,Normal,Not a Pedestrian,No distancing,Slight Injury
12:19:00,Friday,31-50,Male,Junior high school,Employee,5-10yr,Automobile,Owner,unknown,unknown,Office areas,unknown,Tangent road with mild grade and flat terrain,No junction,Asphalt roads,Dry,Daylight,Normal,Vehicle with vehicle collision,2,1,Turnover,Driver or rider,Male,18-30,2,Self-employed,Normal,Not a Pedestrian,No distancing,Slight Injury
14:11:00,Monday,Over 51,Male,Elementary school,unknown,unknown,Stationwagen,Owner,unknown,unknown,Office areas,One way,Tangent road with flat terrain,Y Shape,Gravel roads,Wet or damp,Daylight,Raining,Vehicle with vehicle collision,2,1,Going straight,Passenger,Female,Over 51,3,Self-employed,Normal,Not a Pedestrian,Changing lane to the left,Slight Injury
14:11:00,Monday,31-50,Male,Junior high school,Employee,5-10yr,Automobile,unknown,unknown,unknown,Office areas,Two-way (divided with broken lines road marking),Tangent road with flat terrain,Y Shape,Asphalt roads,Wet or damp,Daylight,Raining,Collision with roadside objects,2,1,Going straight,Driver or rider,Male,31-50,3,Driver,Normal,Not a Pedestrian,Changing lane to the left,Slight Injury
17:10:00,Sunday,Unknown,Male,Junior high school,Employee,5-10yr,Lorry (41?100Q),Owner,unknown,unknown,Office areas,unknown,Tangent road with flat terrain,No junction,Asphalt roads,Wet or damp,Daylight,Normal,Vehicle with vehicle collision,2,2,Going straight,na,na,na,na,Self-employed,Normal,Not a Pedestrian,Moving Backward,Slight Injury
17:10:00,Sunday,Under 18,Male,Junior high school,Owner,Below 1yr,Other,Owner,5-10yrs,unknown,Other,Undivided Two way,Tangent road with flat terrain,No junction,Asphalt roads,Wet or damp,Daylight,Normal,Vehicle with vehicle collision,2,2,Going straight,Driver or rider,Male,31-50,3,unknown,unknown,Not a Pedestrian,Changing lane to the right,Slight Injury
17:10:00,Sunday,Under 18,Male,Junior high school,Employee,5-10yr,Pick up upto 10Q,Owner,unknown,No defect,Other,Two-way (divided with broken lines road marking),Tangent road with flat terrain,No junction,Asphalt roads,Wet or damp,Daylight,Normal,Vehicle with vehicle collision,2,2,Going straight,na,na,na,na,unknown,unknown,Not a Pedestrian,No priority to vehicle,Slight Injury
12:56:00,Wednesday,Unknown,Male,Elementary school,Employee,2-5yr,unknown,unknown,2-5yrs,No defect,Residential areas,Two-way (divided with broken lines road marking),Tangent road with flat terrain,Y Shape,Asphalt roads,Dry,Daylight,Normal,Vehicle with vehicle collision,2,1,Going straight,na,na,na,na,unknown,unknown,Not a Pedestrian,Moving Backward,Slight Injury
12:56:00,Wednesday,31-50,Male,Junior high school,Owner,2-5yr,Lorry (41?100Q),Owner,unknown,No defect,Other,Two-way (divided with broken lines road marking),Tangent road with flat terrain,Y Shape,Asphalt roads,Dry,Daylight,Normal,Vehicle with vehicle collision,2,1,Moving Backward,Driver or rider,Male,Under 18,3,Self-employed,Normal,Not a Pedestrian,Driving carelessly,Slight Injury
7:50:00,Friday,18-30,Male,Elementary school,Employee,2-5yr,Automobile,Owner,5-10yrs,No defect,Other,Two-way (divided with broken lines road marking),Tangent road with flat terrain,No junction,Asphalt roads,Dry,Daylight,Normal,Vehicle with vehicle collision,2,1,Going straight,Pedestrian,Female,Over 51,3,Driver,Normal,Unknown or other,Driving carelessly,Slight Injury
7:50:00,Friday,31-50,Male,Junior high school,Owner,2-5yr,Public (13?45 seats),Governmental,unknown,No defect,Other,Two-way (divided with broken lines road marking),Tangent road with flat terrain,No junction,Asphalt roads,Dry,Daylight,Normal,Collision with pedestrians,2,1,Going straight,Passenger,Female,31-50,3,Employee,Normal,Not a Pedestrian,Driving under the influence of drugs,Slight Injury
8:00:00,Tuesday,Over 51,Male,Junior high school,Employee,Above 10yr,Automobile,Owner,5-10yrs,unknown,Other,Undivided Two way,Tangent road with flat terrain,Other,Asphalt roads,Dry,Daylight,Normal,Vehicle with vehicle collision,2,1,Going straight,na,na,na,na,Driver,Normal,Not a Pedestrian,No priority to pedestrian,Slight Injury
8:00:00,Tuesday,Unknown,Female,Junior high school,Employee,2-5yr,Lorry (41?100Q),Owner,unknown,unknown, Industrial areas,Undivided Two way,Tangent road with flat terrain,Other,Earth roads,Dry,Daylight,Normal,Collision with roadside objects,2,1,Going straight,Driver or rider,Female,31-50,3,Driver,Normal,Not a Pedestrian,No priority to vehicle,Slight Injury
8:50:00,Wednesday,18-30,Male,Junior high school,Employee,1-2yr,Public (12 seats),Owner,5-10yrs,unknown, Industrial areas,Undivided Two way,Tangent road with flat terrain,Y Shape,Asphalt roads,Dry,Daylight,Normal,Vehicle with vehicle collision,1,1,Moving Backward,Passenger,Male,31-50,3,Driver,Normal,Not a Pedestrian,Driving carelessly,Serious Injury
17:09:00,Saturday,31-50,Male,Junior high school,Employee,2-5yr,Motorcycle,Owner,unknown,No defect, Church areas,Double carriageway (median),Tangent road with flat terrain,No junction,unknown,Dry,Daylight,Normal,Vehicle with vehicle collision,1,1,Going straight,Passenger,Female,Under 18,3,Driver,Normal,Not a Pedestrian,Moving Backward,Slight Injury
14:43:00,Thursday,31-50,Male,Junior high school,Employee,1-2yr,Public (12 seats),Owner,unknown,No defect,Other,Undivided Two way,Tangent road with flat terrain,No junction,unknown,Wet or damp,Daylight,Raining,Vehicle with vehicle collision,2,1,Other,na,na,na,na,Driver,Normal,Not a Pedestrian,Driving carelessly,Slight Injury
14:43:00,Thursday,31-50,Male,Junior high school,Employee,5-10yr,Lorry (41?100Q),Owner,Above 10yr,unknown,Other,Undivided Two way,Tangent road with flat terrain,No junction,Asphalt roads,Wet or damp,Daylight,Raining,Vehicle with vehicle collision,2,1,Other,Driver or rider,Female,18-30,3,Driver,Normal,Not a Pedestrian,No priority to vehicle,Slight Injury
13:30:00,Saturday,31-50,Male,Junior high school,Employee,5-10yr,Automobile,Owner,Unknown,No defect,Office areas,Undivided Two way,Tangent road with flat terrain,No junction,Earth roads,Dry,Daylight,Normal,Vehicle with vehicle collision,1,1,Going straight,na,na,na,na,Employee,Normal,Not a Pedestrian,Changing lane to the right,Serious Injury
16:20:00,Wednesday,31-50,Male,Elementary school,Owner,2-5yr,Lorry (41?100Q),Owner,Unknown,No defect,Office areas,Undivided Two way,Tangent road with flat terrain,Other,Asphalt roads,Dry,Daylight,Normal,Vehicle with vehicle collision,2,1,Going straight,na,na,na,na,Driver,Normal,Not a Pedestrian,Changing lane to the left,Slight Injury
16:20:00,Wednesday,Unknown,Female,Elementary school,Employee,Below 1yr,Stationwagen,Governmental,Below 1yr,unknown,Residential areas,Two-way (divided with broken lines road marking),Tangent road with flat terrain,Other,Asphalt roads,Dry,Daylight,Normal,Vehicle with vehicle collision,2,1,Going straight,Driver or rider,Male,31-50,3,Employee,Normal,Not a Pedestrian,No priority to vehicle,Slight Injury
9:40:00,Friday,Unknown,Female,unknown,unknown,unknown,Pick up upto 10Q,Owner,Unknown,No defect, Industrial areas,Undivided Two way,Tangent road with flat terrain,Y Shape,Earth roads,Dry,Daylight,Normal,Vehicle with vehicle collision,2,1,Going straight,na,na,na,na,Self-employed,Normal,Not a Pedestrian,Driving carelessly,Slight Injury
9:40:00,Friday,Over 51,Male,Junior high school,Employee,Above 10yr,Automobile,Owner,unknown,No defect,Office areas,Undivided Two way,Tangent road with flat terrain,Y Shape,Asphalt roads,Dry,Daylight,Normal,Vehicle with vehicle collision,2,1,Other,Driver or rider,Male,18-30,3,Driver,Normal,Not a Pedestrian,Moving Backward,Slight Injury
19:20:00,Saturday,31-50,Male,High school,Employee,1-2yr,Automobile,Owner,unknown,No defect,Other,Undivided Two way,Tangent road with flat terrain,Crossing,Asphalt roads,Dry,Daylight,Normal,Collision with roadside objects,2,1,Going straight,na,na,na,na,Driver,Normal,Not a Pedestrian,No distancing,Slight Injury
19:20:00,Saturday,Over 51,Male,Junior high school,Owner,5-10yr,unknown,Owner,unknown,unknown,Other,Two-way (divided with broken lines road marking),Tangent road with flat terrain,Crossing,Asphalt roads,Dry,Daylight,Normal,Vehicle with vehicle collision,2,1,Getting off,na,na,na,na,Self-employed,Normal,Not a Pedestrian,Changing lane to the left,Slight Injury
17:17:00,Wednesday,Over 51,Male,Junior high school,Employee,1-2yr,Other,Owner,unknown,No defect,Residential areas,Undivided Two way,Tangent road with flat terrain,No junction,Asphalt roads,Dry,Daylight,Normal,Collision with roadside objects,2,1,Going straight,na,na,na,na,Self-employed,Normal,Not a Pedestrian,Changing lane to the left,Slight Injury
17:17:00,Wednesday,Over 51,Male,Junior high school,Employee,Above 10yr,Automobile,Owner,unknown,unknown,Office areas,Two-way (divided with broken lines road marking),Tangent road with flat terrain,No junction,Asphalt roads,Dry,Daylight,Normal,Vehicle with vehicle collision,2,1,Going straight,Passenger,Female,31-50,3,Driver,Normal,Not a Pedestrian,No distancing,Slight Injury
17:57:00,Wednesday,Unknown,Female,Junior high school,Employee,Below 1yr,Public (13?45 seats),Organization,unknown,unknown,Residential areas,other,Tangent road with flat terrain,No junction,Asphalt roads,Dry,Daylight,Normal,Vehicle with vehicle collision,2,1,Going straight,Driver or rider,Male,31-50,2,Driver,Normal,Not a Pedestrian,Changing lane to the left,Slight Injury
17:57:00,Wednesday,31-50,Male,Elementary school,Employee,2-5yr,Public (13?45 seats),Owner,unknown,unknown,Office areas,Two-way (divided with broken lines road marking),Tangent road with flat terrain,No junction,Asphalt roads,Dry,Daylight,Normal,unknown,2,1,Going straight,na,na,na,na,Self-employed,Normal,Not a Pedestrian,Driving carelessly,Slight Injury
21:14:00,Saturday,18-30,Male,Junior high school,Employee,5-10yr,Automobile,unknown,unknown,unknown, Church areas,Two-way (divided with broken lines road marking),Tangent road with flat terrain,No junction,Asphalt roads,Dry,Darkness - lights lit,Normal,Collision with pedestrians,3,1,Going straight,Driver or rider,Female,18-30,3,Self-employed,Normal,Not a Pedestrian,Changing lane to the left,Slight Injury
21:14:00,Saturday,Unknown,Female,Elementary school,Employee,5-10yr,Public (12 seats),Organization,5-10yrs,unknown,Residential areas,Two-way (divided with broken lines road marking),Tangent road with flat terrain,No junction,Asphalt roads,Dry,Darkness - lights lit,Normal,Vehicle with vehicle collision,3,1,Going straight,na,na,na,na,Driver,Normal,Not a Pedestrian,No distancing,Slight Injury
21:14:00,Saturday,Unknown,Female,Junior high school,Owner,1-2yr,Public (12 seats),Owner,Above 10yr,unknown,School areas,other,Tangent road with flat terrain,No junction,Asphalt roads,Dry,Darkness - lights lit,Normal,Vehicle with vehicle collision,3,1,Moving Backward,na,na,na,na,Driver,Normal,Not a Pedestrian,Changing lane to the right,Slight Injury
11:50:00,Saturday,Unknown,Male,Junior high school,Employee,5-10yr,Lorry (41?100Q),Owner,5-10yrs,unknown, Hospital areas,other,Steep grade downward with mountainous terrain,Y Shape,Asphalt roads,Dry,Daylight,Normal,Vehicle with vehicle collision,2,1,Going straight,Driver or rider,Male,18-30,3,Driver,Normal,Not a Pedestrian,No distancing,Slight Injury
11:50:00,Saturday,18-30,Male,Unknown,Other,unknown,Automobile,Owner,2-5yrs,unknown,Other,Undivided Two way,Tangent road with flat terrain,Y Shape,Asphalt roads,Dry,Daylight,Normal,Collision with pedestrians,2,1,Other,Driver or rider,Male,31-50,3,Driver,Normal,Not a Pedestrian,Driving to the left,Slight Injury
10:30:00,Wednesday,Under 18,Male,High school,Employee,2-5yr,Pick up upto 10Q,Owner,unknown,unknown,School areas,Double carriageway (median),Tangent road with flat terrain,Y Shape,Asphalt roads with some distress,Dry,Daylight,Normal,Collision with roadside objects,2,1,Going straight,na,na,na,na,unknown,unknown,Not a Pedestrian,No distancing,Slight Injury
10:30:00,Wednesday,31-50,Male,Junior high school,Employee,1-2yr,Pick up upto 10Q,Owner,Above 10yr,No defect,Other,other,Tangent road with flat terrain,Y Shape,Asphalt roads,Dry,Daylight,Normal,unknown,2,1,Going straight,na,na,na,na,unknown,Normal,Not a Pedestrian,Overtaking,Slight Injury
18:43:00,Saturday,Over 51,Male,Junior high school,Employee,5-10yr,Lorry (41?100Q),Owner,5-10yrs,unknown, Industrial areas,Undivided Two way,Tangent road with flat terrain,Y Shape,Asphalt roads,Dry,Daylight,Normal,Vehicle with vehicle collision,2,1,Going straight,Pedestrian,Male,18-30,2,Driver,Normal,"In carriageway, statioNot a Pedestrianry - not crossing  (standing or playing) - masked by parked or statioNot a Pedestrianry vehicle",Driving under the influence of drugs,Slight Injury
18:43:00,Saturday,18-30,Male,Junior high school,Employee,2-5yr,Automobile,Owner,Unknown,No defect, Church areas,Two-way (divided with broken lines road marking),Tangent road with flat terrain,Y Shape,Asphalt roads,Dry,Daylight,Normal,unknown,2,1,Going straight,na,na,na,na,unknown,unknown,Not a Pedestrian,No priority to pedestrian,Slight Injury
16:17:00,Tuesday,Over 51,Male,Junior high school,Employee,No Licence,Stationwagen,Owner,unknown,No defect,Office areas,Two-way (divided with broken lines road marking),Tangent road with flat terrain,No junction,Asphalt roads,Wet or damp,Daylight,Raining,unknown,1,1,unknown,Driver or rider,Male,Under 18,3,unknown,unknown,Not a Pedestrian,Moving Backward,Serious Injury
11:10:00,Sunday,18-30,Male,Junior high school,Employee,Above 10yr,Motorcycle,Owner,unknown,No defect,Other,Two-way (divided with broken lines road marking),Tangent road with flat terrain,No junction,Asphalt roads,Dry,Daylight,Normal,unknown,2,3,Moving Backward,na,na,na,na,unknown,unknown,Not a Pedestrian,Changing lane to the right,Slight Injury
11:10:00,Sunday,31-50,Male,Junior high school,Employee,Above 10yr,unknown,Owner,unknown,No defect,Office areas,Double carriageway (median),Tangent road with flat terrain,No junction,Asphalt roads,Dry,Daylight,Normal,Vehicle with vehicle collision,2,3,unknown,Driver or rider,Male,31-50,3,Driver,Normal,Not a Pedestrian,Changing lane to the left,Slight Injury
11:10:00,Sunday,31-50,Male,Junior high school,Employee,5-10yr,Other,Owner,unknown,No defect,Office areas,Double carriageway (median),Tangent road with flat terrain,No junction,Asphalt roads,Dry,Daylight,Normal,Vehicle with vehicle collision,2,3,Going straight,Driver or rider,Male,18-30,3,unknown,unknown,Not a Pedestrian,Changing lane to the right,Slight Injury
15:20:00,Sunday,Over 51,Male,High school,Employee,2-5yr,Automobile,Governmental,unknown,No defect,Office areas,Double carriageway (median),Tangent road with flat terrain,Y Shape,Asphalt roads,Dry,Daylight,Normal,Collision with roadside objects,2,1,Going straight,na,na,na,na,unknown,unknown,Not a Pedestrian,Driving under the influence of drugs,Serious Injury
15:20:00,Sunday,Over 51,Male,High school,Owner,2-5yr,Automobile,Owner,unknown,No defect,Residential areas,Double carriageway (median),Tangent road with flat terrain,Y Shape,Asphalt roads,Dry,Daylight,Normal,Collision with roadside objects,2,1,unknown,Pedestrian,Male,18-30,3,Driver,Normal,Not a Pedestrian,No priority to vehicle,Serious Injury
9:15:00,Tuesday,18-30,Male,Junior high school,Employee,Below 1yr,unknown,Owner,unknown,No defect,Office areas,Double carriageway (median),Tangent road with flat terrain,No junction,Asphalt roads,Dry,Daylight,Normal,Vehicle with vehicle collision,2,1,Going straight,Driver or rider,Male,31-50,3,Driver,Normal,Not a Pedestrian,No priority to vehicle,Slight Injury
9:15:00,Tuesday,Unknown,Male,Junior high school,Owner,Above 10yr,Public (> 45 seats),Owner,2-5yrs,unknown,Other,Undivided Two way,Tangent road with flat terrain,No junction,Asphalt roads,Dry,Daylight,Normal,Vehicle with vehicle collision,2,1,Going straight,na,na,na,na,Driver,Normal,Not a Pedestrian,Changing lane to the left,Slight Injury
8:45:00,Thursday,18-30,Male,Junior high school,Employee,Above 10yr,Automobile,Owner,2-5yrs,unknown, Industrial areas,One way,unknown,Y Shape,Asphalt roads,Dry,Daylight,Normal,Vehicle with vehicle collision,2,2,Going straight,Driver or rider,Male,18-30,3,Driver,Normal,Not a Pedestrian,Changing lane to the right,Slight Injury
8:45:00,Thursday,31-50,Male,Elementary school,Employee,2-5yr,Other,Owner,unknown,No defect,Other,One way,Tangent road with flat terrain,Y Shape,Asphalt roads,Dry,Daylight,Normal,Vehicle with vehicle collision,2,2,Going straight,na,na,na,na,unknown,unknown,Not a Pedestrian,Changing lane to the right,Slight Injury
8:45:00,Thursday,31-50,Male,Junior high school,Employee,2-5yr,Automobile,Owner,unknown,No defect,Office areas,Double carriageway (median),Tangent road with flat terrain,Y Shape,Asphalt roads,Dry,Daylight,Normal,Vehicle with vehicle collision,2,2,Going straight,Passenger,Male,31-50,3,Driver,Normal,Not a Pedestrian,Changing lane to the left,Slight Injury
17:00:00,Monday,Over 51,Male,Unknown,Employee,Above 10yr,Other,Governmental,Unknown,unknown,Office areas,Two-way (divided with broken lines road marking),Tangent road with flat terrain,No junction,Asphalt roads,Dry,Daylight,Normal,Rollover,1,1,Going straight,Pedestrian,Male,31-50,3,unknown,unknown,Crossing from nearside - masked by parked or statioNot a Pedestrianry vehicle,Changing lane to the left,Slight Injury
7:25:00,Thursday,18-30,Male,Elementary school,Employee,5-10yr,Lorry (41?100Q),Governmental,unknown,No defect,unknown,Double carriageway (median),Tangent road with flat terrain,Crossing,Asphalt roads,Dry,Daylight,Normal,Vehicle with vehicle collision,2,1,Going straight,Pedestrian,Male,31-50,3,unknown,unknown,Crossing from nearside - masked by parked or statioNot a Pedestrianry vehicle,Getting off the vehicle improperly,Slight Injury
7:25:00,Thursday,31-50,Male,Junior high school,Employee,Below 1yr,Pick up upto 10Q,Owner,unknown,unknown,Other,unknown,Tangent road with flat terrain,Crossing,Asphalt roads,Dry,Daylight,Normal,Collision with roadside objects,2,1,Other,Pedestrian,Female,Under 18,3,unknown,unknown,Crossing from nearside - masked by parked or statioNot a Pedestrianry vehicle,Overtaking,Slight Injury
17:19:00,Thursday,Unknown,Male,Elementary school,Employee,Below 1yr,Public (13?45 seats),Owner,Unknown,unknown,Office areas,Double carriageway (median),Tangent road with flat terrain,No junction,Asphalt roads,Dry,Daylight,Normal,Collision with pedestrians,3,4,Going straight,na,na,na,na,unknown,unknown,Not a Pedestrian,Changing lane to the left,Slight Injury
17:19:00,Thursday,Unknown,Female,Junior high school,Employee,Below 1yr,Automobile,Owner,unknown,No defect,Office areas,Two-way (divided with broken lines road marking),Tangent road with flat terrain,No junction,Asphalt roads,Dry,Daylight,Normal,Vehicle with vehicle collision,3,4,Going straight,Driver or rider,Male,18-30,3,unknown,unknown,Not a Pedestrian,Driving under the influence of drugs,Slight Injury
17:19:00,Thursday,18-30,Male,Junior high school,Employee,5-10yr,Pick up upto 10Q,Owner,5-10yrs,unknown,Office areas,Undivided Two way,Tangent road with flat terrain,No junction,Gravel roads,Dry,Daylight,Normal,Vehicle with vehicle collision,3,4,Going straight,Pedestrian,Male,Over 51,2,Driver,Normal,Crossing from nearside - masked by parked or statioNot a Pedestrianry vehicle,Driving carelessly,Slight Injury
17:19:00,Thursday,18-30,Male,Junior high school,Owner,5-10yr,Automobile,Owner,unknown,unknown,Other,Undivided Two way,Tangent road with flat terrain,No junction,Asphalt roads,Dry,Daylight,Normal,Vehicle with vehicle collision,3,4,Going straight,Pedestrian,Female,5,3,Driver,Normal,Not a Pedestrian,Moving Backward,Slight Injury
17:19:00,Thursday,18-30,Male,High school,Owner,5-10yr,Lorry (41?100Q),Owner,unknown,No defect,Other,Undivided Two way,Tangent road with flat terrain,No junction,Asphalt roads,Dry,Daylight,Normal,Vehicle with vehicle collision,3,4,Going straight,Passenger,Female,Over 51,3,Driver,Normal,Not a Pedestrian,No distancing,Slight Injury
17:19:00,Thursday,18-30,Male,Junior high school,Employee,5-10yr,Automobile,Owner,unknown,No defect,  Recreational areas,Undivided Two way,Tangent road with flat terrain,No junction,Asphalt roads,Dry,Daylight,Normal,Vehicle with vehicle collision,3,4,Going straight,Passenger,Female,31-50,3,Driver,Normal,Not a Pedestrian,No priority to vehicle,Slight Injury
10:30:00,Monday,31-50,Male,Junior high school,Employee,2-5yr,Lorry (41?100Q),Owner,unknown,No defect, Church areas,Undivided Two way,Tangent road with flat terrain,Other,Asphalt roads,Dry,Daylight,Normal,Vehicle with vehicle collision,2,1,Moving Backward,Pedestrian,Female,18-30,3,Driver,Normal,Not a Pedestrian,Overturning,Slight Injury
10:30:00,Monday,Under 18,Male,Elementary school,Employee,5-10yr,Lorry (41?100Q),Other,1-2yr,No defect,  Recreational areas,other,Tangent road with flat terrain,Other,Asphalt roads,Dry,Daylight,Normal,Vehicle with vehicle collision,2,1,Going straight,Driver or rider,Male,Under 18,3,Driver,Normal,Not a Pedestrian,Changing lane to the left,Slight Injury
9:53:00,Monday,Over 51,Male,Junior high school,Employee,2-5yr,Lorry (41?100Q),Owner,5-10yrs,No defect,School areas,other,Tangent road with flat terrain,Y Shape,Asphalt roads,Dry,Daylight,Normal,Collision with roadside objects,2,2,Going straight,na,na,na,na,unknown,unknown,Not a Pedestrian,No distancing,Slight Injury
9:53:00,Monday,31-50,Male,Junior high school,Employee,Below 1yr,Public (13?45 seats),Owner,unknown,No defect, Church areas,Double carriageway (median),Tangent road with flat terrain,Y Shape,Asphalt roads,Dry,Daylight,Normal,Rollover,2,2,Going straight,na,na,na,na,Driver,Normal,Not a Pedestrian,Moving Backward,Slight Injury