Time,Day_of_week,Age_band_of_driver,Sex_of_driver,Educational_level,Vehicle_driver_relation,Driving_experience,Type_of_vehicle,Owner_of_vehicle,Service_year_of_vehicle,Defect_of_vehicle,Area_accident_occured,Lanes_or_Medians,Road_allignment,Types_of_Junction,Road_surface_type,Road_surface_conditions,Light_conditions,Weather_conditions,Type_of_collision,Number_of_vehicles_involved,Number_of_casualties,Vehicle_movement,Casualty_class,Sex_of_casualty,Age_band_of_casualty,Casualty_severity,Work_of_casuality,Fitness_of_casuality,Pedestrian_movement,Cause_of_accident,Accident_severity
18:57:00,Friday,Unknown,Male,Junior high school,Employee,5-10yr,Automobile,Owner,Unknown,No defect,Residential areas,Two-way (divided with broken lines road marking),Tangent road with flat terrain,No junction,Asphalt roads,Dry,Daylight,Normal,Vehicle with vehicle collision,2,2,Going straight,Pedestrian,Female,31-50,3,Driver,Normal,Unknown or other,No distancing,Serious Injury
18:57:00,Friday,Unknown,Male,Junior high school,Employee,5-10yr,Public (12 seats),Owner,unknown,unknown,Other,Two-way (divided with broken lines road marking),Tangent road with flat terrain,No junction,Asphalt roads,Dry,Daylight,Normal,Vehicle with vehicle collision,2,2,Moving Backward,Driver or rider,Male,18-30,3,Other,Normal,Not a Pedestrian,Changing lane to the right,Serious Injury
18:57:00,Friday,31-50,Male,Elementary school,Owner,2-5yr,Stationwagen,Owner,Below 1yr,unknown,Other,Undivided Two way,Tangent road with mild grade and flat terrain,No junction,Asphalt roads,Dry,Daylight,Normal,Vehicle with vehicle collision,2,2,Getting off,na,na,na,na,Driver,Normal,Not a Pedestrian,Changing lane to the left,Serious Injury
16:20:00,Friday,31-50,Male,Elementary school,Employee,Below 1yr,Stationwagen,Owner,5-10yrs,unknown,Other,Two-way (divided with broken lines road marking),Tangent road with flat terrain,No junction,Asphalt roads,Dry,Daylight,Normal,Vehicle with vehicle collision,1,1,Going straight,na,na,na,na,unknown,unknown,Not a Pedestrian,No distancing,Slight Injury
13:40:00,Saturday,18-30,Male,unknown,unknown,unknown,Automobile,Governmental,5-10yrs,No defect,Other,Undivided Two way,Tangent road with flat terrain,Crossing,Asphalt roads,Dry,Daylight,Normal,Vehicle with vehicle collision,2,1,Going straight,Driver or rider,Male,18-30,3,Driver,Normal,Not a Pedestrian,Overturning,Slight Injury
13:40:00,Saturday,31-50,Male,Junior high school,Employee,Above 10yr,Lorry (41?100Q),Owner,2-5yrs,No defect,Other,Double carriageway (median),Tangent road with mild grade and flat terrain,Crossing,Asphalt roads,Dry,Daylight,Normal,Collision with roadside objects,2,1,Turnover,na,na,na,na,Driver,Normal,Not a Pedestrian,No priority to vehicle,Slight Injury
20:03:00,Saturday,Unknown,Male,High school,Employee,1-2yr,Automobile,Owner,unknown,No defect,Other,Two-way (divided with broken lines road marking),Tangent road with flat terrain,Other,Asphalt roads,Dry,Daylight,Normal,Rollover,2,1,Moving Backward,Driver or rider,Male,31-50,3,Employee,Normal,Not a Pedestrian,Moving Backward,Slight Injury
20:03:00,Saturday,31-50,Male,Junior high school,Owner,5-10yr,Public (12 seats),Owner,2-5yrs,unknown, Church areas,Two-way (divided with broken lines road marking),Tangent road with flat terrain,Other,Asphalt roads,Dry,Daylight,Normal,Vehicle with vehicle collision,2,1,Going straight,Passenger,Female,Over 51,3,unknown,unknown,Not a Pedestrian,Driving under the influence of drugs,Slight Injury
18:20:00,Monday,31-50,Male,Junior high school,Employee,1-2yr,Automobile,Owner,5-10yrs,unknown,Other,Undivided Two way,Tangent road with flat terrain,Y Shape,Asphalt roads,Dry,Daylight,Normal,Collision with pedestrians,2,2,Moving Backward,Driver or rider,Male,18-30,3,Student,Normal,Not a Pedestrian,Moving Backward,Slight Injury
18:20:00,Monday,18-30,Male,Junior high school,Employee,Above 10yr,Automobile,Organization,2-5yrs,unknown, Industrial areas,Two-way (divided with broken lines road marking),Tangent road with flat terrain,Y Shape,Asphalt roads,Dry,Daylight,Normal,Vehicle with vehicle collision,2,2,Going straight,na,na,na,na,Driver,Normal,Not a Pedestrian,Changing lane to the right,Slight Injury
18:20:00,Monday,18-30,Male,Junior high school,Employee,Below 1yr,Lorry (41?100Q),Owner,unknown,No defect,Residential areas,Double carriageway (median),Tangent road with flat terrain,Y Shape,Asphalt roads,Dry,Daylight,Normal,Vehicle with vehicle collision,2,2,unknown,Driver or rider,Female,Under 18,3,Self-employed,Normal,Not a Pedestrian,Overspeed,Slight Injury
15:30:00,Monday,18-30,Male,Elementary school,Employee,2-5yr,Automobile,Governmental,Above 10yr,No defect,Other,Two-way (divided with broken lines road marking),Tangent road with flat terrain,Crossing,Asphalt roads,Wet or damp,Daylight,Raining,Collision with pedestrians,2,1,Going straight,Pedestrian,Female,18-30,3,Self-employed,Normal,Crossing from nearside - masked by parked or statioNot a Pedestrianry vehicle,Driving under the influence of drugs,Serious Injury
15:30:00,Monday,Under 18,Male,Junior high school,Employee,5-10yr,Motorcycle,Owner,unknown,No defect,Office areas,Two-way (divided with broken lines road marking),Tangent road with flat terrain,Crossing,Asphalt roads,Wet or damp,Daylight,Raining,Collision with pedestrians,2,1,unknown,Driver or rider,Male,18-30,3,Driver,Normal,Not a Pedestrian,Driving carelessly,Serious Injury
12:00:00,Sunday,Over 51,Male,Elementary school,Employee,5-10yr,unknown,Owner,unknown,No defect, Industrial areas,Unknown,Tangent road with flat terrain,No junction,Asphalt roads,Dry,Daylight,Normal,Vehicle with vehicle collision,3,4,Going straight,na,na,na,na,unknown,unknown,Not a Pedestrian,No distancing,Slight Injury
12:00:00,Sunday,31-50,Male,Junior high school,Owner,1-2yr,Automobile,Owner,1-2yr,No defect, Industrial areas,Double carriageway (median),Tangent road with flat terrain,No junction,Asphalt roads,Dry,Daylight,Normal,Vehicle with vehicle collision,3,4,unknown,Pedestrian,Female,Under 18,3,Driver,Normal,Unknown or other,No priority to vehicle,Slight Injury
12:00:00,Sunday,18-30,Male,Junior high school,Employee,5-10yr,Automobile,Owner,unknown,No defect,Other,Two-way (divided with broken lines road marking),Tangent road with flat terrain,No junction,Asphalt roads,Dry,Daylight,Normal,Vehicle with vehicle collision,3,4,Going straight,Driver or rider,Male,Under 18,3,Driver,Normal,Not a Pedestrian,Overspeed,Slight Injury
12:00:00,Sunday,18-30,Male,Unknown,Other,unknown,Automobile,Organization,Above 10yr,unknown, Hospital areas,Two-way (divided with broken lines road marking),Tangent road with flat terrain,No junction,Asphalt roads,Dry,Daylight,Normal,Vehicle with vehicle collision,3,4,Going straight,Passenger,Female,18-30,3,Self-employed,Normal,Not a Pedestrian,Driving under the influence of drugs,Slight Injury
16:04:00,Sunday,18-30,Male,High school,Employee,2-5yr,Public (> 45 seats),Owner,Unknown,unknown,Office areas,One way,Tangent road with flat terrain,No junction,Asphalt roads,Dry,Daylight,Normal,Vehicle with vehicle collision,2,1,Going straight,na,na,na,na,Driver,Normal,Not a Pedestrian,Changing lane to the right,Slight Injury
16:04:00,Sunday,Over 51,Male,Junior high school,Employee,1-2yr,unknown,Owner,2-5yrs,No defect, Church areas,Undivided Two way,Tangent road with flat terrain,No junction,Asphalt roads,Dry,Daylight,Normal,Collision with roadside objects,2,1,Going straight,Driver or rider,Male,31-50,3,unknown,Normal,Not a Pedestrian,Changing lane to the right,Slight Injury
16:14:00,Friday,18-30,Male,Junior high school,Employee,5-10yr,Automobile,Organization,5-10yrs,No defect, Hospital areas,Undivided Two way,Tangent road with mountainous terrain and,Other,Asphalt roads,Dry,Daylight,Normal,Vehicle with vehicle collision,2,1,Going straight,na,na,na,na,Driver,Normal,Not a Pedestrian,Changing lane to the right,Slight Injury
16:14:00,Friday,Over 51,Male,Junior high school,Employee,2-5yr,Automobile,Owner,Above 10yr,No defect,Office areas,other,Tangent road with flat terrain,Other,Asphalt roads,Dry,Daylight,Normal,Vehicle with vehicle collision,2,1,Other,Driver or rider,Male,18-30,3,unknown,unknown,Not a Pedestrian,Changing lane to the right,Slight Injury
12:22:00,Saturday,31-50,Male,Junior high school,Employee,No Licence,Other,Owner,2-5yrs,No defect,Other,Two-way (divided with broken lines road marking),Escarpments,No junction,Asphalt roads,Dry,Daylight,Normal,Vehicle with vehicle collision,2,1,Other,Pedestrian,Female,18-30,3,Driver,Normal,Crossing from offside - masked by  parked or statioNot a Pedestrianry vehicle,Moving Backward,Slight Injury
12:22:00,Saturday,18-30,Male,Junior high school,Employee,Above 10yr,Stationwagen,Owner,1-2yr,unknown,Office areas,Undivided Two way,Tangent road with flat terrain,No junction,Asphalt roads,Dry,Daylight,Normal,Vehicle with vehicle collision,2,1,Going straight,Pedestrian,Female,Over 51,3,unknown,unknown,Crossing from nearside - masked by parked or statioNot a Pedestrianry vehicle,No distancing,Slight Injury
21:01:00,Saturday,31-50,Male,Junior high school,Employee,Above 10yr,Lorry (41?100Q),Owner,2-5yrs,unknown,Office areas,Two-way (divided with broken lines road marking),Tangent road with mountainous terrain and,Y Shape,Asphalt roads,Dry,Daylight,Normal,Vehicle with vehicle collision,3,1,Going straight,Driver or rider,Male,18-30,3,Self-employed,NormalNormal,Not a Pedestrian,Overspeed,Serious Injury
21:01:00,Saturday,31-50,Male,Junior high school,Employee,5-10yr,Taxi,Owner,unknown,No defect,Other,Double carriageway (median),Steep grade downward with mountainous terrain,Y Shape,Asphalt roads,Dry,Daylight,Normal,Vehicle with vehicle collision,3,1,Getting off,na,na,na,na,Driver,Normal,Not a Pedestrian,No distancing,Serious Injury
21:01:00,Saturday,Over 51,Male,High school,Employee,2-5yr,Other,Owner,1-2yr,No defect,Office areas,Undivided Two way,Tangent road with mild grade and flat terrain,Y Shape,Asphalt roads,Dry,Daylight,Normal,Vehicle with vehicle collision,3,1,Going straight,na,na,na,na,Driver,Normal,Not a Pedestrian,Driving carelessly,Serious Injury
7:43:00,Friday,31-50,Male,High school,Owner,2-5yr,Public (12 seats),Owner,unknown,No defect,Residential areas,Undivided Two way,Tangent road with flat terrain,Y Shape,Asphalt roads,Dry,Daylight,Normal,Vehicle with vehicle collision,2,2,Going straight,Driver or rider,Female,18-30,3,Other,Normal,Not a Pedestrian,No distancing,Slight Injury
7:43:00,Friday,18-30,Male,Junior high school,Employee,Below 1yr,Automobile,Owner,Unknown,unknown,Other,Two-way (divided with broken lines road marking),Tangent road with flat terrain,Y Shape,Asphalt roads,Dry,Daylight,Normal,Vehicle with vehicle collision,2,2,Going straight,Pedestrian,Male,18-30,2,unknown,unknown,Not a Pedestrian,No distancing,Slight Injury
21:55:00,Monday,18-30,Male,Junior high school,Owner,Above 10yr,Automobile,Owner,2-5yrs,unknown,Office areas,Double carriageway (median),Tangent road with flat terrain,No junction,Asphalt roads,Dry,Darkness - lights lit,Normal,Vehicle with vehicle collision,2,1,Going straight,na,na,na,na,unknown,unknown,Not a Pedestrian,No distancing,Slight Injury
21:55:00,Monday,31-50,Male,Junior high school,Employee,Above 10yr,Public (13?45 seats),Owner,5-10yrs,unknown,Office areas,Undivided Two way,Tangent road with mountainous terrain and,No junction,Asphalt roads,Dry,Darkness - lights lit,Normal,Vehicle with vehicle collision,2,1,Going straight,Driver or rider,Male,18-30,3,Other,Normal,Not a Pedestrian,Changing lane to the right,Slight Injury
22:33:00,Thursday,18-30,Male,Elementary school,Employee,2-5yr,Lorry (41?100Q),unknown,unknown,unknown,Office areas,other,Tangent road with flat terrain,Y Shape,Asphalt roads,Dry,Darkness - lights lit,Normal,Vehicle with vehicle collision,2,1,Getting off,Passenger,Male,Over 51,3,Driver,Normal,Not a Pedestrian,No distancing,Slight Injury
22:33:00,Thursday,18-30,Male,Junior high school,Employee,2-5yr,Lorry (41?100Q),Owner,5-10yrs,No defect,Other,Two-way (divided with broken lines road marking),Tangent road with mild grade and flat terrain,Y Shape,Asphalt roads,Dry,Darkness - lights lit,Normal,Vehicle with vehicle collision,2,1,Going straight,Pedestrian,Male,18-30,3,Driver,Normal,Crossing from nearside - masked by parked or statioNot a Pedestrianry vehicle,No priority to vehicle,Slight Injury
17:29:00,Tuesday,31-50,Male,Unknown,Employee,Above 10yr,Lorry (11?40Q),Owner,unknown,No defect, Church areas,Undivided Two way,Tangent road with flat terrain,Y Shape,Asphalt roads,Dry,Daylight,Normal,Vehicle with vehicle collision,2,1,Going straight,Driver or rider,Male,18-30,3,unknown,unknown,Not a Pedestrian,Changing lane to the left,Slight Injury
17:29:00,Tuesday,Over 51,Male,Elementary school,Employee,5-10yr,Motorcycle,Owner,Unknown,No defect, Industrial areas,Undivided Two way,Tangent road with flat terrain,Y Shape,Asphalt roads,Dry,Daylight,Normal,Vehicle with vehicle collision,2,1,Other,na,na,na,na,Driver,Normal,Not a Pedestrian,Moving Backward,Slight Injury
14:23:00,Friday,18-30,Male,Junior high school,Employee,Below 1yr,Lorry (41?100Q),Owner,1-2yr,No defect,Office areas,Double carriageway (median),Tangent road with flat terrain,Y Shape,Asphalt roads,Dry,Daylight,Normal,Collision with roadside objects,2,2,Going straight,Driver or rider,Male,18-30,3,unknown,unknown,Not a Pedestrian,Driving carelessly,Slight Injury
14:23:00,Friday,18-30,Male,Elementary school,Employee,Below 1yr,Stationwagen,Owner,Unknown,No defect, Church areas,Undivided Two way,Tangent road with flat terrain,Y Shape,Asphalt roads,Dry,Daylight,Normal,Vehicle with vehicle collision,2,2,Going straight,na,na,na,na,Driver,Normal,Not a Pedestrian,Changing lane to the left,Slight Injury
14:23:00,Friday,31-50,Male,Junior high school,Employee,Below 1yr,Automobile,Owner,unknown,unknown,Office areas,Undivided Two way,Tangent road with flat terrain,Y Shape,Asphalt roads,Dry,Daylight,Normal,Vehicle with vehicle collision,2,2,Going straight,Pedestrian,Male,18-30,3,Driver,Normal,Crossing from nearside - masked by parked or statioNot a Pedestrianry vehicle,No priority to pedestrian,Slight Injury
18:00:00,Saturday,18-30,Male,Junior high school,Employee,5-10yr,Other,Owner,unknown,No defect,Office areas,other,Tangent road with flat terrain,Y Shape,Asphalt roads,Dry,Daylight,Normal,Vehicle with vehicle collision,2,2,Going straight,na,na,na,na,unknown,unknown,Not a Pedestrian,No distancing,Slight Injury
18:00:00,Saturday,31-50,Male,Junior high school,Owner,5-10yr,Other,Owner,unknown,unknown,Residential areas,Two-way (divided with broken lines road marking),Tangent road with flat terrain,Y Shape,Asphalt roads,Dry,Daylight,Normal,Vehicle with vehicle collision,2,2,Going straight,Driver or rider,Male,5,3,unknown,unknown,Not a Pedestrian,No distancing,Slight Injury
13:40:00,Sunday,31-50,Male,High school,Owner,5-10yr,Taxi,Owner,5-10yrs,unknown,Office areas,Two-way (divided with broken lines road marking),Tangent road with flat terrain,Y Shape,Asphalt roads,Dry,Daylight,Normal,Collision with pedestrians,1,1,Reversing,na,na,na,na,unknown,unknown,Not a Pedestrian,Overturning,Slight Injury
13:21:00,Saturday,18-30,Male,Junior high school,Employee,5-10yr,Automobile,Owner,5-10yrs,unknown,Residential areas,Undivided Two way,Tangent road with flat terrain,Other,Asphalt roads,Wet or damp,Daylight,Raining,Vehicle with vehicle collision,2,1,Other,Driver or rider,Male,18-30,3,unknown,unknown,Not a Pedestrian,No distancing,Slight Injury
13:21:00,Saturday,31-50,Male,Junior high school,Employee,2-5yr,Long lorry,Owner,2-5yrs,unknown,Office areas,Double carriageway (median),Tangent road with flat terrain,Other,Asphalt roads,Wet or damp,Daylight,Raining,Vehicle with vehicle collision,2,1,Going straight,Pedestrian,Female,31-50,3,Other,Normal,Unknown or other,Drunk driving,Slight Injury
15:55:00,Wednesday,18-30,Male,Elementary school,Employee,5-10yr,Long lorry,Owner,2-5yrs,No defect,Office areas,Double carriageway (median),Tangent road with flat terrain,No junction,Asphalt roads,Dry,Daylight,Normal,Vehicle with vehicle collision,2,1,Going straight,Driver or rider,Male,18-30,3,Self-employed,Normal,Not a Pedestrian,Moving Backward,Slight Injury
15:55:00,Wednesday,31-50,Male,Junior high school,Employee,2-5yr,Lorry (41?100Q),unknown,unknown,No defect,Other,Two-way (divided with broken lines road marking),Tangent road with flat terrain,No junction,Asphalt roads,Dry,Daylight,Normal,Vehicle with vehicle collision,2,1,Going straight,na,na,na,na,unknown,unknown,Not a Pedestrian,No priority to pedestrian,Slight Injury
13:28:00,Saturday,Over 51,Male,Junior high school,Employee,Below 1yr,Lorry (41?100Q),Owner,Unknown,No defect,Other,Two-way (divided with broken lines road marking),Tangent road with flat terrain,Y Shape,Asphalt roads,Dry,Daylight,Normal,Vehicle with vehicle collision,2,1,Going straight,na,na,na,na,Student,Normal,Not a Pedestrian,Changing lane to the left,Slight Injury
13:28:00,Saturday,Over 51,Male,Elementary school,Employee,2-5yr,Lorry (11?40Q),Owner,Above 10yr,No defect,Residential areas,Two-way (divided with broken lines road marking),Tangent road with flat terrain,Y Shape,Asphalt roads,Dry,Daylight,Normal,Vehicle with vehicle collision,2,1,Going straight,Driver or rider,Male,31-50,3,Other,Normal,Not a Pedestrian,Changing lane to the left,Slight Injury
19:00:00,Monday,Unknown,Female,Junior high school,Employee,2-5yr,Automobile,Owner,Unknown,unknown, Church areas,Two-way (divided with broken lines road marking),Tangent road with flat terrain,No junction,Asphalt roads,Dry,Daylight,Normal,Vehicle with vehicle collision,2,1,Going straight,Passenger,Male,Over 51,3,Driver,Normal,Not a Pedestrian,Getting off the vehicle improperly,Slight Injury
19:00:00,Monday,31-50,Male,Junior high school,Employee,2-5yr,Taxi,Governmental,Unknown,No defect, Church areas,Double carriageway (median),Tangent road with flat terrain,No junction,Asphalt roads,Dry,Daylight,Normal,Vehicle with vehicle collision,2,1,Going straight,Pedestrian,Male,18-30,3,Other,Normal,Unknown or other,No distancing,Slight Injury
16:55:00,Sunday,Under 18,Male,Junior high school,Employee,5-10yr,Other,Owner,2-5yrs,No defect,Residential areas,Double carriageway (median),Tangent road with flat terrain,No junction,Asphalt roads,Dry,Daylight,Normal,Collision with pedestrians,2,1,Going straight,Pedestrian,Male,18-30,3,Driver,Normal,Crossing from nearside - masked by parked or statioNot a Pedestrianry vehicle,Changing lane to the right,Slight Injury
16:55:00,Sunday,18-30,Male,Junior high school,Employee,5-10yr,Automobile,Owner,unknown,No defect,Office areas,Two-way (divided with broken lines road marking),Tangent road with mild grade and flat terrain,No junction,Asphalt roads,Dry,Daylight,Normal,Vehicle with vehicle collision,2,1,Going straight,Driver or rider,Male,18-30,3,Other,Normal,Not a Pedestrian,Changing lane to the right,Slight Injury
8:45:00,Friday,31-50,Male,Junior high school,Employee,unknown,Automobile,Owner,5-10yrs,No defect,Office areas,Two-way (divided with broken lines road marking),Tangent road with mild grade and flat terrain,No junction,Asphalt roads,Dry,Daylight,Unknown,Vehicle with vehicle collision,1,1,Moving Backward,na,na,na,na,unknown,Normal,Not a Pedestrian,Moving Backward,Slight Injury
14:10:00,Monday,31-50,Male,Junior high school,Owner,5-10yr,Automobile,Owner,2-5yrs,unknown,Residential areas,Two-way (divided with broken lines road marking),Tangent road with flat terrain,Y Shape,Asphalt roads,Dry,Daylight,Normal,Vehicle with vehicle collision,2,1,Moving Backward,Driver or rider,Male,18-30,3,Driver,Normal,Not a Pedestrian,Driving at high speed,Serious Injury
14:10:00,Monday,18-30,Male,Junior high school,Employee,2-5yr,Automobile,Owner,5-10yrs,unknown, Church areas,other,Tangent road with flat terrain,Y Shape,Asphalt roads,Dry,Daylight,Normal,Vehicle with vehicle collision,2,1,Turnover,na,na,na,na,Driver,Normal,Not a Pedestrian,Changing lane to the left,Serious Injury
19:26:00,Monday,Unknown,Male,Junior high school,Employee,Below 1yr,Public (> 45 seats),Owner,unknown,unknown,Other,Two-way (divided with broken lines road marking),Tangent road with flat terrain,Other,Asphalt roads,Wet or damp,Daylight,Normal,Collision with roadside objects,2,1,Other,Driver or rider,Female,18-30,2,Self-employed,Normal,Not a Pedestrian,Changing lane to the right,Slight Injury
19:26:00,Monday,Over 51,Male,Junior high school,Employee,1-2yr,Lorry (11?40Q),Owner,unknown,unknown,Office areas,Two-way (divided with broken lines road marking),Tangent road with flat terrain,Other,Asphalt roads,Wet or damp,Daylight,Normal,Vehicle with vehicle collision,2,1,Other,na,na,na,na,unknown,unknown,Not a Pedestrian,No distancing,Slight Injury
13:54:00,Monday,18-30,Male,Junior high school,Employee,Below 1yr,Lorry (41?100Q),Owner,unknown,unknown,Other,Two-way (divided with broken lines road marking),Tangent road with flat terrain,Crossing,Asphalt roads,Dry,Daylight,Normal,Vehicle with vehicle collision,2,1,Going straight,Pedestrian,Male,Over 51,3,unknown,unknown,"Walking along in carriageway, facing traffic",Changing lane to the right,Slight Injury
13:54:00,Monday,31-50,Male,Junior high school,Employee,Above 10yr,Lorry (41?100Q),Owner,unknown,unknown,Other,Two-way (divided with broken lines road marking),Tangent road with flat terrain,Crossing,Asphalt roads,Dry,Daylight,Normal,Vehicle with vehicle collision,2,1,Going straight,Pedestrian,Male,18-30,2,Employee,Normal,Unknown or other,Changing lane to the right,Slight Injury
11:14:00,Sunday,Over 51,Male,Junior high school,Employee,Below 1yr,Stationwagen,Owner,unknown,unknown,unknown,unknown,Tangent road with flat terrain,Y Shape,Asphalt roads,Dry,Daylight,Normal,Vehicle with vehicle collision,2,1,Other,na,na,na,na,Driver,Normal,Not a Pedestrian,No distancing,Slight Injury
11:14:00,Sunday,Over 51,Male,Junior high school,Employee,2-5yr,Other,Governmental,2-5yrs,unknown,Residential areas,Two-way (divided with broken lines road marking),unknown,Y Shape,Asphalt roads,Dry,Daylight,Normal,Vehicle with vehicle collision,2,1,Other,Driver or rider,Male,18-30,3,Other,Normal,Not a Pedestrian,Changing lane to the right,Slight Injury
17:30:00,Saturday,31-50,Male,Junior high school,Employee,1-2yr,Automobile,Owner,Below 1yr,unknown, Church areas,Undivided Two way,Tangent road with flat terrain,No junction,Asphalt roads,Dry,Daylight,Normal,Vehicle with vehicle collision,1,1,Going straight,Driver or rider,Male,Under 18,3,Driver,Normal,Not a Pedestrian,Driving carelessly,Slight Injury
15:10:00,Thursday,Under 18,Male,Elementary school,Employee,5-10yr,Pick up upto 10Q,unknown,unknown,unknown,Other,Undivided Two way,Tangent road with flat terrain,No junction,Asphalt roads with some distress,Dry,Daylight,Normal,Vehicle with vehicle collision,3,2,Reversing,na,na,na,na,Driver,Normal,Not a Pedestrian,Driving carelessly,Slight Injury
15:10:00,Thursday,31-50,Male,Junior high school,Owner,Below 1yr,Motorcycle,Owner,Unknown,unknown,Other,One way,Tangent road with flat terrain,No junction,Asphalt roads,Dry,Daylight,Normal,Collision with roadside objects,3,2,Other,Driver or rider,Female,31-50,3,Driver,Normal,Not a Pedestrian,Changing lane to the right,Slight Injury
15:10:00,Thursday,18-30,Male,Junior high school,Employee,Below 1yr,Automobile,Owner,Unknown,No defect,Residential areas,Two-way (divided with broken lines road marking),Tangent road with flat terrain,No junction,Asphalt roads,Dry,Daylight,Normal,Vehicle with vehicle collision,3,2,Turnover,Pedestrian,Female,31-50,3,Driver,Normal,Unknown or other,Overturning,Slight Injury
18:23:00,Wednesday,Over 51,Male,Writing & reading,Employee,Below 1yr,Pick up upto 10Q,Owner,Unknown,unknown,Office areas,One way,Tangent road with flat terrain,Y Shape,Asphalt roads,Dry,Daylight,Normal,Vehicle with vehicle collision,3,1,Going straight,Driver or rider,Male,18-30,3,Driver,Normal,Not a Pedestrian,Changing lane to the right,Slight Injury
18:23:00,Wednesday,18-30,Male,Junior high school,Employee,1-2yr,Motorcycle,Owner,Unknown,No defect, Industrial areas,Two-way (divided with broken lines road marking),Tangent road with flat terrain,Y Shape,Asphalt roads,Dry,Daylight,Normal,Vehicle with vehicle collision,3,1,Going straight,Pedestrian,Male,18-30,3,Driver,Normal,Unknown or other,Moving Backward,Slight Injury
18:23:00,Wednesday,Over 51,Male,Elementary school,Owner,5-10yr,Stationwagen,Governmental,unknown,No defect,Residential areas,Double carriageway (median),Tangent road with flat terrain,Y Shape,Gravel roads,Dry,Daylight,Normal,Vehicle with vehicle collision,3,1,Going straight,Pedestrian,Male,Under 18,3,Driver,Normal,Unknown or other,No distancing,Slight Injury
18:15:00,Wednesday,18-30,Male,Junior high school,Employee,2-5yr,Lorry (41?100Q),Owner,unknown,No defect,Office areas,Unknown,Tangent road with flat terrain,Crossing,Asphalt roads,Dry,Daylight,Normal,Rollover,2,1,Going straight,Driver or rider,Male,18-30,3,Driver,Normal,Not a Pedestrian,Overturning,Slight Injury
18:15:00,Wednesday,31-50,Male,Junior high school,Owner,Below 1yr,Taxi,Owner,2-5yrs,unknown,Other,unknown,Tangent road with flat terrain,Crossing,Asphalt roads,Dry,Daylight,Normal,Vehicle with vehicle collision,2,1,Going straight,na,na,na,na,unknown,Normal,Not a Pedestrian,Driving carelessly,Slight Injury
8:00:00,Friday,18-30,Male,Writing & reading,Employee,5-10yr,Automobile,Owner,Unknown,unknown, Church areas,other,Tangent road with flat terrain,Y Shape,Asphalt roads,Dry,Daylight,Normal,Vehicle with vehicle collision,2,1,Going straight,Passenger,Female,31-50,3,unknown,Normal,Not a Pedestrian,Changing lane to the right,Slight Injury
8:00:00,Friday,18-30,Male,Writing & reading,Employee,5-10yr,Long lorry,Owner,Above 10yr,unknown, Industrial areas,unknown,Tangent road with flat terrain,Y Shape,Asphalt roads,Dry,Daylight,Normal,Collision with roadside objects,2,1,Going straight,na,na,na,na,unknown,Normal,Not a Pedestrian,Driving at high speed,Slight Injury
13:04:00,Monday,Over 51,Male,Junior high school,Employee,5-10yr,Automobile,Owner,Unknown,No defect,  Recreational areas,One way,Tangent road with flat terrain,Other,Asphalt roads,Dry,Daylight,Normal,Vehicle with vehicle collision,1,1,Going straight,Driver or rider,Male,18-30,3,unknown,Normal,Not a Pedestrian,Changing lane to the left,Slight Injury
16:42:00,Wednesday,Unknown,Male,Junior high school,Employee,2-5yr,Public (12 seats),Owner,Unknown,No defect,  Market areas,Undivided Two way,Tangent road with flat terrain,Other,Asphalt roads,Dry,Daylight,Normal,Vehicle with vehicle collision,2,1,Going straight,Pedestrian,Male,18-30,3,unknown,Normal,Crossing from offside - masked by  parked or statioNot a Pedestrianry vehicle,Driving carelessly,Slight Injury
16:42:00,Wednesday,18-30,Male,Junior high school,Employee,Above 10yr,Lorry (11?40Q),Owner,Unknown,No defect,Other,Two-way (divided with broken lines road marking),Tangent road with flat terrain,Other,Asphalt roads,Dry,Daylight,Normal,Vehicle with vehicle collision,2,1,Other,na,na,na,na,unknown,Normal,Not a Pedestrian,No distancing,Slight Injury
11:59:00,Thursday,18-30,Male,Junior high school,Employee,5-10yr,Pick up upto 10Q,Owner,Unknown,unknown,Other,Two-way (divided with broken lines road marking),Tangent road with flat terrain,No junction,Asphalt roads,Dry,Daylight,Normal,Collision with roadside objects,2,1,Going straight,Driver or rider,Male,18-30,3,unknown,Normal,Not a Pedestrian,Moving Backward,Slight Injury
11:59:00,Thursday,18-30,Male,Junior high school,Employee,Above 10yr,Lorry (41?100Q),Owner,Unknown,No defect, Industrial areas,Two-way (divided with broken lines road marking),unknown,No junction,Asphalt roads,Dry,Daylight,Normal,Collision with roadside objects,2,1,Going straight,Pedestrian,Male,31-50,3,unknown,Normal,Unknown or other,No priority to pedestrian,Slight Injury
11:31:00,Wednesday,18-30,Male,Junior high school,Employee,2-5yr,Other,Governmental,2-5yrs,unknown,Other,Two-way (divided with broken lines road marking),Tangent road with flat terrain,Crossing,Asphalt roads,Dry,Daylight,Normal,Vehicle with vehicle collision,2,1,Moving Backward,Driver or rider,Female,31-50,3,Driver,unknown,Not a Pedestrian,Moving Backward,Slight Injury
11:31:00,Wednesday,18-30,Male,Junior high school,Employee,Below 1yr,Automobile,Governmental,unknown,unknown,Office areas,other,Tangent road with flat terrain,Crossing,Asphalt roads,Dry,Daylight,Normal,Vehicle with vehicle collision,2,1,Going straight,na,na,na,na,Driver,unknown,Not a Pedestrian,Changing lane to the right,Slight Injury