Time,Day_of_week,Age_band_of_driver,Sex_of_driver,Educational_level,Vehicle_driver_relation,Driving_experience,Type_of_vehicle,Owner_of_vehicle,Service_year_of_vehicle,Defect_of_vehicle,Area_accident_occured,Lanes_or_Medians,Road_allignment,Types_of_Junction,Road_surface_type,Road_surface_conditions,Light_conditions,Weather_conditions,Type_of_collision,Number_of_vehicles_involved,Number_of_casualties,Vehicle_movement,Casualty_class,Sex_of_casualty,Age_band_of_casualty,Casualty_severity,Work_of_casuality,Fitness_of_casuality,Pedestrian_movement,Cause_of_accident,Accident_severity
20:15:00,Friday,18-30,Male,Junior high school,Owner,Above 10yr,Stationwagen,Owner,5-10yrs,No defect,Office areas,Two-way (divided with broken lines road marking),Tangent road with mild grade and flat terrain,Y Shape,Asphalt roads,Dry,Darkness - lights lit,Normal,Vehicle with vehicle collision,3,3,Going straight,Pedestrian,Male,Under 18,3,Driver,Normal,Crossing from nearside - masked by parked or statioNot a Pedestrianry vehicle,Changing lane to the left,Serious Injury
20:15:00,Friday,18-30,Male,Junior high school,Employee,2-5yr,Public (12 seats),Owner,2-5yrs,unknown,Residential areas,Two-way (divided with broken lines road marking),Tangent road with flat terrain,Y Shape,Asphalt roads,Dry,Darkness - lights lit,Normal,Vehicle with vehicle collision,3,3,Going straight,na,na,na,na,Driver,Normal,Not a Pedestrian,No priority to pedestrian,Serious Injury
20:32:00,Tuesday,18-30,Male,Elementary school,Other,5-10yr,Automobile,Owner,5-10yrs,unknown, Church areas,other,Tangent road with flat terrain,No junction,Asphalt roads,Dry,Darkness - lights lit,Normal,Vehicle with vehicle collision,3,1,Going straight,Driver or rider,Male,31-50,3,Self-employed,Normal,Not a Pedestrian,No distancing,Slight Injury
20:32:00,Tuesday,31-50,Male,Elementary school,Employee,5-10yr,Public (12 seats),Owner,unknown,unknown,Other,Two-way (divided with broken lines road marking),Tangent road with flat terrain,No junction,Asphalt roads,Dry,Darkness - lights lit,Normal,Collision with roadside objects,3,1,Going straight,na,na,na,na,Driver,Normal,Not a Pedestrian,No priority to vehicle,Slight Injury
20:32:00,Tuesday,18-30,Male,Junior high school,unknown,5-10yr,Lorry (41?100Q),Owner,unknown,unknown,Office areas,Two-way (divided with broken lines road marking),Tangent road with flat terrain,No junction,Asphalt roads,Dry,Darkness - lights lit,Normal,Vehicle with vehicle collision,3,1,Going straight,Pedestrian,Female,18-30,3,Driver,Normal,Not a Pedestrian,No distancing,Slight Injury
16:30:00,Monday,18-30,Male,Junior high school,Employee,5-10yr,Automobile,Owner,unknown,unknown,Other,Two-way (divided with broken lines road marking),Tangent road with flat terrain,No junction,Asphalt roads,Dry,Daylight,Normal,Vehicle with vehicle collision,2,1,Going straight,Passenger,Female,18-30,3,Self-employed,Normal,Not a Pedestrian,No distancing,Slight Injury
16:30:00,Monday,Over 51,Male,Elementary school,Employee,Above 10yr,Lorry (41?100Q),Owner,unknown,unknown,Other,Two-way (divided with broken lines road marking),Tangent road with flat terrain,No junction,Asphalt roads,Dry,Daylight,Normal,Collision with roadside objects,2,1,Going straight,Passenger,Male,Over 51,3,Self-employed,Normal,Not a Pedestrian,Moving Backward,Slight Injury
20:00:00,Tuesday,Unknown,Male,Junior high school,unknown,Below 1yr,Lorry (41?100Q),Owner,unknown,unknown,unknown,unknown,Tangent road with flat terrain,No junction,Asphalt roads,Dry,Darkness - lights lit,Normal,Collision with roadside objects,2,1,Going straight,Passenger,Male,Under 18,3,Driver,Normal,Not a Pedestrian,Changing lane to the right,Serious Injury
20:00:00,Tuesday,18-30,Male,Junior high school,Employee,5-10yr,Pick up upto 10Q,Governmental,2-5yrs,unknown,Residential areas,Two-way (divided with broken lines road marking),unknown,No junction,Asphalt roads,Dry,Darkness - lights lit,Normal,Vehicle with vehicle collision,2,1,Other,Pedestrian,Female,18-30,3,Self-employed,Normal,Crossing from driver's nearside,No priority to pedestrian,Serious Injury
15:35:00,Monday,31-50,Male,Elementary school,Employee,1-2yr,Other,Owner,Below 1yr,unknown, Church areas,Undivided Two way,Tangent road with flat terrain,Y Shape,Asphalt roads,Dry,Daylight,Normal,Vehicle with vehicle collision,1,1,Moving Backward,Pedestrian,Female,Over 51,3,unknown,unknown,Crossing from nearside - masked by parked or statioNot a Pedestrianry vehicle,Moving Backward,Slight Injury
15:50:00,Monday,18-30,Male,unknown,unknown,unknown,Automobile,unknown,unknown,unknown,Other,Undivided Two way,Tangent road with flat terrain,Y Shape,Asphalt roads,Dry,Daylight,Normal,Vehicle with vehicle collision,1,1,Going straight,Driver or rider,Male,31-50,3,unknown,unknown,Not a Pedestrian,Getting off the vehicle improperly,Serious Injury
22:59:00,Friday,Under 18,Male,Junior high school,Employee,Above 10yr,Automobile,Owner,Unknown,unknown,Other,One way,Tangent road with flat terrain,Other,Asphalt roads,Dry,Darkness - lights lit,Normal,Vehicle with vehicle collision,2,1,Moving Backward,na,na,na,na,unknown,unknown,Not a Pedestrian,Overtaking,Serious Injury
22:59:00,Friday,18-30,Male,High school,Owner,2-5yr,Lorry (11?40Q),Owner,Unknown,No defect,Residential areas,Two-way (divided with broken lines road marking),Tangent road with flat terrain,Other,Asphalt roads,Dry,Darkness - lights lit,Normal,Collision with roadside objects,2,1,Going straight,Driver or rider,Male,31-50,3,Self-employed,Normal,Not a Pedestrian,Overloading,Serious Injury
23:00:00,Saturday,18-30,Male,Junior high school,Employee,1-2yr,Bajaj,Owner,Unknown,unknown,Office areas,One way,Tangent road with flat terrain,Y Shape,Asphalt roads,Dry,Darkness - lights lit,Normal,Vehicle with vehicle collision,1,1,Moving Backward,Driver or rider,Male,31-50,3,Driver,Normal,Not a Pedestrian,Changing lane to the right,Slight Injury
16:15:00,Thursday,18-30,Male,Junior high school,Employee,1-2yr,Automobile,Owner,Unknown,No defect, Industrial areas,Two-way (divided with broken lines road marking),Tangent road with flat terrain,Crossing,Asphalt roads,Dry,Daylight,Normal,Vehicle with vehicle collision,2,2,unknown,na,na,na,na,Employee,Normal,Not a Pedestrian,Improper parking,Slight Injury
16:15:00,Thursday,31-50,Male,Above high school,Owner,2-5yr,Lorry (41?100Q),Governmental,unknown,No defect,Residential areas,Double carriageway (median),Tangent road with flat terrain,Crossing,Other,Dry,Daylight,Normal,Vehicle with vehicle collision,2,2,Going straight,Driver or rider,Male,18-30,3,Driver,Normal,Not a Pedestrian,Other,Slight Injury
6:45:00,Monday,Unknown,Female,unknown,unknown,unknown,Lorry (11?40Q),Owner,unknown,No defect,Office areas,Unknown,Tangent road with flat terrain,No junction,unknown,Dry,Darkness - no lighting,Normal,Vehicle with vehicle collision,1,1,Going straight,na,na,na,na,Driver,Normal,Not a Pedestrian,Changing lane to the left,Slight Injury
15:28:00,Thursday,Under 18,Male,Elementary school,Owner,2-5yr,Lorry (11?40Q),Owner,2-5yrs,unknown,Other,unknown,Tangent road with flat terrain,Y Shape,Asphalt roads,Dry,Daylight,Normal,Vehicle with vehicle collision,2,2,Going straight,Driver or rider,Male,18-30,3,Driver,Normal,Not a Pedestrian,Changing lane to the right,Slight Injury
15:28:00,Thursday,Over 51,Male,Junior high school,Employee,1-2yr,Automobile,Owner,Unknown,unknown, Church areas,other,Tangent road with flat terrain,Y Shape,Asphalt roads,Dry,Daylight,Normal,Vehicle with vehicle collision,2,2,Going straight,Pedestrian,Male,31-50,3,Driver,Normal,Crossing from nearside - masked by parked or statioNot a Pedestrianry vehicle,No priority to pedestrian,Slight Injury
17:07:00,Saturday,18-30,Male,unknown,Owner,5-10yr,unknown,Owner,Above 10yr,unknown, Industrial areas,unknown,Tangent road with flat terrain,Y Shape,Asphalt roads,Dry,Daylight,Normal,Collision with roadside objects,3,1,Other,Driver or rider,Male,18-30,3,Driver,Normal,Not a Pedestrian,Overspeed,Slight Injury
17:07:00,Saturday,31-50,Male,Junior high school,Employee,Below 1yr,Automobile,Owner,Unknown,No defect,  Recreational areas,One way,Tangent road with flat terrain,Y Shape,Asphalt roads,Dry,Daylight,Normal,Vehicle with vehicle collision,3,1,Going straight,Passenger,Female,18-30,3,Driver,Normal,Not a Pedestrian,Changing lane to the left,Slight Injury
17:07:00,Saturday,Over 51,Male,Junior high school,Employee,2-5yr,Public (13?45 seats),Owner,Unknown,No defect,  Market areas,Undivided Two way,Tangent road with flat terrain,Y Shape,Asphalt roads,Dry,Daylight,Normal,Collision with pedestrians,3,1,Moving Backward,na,na,na,na,Employee,Normal,Not a Pedestrian,No priority to vehicle,Slight Injury
13:13:00,Monday,18-30,Male,Junior high school,Employee,5-10yr,Public (12 seats),Owner,Unknown,No defect,Other,Two-way (divided with broken lines road marking),Tangent road with flat terrain,Crossing,Asphalt roads,Dry,Daylight,Normal,Collision with roadside objects,2,3,Moving Backward,Driver or rider,Male,31-50,3,Driver,Normal,Not a Pedestrian,Changing lane to the right,Slight Injury
13:13:00,Monday,18-30,Male,Junior high school,Employee,Above 10yr,Other,Owner,Unknown,unknown,Other,Two-way (divided with broken lines road marking),Tangent road with flat terrain,Crossing,Asphalt roads,Dry,Daylight,Normal,Collision with roadside objects,2,3,Moving Backward,Passenger,Female,18-30,3,Employee,Normal,Not a Pedestrian,No distancing,Slight Injury
13:13:00,Monday,31-50,Male,Elementary school,Employee,2-5yr,Automobile,Owner,Unknown,No defect, Industrial areas,Two-way (divided with broken lines road marking),unknown,Crossing,Asphalt roads,Dry,Daylight,Normal,Vehicle with vehicle collision,2,3,Going straight,na,na,na,na,Self-employed,Normal,Not a Pedestrian,No priority to pedestrian,Slight Injury
11:36:00,Wednesday,Over 51,Male,Elementary school,Owner,Above 10yr,Automobile,Governmental,2-5yrs,unknown,Other,Two-way (divided with broken lines road marking),Tangent road with flat terrain,No junction,Asphalt roads,Dry,Daylight,Normal,Rollover,2,1,Going straight,Driver or rider,Male,Under 18,2,Driver,Normal,Not a Pedestrian,No distancing,Slight Injury
11:36:00,Wednesday,Unknown,Female,Junior high school,Employee,1-2yr,Public (13?45 seats),Governmental,unknown,unknown,Office areas,other,Tangent road with flat terrain,No junction,Asphalt roads,Dry,Daylight,Normal,Vehicle with vehicle collision,2,1,Going straight,na,na,na,na,Driver,Normal,Not a Pedestrian,No priority to vehicle,Slight Injury
8:50:00,Friday,18-30,Male,Junior high school,Employee,5-10yr,Public (13?45 seats),Owner,Unknown,unknown,unknown,other,Tangent road with flat terrain,No junction,Asphalt roads,Dry,Daylight,Normal,Vehicle with vehicle collision,2,1,Going straight,Passenger,Female,Over 51,3,Self-employed,Normal,Not a Pedestrian,Other,Slight Injury
8:50:00,Friday,31-50,Male,Junior high school,Employee,2-5yr,Automobile,Owner,unknown,unknown,Office areas,Two-way (divided with broken lines road marking),Tangent road with flat terrain,No junction,Asphalt roads,Dry,Daylight,Normal,Vehicle with vehicle collision,2,1,Other,Driver or rider,Male,31-50,3,Self-employed,Normal,Not a Pedestrian,Driving carelessly,Slight Injury
14:20:00,Thursday,Under 18,Male,Junior high school,Employee,2-5yr,Other,Owner,unknown,unknown,Office areas,Undivided Two way,Tangent road with flat terrain,Y Shape,Other,Dry,Daylight,Normal,Vehicle with vehicle collision,2,1,Going straight,na,na,na,na,Driver,Normal,Not a Pedestrian,Changing lane to the left,Slight Injury
14:20:00,Thursday,31-50,Male,Junior high school,Employee,2-5yr,Pick up upto 10Q,Organization,Unknown,unknown,Other,other,Tangent road with flat terrain,Y Shape,Asphalt roads,Dry,Daylight,Normal,Vehicle with vehicle collision,2,1,Going straight,Pedestrian,Female,31-50,2,Driver,Normal,Unknown or other,Driving carelessly,Slight Injury
17:28:00,Thursday,18-30,Male,Junior high school,Employee,2-5yr,Lorry (41?100Q),Governmental,2-5yrs,unknown,Other,other,Tangent road with flat terrain,No junction,Asphalt roads,Dry,Daylight,Normal,Vehicle with vehicle collision,2,1,Going straight,na,na,na,na,Self-employed,Normal,Not a Pedestrian,Changing lane to the left,Slight Injury
17:28:00,Thursday,31-50,Male,Junior high school,Employee,Above 10yr,Automobile,Owner,Unknown,No defect,Other,Undivided Two way,Tangent road with flat terrain,No junction,Asphalt roads,Dry,Daylight,Normal,Vehicle with vehicle collision,2,1,Reversing,Driver or rider,Female,31-50,3,Self-employed,Normal,Not a Pedestrian,No priority to vehicle,Slight Injury
7:30:00,Friday,Under 18,Male,Junior high school,Employee,Above 10yr,Automobile,Owner,Above 10yr,unknown,Other,other,Tangent road with flat terrain,Y Shape,Asphalt roads,Wet or damp,Daylight,Raining,Vehicle with vehicle collision,2,1,Moving Backward,Driver or rider,Male,18-30,3,Driver,Normal,Not a Pedestrian,No distancing,Slight Injury
7:30:00,Friday,18-30,Male,Elementary school,Employee,5-10yr,Lorry (41?100Q),unknown,unknown,unknown,Residential areas,Undivided Two way,Tangent road with flat terrain,Y Shape,Asphalt roads,Wet or damp,Daylight,Raining,Collision with roadside objects,2,1,Going straight,na,na,na,na,Driver,Normal,Not a Pedestrian,Changing lane to the right,Slight Injury
4:35:00,Wednesday,Unknown,Female,unknown,Employee,unknown,unknown,Owner,2-5yrs,No defect, Church areas,Undivided Two way,Tangent road with flat terrain,Y Shape,Asphalt roads,Wet or damp,Darkness - lights lit,Raining,Vehicle with vehicle collision,2,1,Going straight,Driver or rider,Male,31-50,2,Driver,Normal,Not a Pedestrian,Changing lane to the right,Slight Injury
4:35:00,Wednesday,18-30,Male,unknown,Employee,2-5yr,Other,Owner,2-5yrs,unknown,Office areas,Double carriageway (median),Tangent road with flat terrain,Y Shape,Asphalt roads,Wet or damp,Darkness - lights lit,Raining,Vehicle with vehicle collision,2,1,Reversing,na,na,na,na,Driver,Normal,Not a Pedestrian,Driving at high speed,Slight Injury
10:38:00,Saturday,18-30,Male,Elementary school,Employee,5-10yr,Automobile,Owner,2-5yrs,unknown, Church areas,other,Tangent road with flat terrain,Crossing,Asphalt roads,Wet or damp,Daylight,Raining,Vehicle with vehicle collision,2,1,Going straight,Driver or rider,Male,31-50,3,unknown,unknown,Not a Pedestrian,No distancing,Slight Injury
10:38:00,Saturday,31-50,Male,Junior high school,Employee,5-10yr,Automobile,Owner,2-5yrs,unknown,Other,Two-way (divided with broken lines road marking),Tangent road with flat terrain,Crossing,Asphalt roads,Wet or damp,Daylight,Raining,Vehicle with vehicle collision,2,1,Reversing,na,na,na,na,unknown,Normal,Not a Pedestrian,Changing lane to the right,Slight Injury
17:43:00,Friday,18-30,Male,Junior high school,Employee,Above 10yr,Automobile,Owner,Above 10yr,No defect,Residential areas,unknown,Tangent road with flat terrain,No junction,Other,Wet or damp,Darkness - lights lit,Raining,Collision with pedestrians,2,1,Other,Pedestrian,Female,31-50,3,Driver,Normal,Crossing from nearside - masked by parked or statioNot a Pedestrianry vehicle,Changing lane to the left,Slight Injury
17:43:00,Friday,Over 51,Male,Junior high school,Employee,5-10yr,Automobile,Owner,5-10yrs,No defect,Office areas,Undivided Two way,Tangent road with flat terrain,No junction,Asphalt roads,Wet or damp,Darkness - lights lit,Raining,Vehicle with vehicle collision,2,1,unknown,na,na,na,na,unknown,unknown,Not a Pedestrian,Getting off the vehicle improperly,Slight Injury
13:13:00,Friday,18-30,Male,Junior high school,Employee,Above 10yr,Lorry (41?100Q),Owner,unknown,No defect,  Recreational areas,other,unknown,Y Shape,Asphalt roads,Wet or damp,Daylight,Raining,Vehicle with vehicle collision,3,1,Going straight,Driver or rider,Male,31-50,3,unknown,unknown,Not a Pedestrian,Other,Slight Injury
13:13:00,Friday,Over 51,Male,Elementary school,Employee,Below 1yr,Other,Governmental,unknown,No defect,Office areas,other,Tangent road with mild grade and flat terrain,Y Shape,unknown,Wet or damp,Daylight,Raining,Vehicle with vehicle collision,3,1,Going straight,na,na,na,na,unknown,unknown,Not a Pedestrian,Other,Slight Injury
13:13:00,Friday,18-30,Male,Elementary school,Employee,5-10yr,Pick up upto 10Q,Owner,5-10yrs,No defect, Industrial areas,other,Tangent road with flat terrain,Y Shape,Asphalt roads,Wet or damp,Daylight,Raining,Vehicle with vehicle collision,3,1,Going straight,Driver or rider,Male,31-50,3,Driver,Normal,Not a Pedestrian,No distancing,Slight Injury
1:25:00,Wednesday,18-30,Male,Elementary school,Employee,1-2yr,Stationwagen,unknown,unknown,unknown,unknown,unknown,unknown,Crossing,Asphalt roads,Dry,Darkness - lights lit,Normal,Vehicle with vehicle collision,2,1,Going straight,na,na,na,na,unknown,unknown,Not a Pedestrian,No priority to vehicle,Slight Injury
1:25:00,Wednesday,31-50,Male,Elementary school,Employee,5-10yr,Other,Owner,unknown,No defect,Residential areas,Undivided Two way,Tangent road with flat terrain,Crossing,Asphalt roads,Dry,Darkness - lights lit,Normal,Vehicle with vehicle collision,2,1,Going straight,Driver or rider,Male,18-30,3,unknown,unknown,Not a Pedestrian,Overtaking,Slight Injury
17:51:00,Wednesday,Over 51,Male,Elementary school,Employee,5-10yr,Pick up upto 10Q,Governmental,Above 10yr,No defect,Residential areas,other,Tangent road with flat terrain,No junction,Earth roads,Dry,Darkness - lights lit,Normal,Collision with roadside objects,1,1,Going straight,Pedestrian,Male,18-30,3,Driver,Normal,Not a Pedestrian,No priority to pedestrian,Slight Injury
19:54:00,Wednesday,18-30,Male,Elementary school,Employee,2-5yr,Stationwagen,Owner,1-2yr,No defect, Industrial areas,other,Tangent road with flat terrain,Y Shape,Asphalt roads,Wet or damp,Darkness - lights lit,Normal,Vehicle with vehicle collision,2,1,Going straight,Pedestrian,Male,Over 51,3,Driver,Normal,Crossing from nearside - masked by parked or statioNot a Pedestrianry vehicle,No distancing,Slight Injury
19:54:00,Wednesday,18-30,Male,Elementary school,Employee,5-10yr,Lorry (41?100Q),Owner,2-5yrs,No defect,Residential areas,Undivided Two way,Tangent road with flat terrain,Y Shape,Asphalt roads,Wet or damp,Darkness - lights lit,Normal,Vehicle with vehicle collision,2,1,Going straight,na,na,na,na,Driver,Normal,Not a Pedestrian,Changing lane to the right,Slight Injury
11:00:00,Sunday,18-30,Male,unknown,unknown,5-10yr,Automobile,Owner,Unknown,No defect,Residential areas,other,Tangent road with flat terrain,Y Shape,Asphalt roads,Wet or damp,Daylight,Normal,Vehicle with vehicle collision,2,1,Going straight,Driver or rider,Male,18-30,3,Driver,Normal,Not a Pedestrian,Driving carelessly,Slight Injury
11:00:00,Sunday,18-30,Male,Junior high school,Employee,Above 10yr,unknown,Owner,unknown,No defect,Office areas,Undivided Two way,Tangent road with flat terrain,Y Shape,Asphalt roads,Wet or damp,Daylight,Normal,Vehicle with vehicle collision,2,1,Going straight,na,na,na,na,unknown,unknown,Not a Pedestrian,Changing lane to the right,Slight Injury
20:01:00,Wednesday,Under 18,Unknown,Junior high school,Employee,Above 10yr,Automobile,Owner,2-5yrs,No defect,Office areas,Double carriageway (median),Escarpments,Crossing,Asphalt roads,Wet or damp,Darkness - lights lit,Normal,Vehicle with vehicle collision,2,2,Going straight,Driver or rider,Male,31-50,3,Driver,Normal,Not a Pedestrian,Overtaking,Slight Injury
20:01:00,Wednesday,31-50,Male,Elementary school,Employee,Below 1yr,Automobile,Owner,Above 10yr,No defect,Office areas,other,Tangent road with flat terrain,Crossing,Asphalt roads,Wet or damp,Darkness - lights lit,Normal,Vehicle with vehicle collision,2,2,Going straight,na,na,na,na,unknown,unknown,Not a Pedestrian,Other,Slight Injury
18:45:00,Wednesday,Unknown,Female,Elementary school,Employee,5-10yr,Turbo,Owner,1-2yr,No defect,Office areas,Undivided Two way,Escarpments,Y Shape,Asphalt roads,Dry,Darkness - lights lit,Cloudy,Vehicle with vehicle collision,2,1,Going straight,Driver or rider,Male,18-30,3,unknown,unknown,Not a Pedestrian,Driving to the left,Serious Injury
18:45:00,Wednesday,Over 51,Male,Elementary school,Owner,5-10yr,unknown,Owner,unknown,No defect,Office areas,One way,Tangent road with flat terrain,Y Shape,Asphalt roads,Dry,Darkness - lights lit,Cloudy,Vehicle with vehicle collision,2,1,Going straight,Pedestrian,Female,18-30,3,unknown,unknown,"In carriageway, statioNot a Pedestrianry - not crossing  (standing or playing)",Driving at high speed,Serious Injury
11:05:00,Saturday,18-30,Male,Elementary school,Employee,2-5yr,Stationwagen,Owner,unknown,No defect,Office areas,Undivided Two way,Tangent road with flat terrain,Y Shape,Asphalt roads,Dry,Daylight,Normal,Rollover,3,2,Going straight,Driver or rider,Male,Under 18,3,unknown,unknown,Not a Pedestrian,Unknown,Slight Injury
11:05:00,Saturday,Over 51,Male,Elementary school,Employee,Above 10yr,Automobile,Owner,unknown,No defect,Office areas,other,Tangent road with flat terrain,Y Shape,Asphalt roads,Dry,Daylight,Normal,Vehicle with vehicle collision,3,2,Moving Backward,Passenger,Male,Under 18,3,unknown,unknown,Not a Pedestrian,Changing lane to the right,Slight Injury
11:05:00,Saturday,Over 51,Male,Elementary school,Employee,2-5yr,Automobile,Owner,Above 10yr,No defect,Residential areas,other,Tangent road with flat terrain,Y Shape,Asphalt roads,Dry,Daylight,Normal,Vehicle with vehicle collision,3,2,Going straight,na,na,na,na,Driver,Normal,Not a Pedestrian,No distancing,Slight Injury
11:05:00,Saturday,18-30,Male,Junior high school,Employee,Above 10yr,Automobile,Owner,5-10yrs,No defect,Residential areas,One way,Tangent road with flat terrain,Y Shape,Asphalt roads,Dry,Daylight,Normal,Vehicle with vehicle collision,3,2,Going straight,na,na,na,na,Driver,Normal,Not a Pedestrian,Other,Slight Injury
17:09:00,Wednesday,Unknown,Female,Junior high school,Employee,Below 1yr,Pick up upto 10Q,Owner,unknown,No defect,Other,One way,Tangent road with flat terrain,No junction,Asphalt roads,Wet or damp,Darkness - lights lit,Normal,Collision with roadside objects,1,1,Going straight,Passenger,Female,31-50,3,Driver,Normal,Not a Pedestrian,No priority to vehicle,Serious Injury
7:30:00,Wednesday,31-50,Male,Junior high school,Employee,2-5yr,Lorry (41?100Q),Owner,5-10yrs,No defect, Church areas,Undivided Two way,Tangent road with flat terrain,Crossing,Asphalt roads,Wet or damp,Daylight,Raining,Vehicle with vehicle collision,2,1,unknown,na,na,na,na,Driver,Normal,Not a Pedestrian,Changing lane to the left,Slight Injury
7:30:00,Wednesday,31-50,Male,Elementary school,Employee,5-10yr,Lorry (41?100Q),Owner,unknown,No defect,  Recreational areas,other,Tangent road with flat terrain,Crossing,Asphalt roads,Wet or damp,Daylight,Raining,Vehicle with vehicle collision,2,1,Turnover,Pedestrian,Male,31-50,2,Driver,Normal,Crossing from nearside - masked by parked or statioNot a Pedestrianry vehicle,No priority to pedestrian,Slight Injury
18:35:00,Wednesday,31-50,Male,Elementary school,Employee,5-10yr,Automobile,Owner,unknown,unknown, Industrial areas,Undivided Two way,Tangent road with flat terrain,Crossing,Asphalt roads,Wet or damp,Darkness - lights lit,Raining,Vehicle with vehicle collision,2,1,Going straight,Passenger,Female,18-30,3,Driver,Normal,Not a Pedestrian,Overtaking,Slight Injury
18:35:00,Wednesday,31-50,Male,Elementary school,Employee,1-2yr,Lorry (41?100Q),unknown,unknown,unknown,Residential areas,other,unknown,Crossing,Asphalt roads,Wet or damp,Darkness - lights lit,Raining,Collision with roadside objects,2,1,Going straight,Passenger,Male,18-30,3,unknown,unknown,Not a Pedestrian,Driving carelessly,Slight Injury
13:05:00,Sunday,31-50,Male,Elementary school,Employee,unknown,Lorry (41?100Q),Owner,Above 10yr,No defect,Residential areas,other,Tangent road with rolling terrain,Y Shape,Earth roads,Dry,Daylight,Normal,Vehicle with vehicle collision,2,1,Going straight,na,na,na,na,Driver,Normal,Not a Pedestrian,No priority to vehicle,Slight Injury
13:05:00,Sunday,Over 51,Male,Junior high school,Employee,1-2yr,Lorry (41?100Q),Owner,2-5yrs,No defect,Office areas,Double carriageway (median),Tangent road with flat terrain,Y Shape,Asphalt roads,Dry,Daylight,Normal,Vehicle with vehicle collision,2,1,Going straight,Driver or rider,Male,Under 18,3,unknown,unknown,Not a Pedestrian,No priority to pedestrian,Slight Injury
16:39:00,Tuesday,31-50,Male,unknown,Employee,5-10yr,Lorry (41?100Q),Owner,2-5yrs,No defect,  Market areas,Undivided Two way,Tangent road with flat terrain,Y Shape,Asphalt roads,Wet or damp,Darkness - lights lit,Raining,Vehicle with vehicle collision,1,1,Going straight,na,na,na,na,Driver,Normal,Not a Pedestrian,Changing lane to the right,Slight Injury
8:20:00,Wednesday,31-50,Male,Elementary school,Owner,1-2yr,Automobile,unknown,unknown,unknown,Unknown,other,Tangent road with flat terrain,Y Shape,Asphalt roads,Wet or damp,Daylight,Raining,Vehicle with vehicle collision,1,1,Going straight,na,na,na,na,Driver,Normal,Not a Pedestrian,Driving carelessly,Slight Injury
16:05:00,Wednesday,31-50,Female,Junior high school,Employee,5-10yr,Automobile,Owner,unknown,No defect, Industrial areas,other,Tangent road with flat terrain,Y Shape,Asphalt roads,Wet or damp,Darkness - lights lit,Raining,Collision with roadside objects,2,1,Going straight,Driver or rider,Male,31-50,3,Driver,Normal,Not a Pedestrian,Changing lane to the right,Serious Injury
16:05:00,Wednesday,18-30,Male,Junior high school,Employee,2-5yr,Automobile,Owner,unknown,No defect,Residential areas,Two-way (divided with solid lines road marking),Tangent road with flat terrain,Y Shape,Asphalt roads,Wet or damp,Darkness - lights lit,Raining,Vehicle with vehicle collision,2,1,Going straight,na,na,na,na,unknown,unknown,Not a Pedestrian,Changing lane to the right,Serious Injury
22:34:00,Saturday,31-50,Male,Junior high school,Employee,2-5yr,Public (13?45 seats),Governmental,Below 1yr,No defect,Residential areas,Undivided Two way,Tangent road with flat terrain,No junction,Asphalt roads,Wet or damp,Darkness - lights lit,Windy,Vehicle with vehicle collision,1,1,Going straight,Driver or rider,Male,18-30,2,unknown,unknown,Not a Pedestrian,Changing lane to the left,Serious Injury
13:53:00,Saturday,31-50,Male,Junior high school,Employee,5-10yr,Automobile,Owner,5-10yrs,No defect,Other,Undivided Two way,Tangent road with flat terrain,Y Shape,Asphalt roads,Wet or damp,Daylight,Normal,Vehicle with vehicle collision,2,3,Turnover,Driver or rider,Male,18-30,3,Driver,Normal,Not a Pedestrian,Overturning,Slight Injury
13:53:00,Saturday,18-30,Male,Junior high school,Owner,Below 1yr,Public (13?45 seats),Governmental,unknown,No defect,Residential areas,other,Tangent road with flat terrain,Y Shape,Asphalt roads,Wet or damp,Daylight,Normal,Vehicle with vehicle collision,2,3,unknown,na,na,na,na,Driver,Normal,Not a Pedestrian,Driving carelessly,Slight Injury
13:53:00,Saturday,18-30,Male,High school,Employee,Below 1yr,Public (13?45 seats),Owner,1-2yr,No defect,Rural village areas,Undivided Two way,Gentle horizontal curve,Y Shape,Asphalt roads,Wet or damp,Daylight,Normal,Vehicle with vehicle collision,2,3,Reversing,na,na,na,na,Driver,Normal,Not a Pedestrian,No distancing,Slight Injury
13:50:00,Saturday,18-30,Male,Junior high school,Employee,unknown,Automobile,Owner,2-5yrs,No defect,Rural village areas,Undivided Two way,Gentle horizontal curve,Unknown,Asphalt roads,Dry,Daylight,Cloudy,Collision with pedestrians,2,2,Other,Driver or rider,Female,31-50,3,Driver,Normal,Not a Pedestrian,Driving carelessly,Slight Injury
13:50:00,Saturday,18-30,Male,Junior high school,Employee,Below 1yr,Lorry (11?40Q),Owner,unknown,No defect,Office areas,Double carriageway (median),Tangent road with flat terrain,Unknown,Earth roads,Dry,Daylight,Cloudy,Vehicle with vehicle collision,2,2,Going straight,Driver or rider,Male,18-30,3,Self-employed,Normal,Not a Pedestrian,Changing lane to the left,Slight Injury
13:50:00,Saturday,18-30,Female,Junior high school,Employee,2-5yr,Automobile,Owner,2-5yrs,No defect,Residential areas,Undivided Two way,Gentle horizontal curve,Unknown,Asphalt roads,Dry,Daylight,Cloudy,Vehicle with vehicle collision,2,2,Going straight,Passenger,Male,31-50,3,Self-employed,Normal,Not a Pedestrian,No priority to vehicle,Slight Injury
15:00:00,Friday,31-50,Male,Junior high school,Employee,2-5yr,Lorry (41?100Q),Owner,unknown,unknown,Residential areas,other,Tangent road with flat terrain,Y Shape,Asphalt roads,Dry,Daylight,Normal,Collision with roadside objects,2,1,Turnover,na,na,na,na,Driver,Normal,Not a Pedestrian,Changing lane to the right,Slight Injury