Time,Day_of_week,Age_band_of_driver,Sex_of_driver,Educational_level,Vehicle_driver_relation,Driving_experience,Type_of_vehicle,Owner_of_vehicle,Service_year_of_vehicle,Defect_of_vehicle,Area_accident_occured,Lanes_or_Medians,Road_allignment,Types_of_Junction,Road_surface_type,Road_surface_conditions,Light_conditions,Weather_conditions,Type_of_collision,Number_of_vehicles_involved,Number_of_casualties,Vehicle_movement,Casualty_class,Sex_of_casualty,Age_band_of_casualty,Casualty_severity,Work_of_casuality,Fitness_of_casuality,Pedestrian_movement,Cause_of_accident,Accident_severity
17:46:00,Thursday,31-50,Male,Elementary school,Employee,2-5yr,Automobile,unknown,Above 10yr,No defect,Other,Two-way (divided with broken lines road marking),Tangent road with flat terrain,unknown,Asphalt roads,Dry,Daylight,Normal,Collision with roadside objects,2,1,Getting off,Driver or rider,Male,31-50,3,Driver,Normal,Not a Pedestrian,Driving to the left,Slight Injury
14:20:00,Friday,18-30,Male,Elementary school,Other,5-10yr,Lorry (11?40Q),Owner,unknown,No defect,Other,One way,Tangent road with flat terrain,unknown,Asphalt roads,Dry,Daylight,Normal,Vehicle with vehicle collision,1,1,Overtaking,na,na,na,na,Driver,Normal,Not a Pedestrian,Overtaking,Slight Injury
12:15:00,Sunday,31-50,Male,Junior high school,Employee,5-10yr,Bajaj,Owner,2-5yrs,No defect,Other,Two-way (divided with broken lines road marking),Tangent road with mild grade and flat terrain,unknown,Asphalt roads,Dry,Daylight,Normal,Vehicle with vehicle collision,2,1,Going straight,Driver or rider,Male,5,3,unknown,unknown,Not a Pedestrian,No distancing,Slight Injury
12:15:00,Sunday,18-30,Male,High school,Owner,5-10yr,Automobile,Owner,unknown,unknown,Office areas,Two-way (divided with broken lines road marking),Tangent road with flat terrain,unknown,Asphalt roads,Dry,Daylight,Normal,Vehicle with vehicle collision,2,1,Going straight,na,na,na,na,Driver,Normal,Not a Pedestrian,Driving carelessly,Slight Injury
7:40:00,Tuesday,18-30,Male,Junior high school,Employee,Above 10yr,Lorry (41?100Q),Owner,Unknown,unknown,Residential areas,Two-way (divided with broken lines road marking),Tangent road with flat terrain,unknown,Asphalt roads,Dry,Daylight,Normal,Vehicle with vehicle collision,1,1,Going straight,Driver or rider,Male,18-30,2,Self-employed,Normal,Not a Pedestrian,No priority to vehicle,Slight Injury
16:10:00,Wednesday,31-50,Male,Junior high school,Employee,Below 1yr,Lorry (11?40Q),Owner,2-5yrs,No defect,Other,Two-way (divided with broken lines road marking),Tangent road with flat terrain,unknown,Asphalt roads,Wet or damp,Daylight,Raining,Vehicle with vehicle collision,2,4,Reversing,Passenger,Male,5,2,Self-employed,Normal,Not a Pedestrian,No priority to vehicle,Slight Injury
8:35:00,Wednesday,31-50,Male,Junior high school,Other,Below 1yr,Lorry (11?40Q),Owner,Unknown,unknown,Residential areas,Two-way (divided with broken lines road marking),Tangent road with flat terrain,unknown,Asphalt roads,Wet or damp,Daylight,Raining,Vehicle with vehicle collision,2,4,Getting off,na,na,na,na,Self-employed,Normal,Not a Pedestrian,No priority to vehicle,Slight Injury
8:35:00,Wednesday,18-30,Male,Junior high school,Employee,Above 10yr,Automobile,Owner,Unknown,unknown,Other,Undivided Two way,Tangent road with flat terrain,unknown,Asphalt roads,Wet or damp,Daylight,Raining,Collision with roadside objects,2,4,Going straight,Driver or rider,Male,18-30,3,unknown,unknown,Not a Pedestrian,No priority to vehicle,Slight Injury
8:40:00,Wednesday,18-30,Male,High school,Owner,5-10yr,unknown,Owner,2-5yrs,unknown,Residential areas,Double carriageway (median),Tangent road with flat terrain,unknown,Asphalt roads,Wet or damp,Daylight,Raining,Collision with roadside objects,2,4,Going straight,na,na,na,na,Self-employed,Normal,Not a Pedestrian,No distancing,Slight Injury
18:49:00,Tuesday,18-30,Male,Elementary school,Owner,5-10yr,Automobile,Owner,unknown,unknown,Office areas,Two-way (divided with broken lines road marking),Tangent road with flat terrain,unknown,Earth roads,Dry,Daylight,Normal,Vehicle with vehicle collision,1,1,Going straight,Driver or rider,Female,31-50,3,Self-employed,Normal,Not a Pedestrian,Moving Backward,Serious Injury
12:46:00,Friday,31-50,Male,Junior high school,Employee,2-5yr,Public (13?45 seats),Owner,5-10yrs,unknown,Office areas,Two-way (divided with broken lines road marking),Tangent road with mild grade and flat terrain,unknown,Asphalt roads,Dry,Daylight,Unknown,Collision with roadside objects,1,1,Reversing,na,na,na,na,Driver,Deaf,Not a Pedestrian,No distancing,Serious Injury
12:46:00,Friday,31-50,Male,Junior high school,Employee,2-5yr,Public (12 seats),Owner,Unknown,unknown,Office areas,Double carriageway (median),Tangent road with flat terrain,unknown,Asphalt roads,Wet or damp,Darkness - no lighting,Raining,Collision with roadside objects,1,1,Going straight,na,na,na,na,Driver,Normal,Not a Pedestrian,Changing lane to the left,Serious Injury
7:40:00,Wednesday,18-30,Male,Above high school,Employee,5-10yr,Other,Owner,unknown,unknown,  Recreational areas,Two-way (divided with broken lines road marking),Tangent road with flat terrain,unknown,Asphalt roads,Dry,Daylight,Normal,Vehicle with vehicle collision,2,1,Stopping,Driver or rider,Female,Over 51,3,Self-employed,Normal,Not a Pedestrian,Changing lane to the left,Slight Injury
7:40:00,Wednesday,31-50,Male,Junior high school,Owner,2-5yr,Automobile,Owner,unknown,unknown,Other,Two-way (divided with broken lines road marking),Tangent road with flat terrain,unknown,Asphalt roads,Dry,Daylight,Normal,Vehicle with vehicle collision,2,1,Overtaking,Driver or rider,Male,Over 51,3,Self-employed,Normal,Not a Pedestrian,No priority to pedestrian,Slight Injury
6:00:00,Sunday,Unknown,Male,unknown,unknown,unknown,Automobile,Owner,unknown,unknown,Other,other,Tangent road with flat terrain,unknown,Earth roads,Dry,Daylight,Normal,Collision with roadside objects,2,1,Going straight,Passenger,Male,Over 51,3,Driver,Normal,Not a Pedestrian,Moving Backward,Slight Injury
6:00:00,Sunday,18-30,Male,Junior high school,Employee,2-5yr,Public (13?45 seats),Owner,5-10yrs,unknown,Other,Two-way (divided with broken lines road marking),Tangent road with flat terrain,unknown,Asphalt roads,Dry,Daylight,Normal,Vehicle with vehicle collision,2,1,Reversing,na,na,na,na,Driver,Normal,Not a Pedestrian,Changing lane to the left,Slight Injury
15:00:00,Saturday,31-50,Male,Junior high school,Employee,5-10yr,Public (13?45 seats),Owner,unknown,unknown,Other,Double carriageway (median),Tangent road with flat terrain,unknown,Asphalt roads,Dry,Daylight,Normal,Vehicle with vehicle collision,1,1,Going straight,na,na,na,na,unknown,unknown,Not a Pedestrian,No distancing,Slight Injury
18:02:00,Wednesday,31-50,Male,Junior high school,Employee,2-5yr,Automobile,Owner,2-5yrs,No defect,Other,Undivided Two way,Tangent road with mountainous terrain and,unknown,Asphalt roads,Wet or damp,Darkness - lights lit,Normal,Vehicle with vehicle collision,2,2,Going straight,na,na,na,na,Driver,Normal,Not a Pedestrian,No priority to vehicle,Slight Injury
21:25:00,Thursday,18-30,Male,Elementary school,Employee,1-2yr,Other,Owner,2-5yrs,No defect,Office areas,Two-way (divided with broken lines road marking),Tangent road with flat terrain,unknown,Asphalt roads,Wet or damp,Darkness - lights lit,Normal,Vehicle with vehicle collision,2,2,Reversing,Driver or rider,Male,18-30,3,Driver,Normal,Not a Pedestrian,Changing lane to the right,Slight Injury
21:25:00,Thursday,18-30,Male,High school,Employee,unknown,Pick up upto 10Q,Owner,Above 10yr,No defect,Office areas,Two-way (divided with broken lines road marking),Tangent road with flat terrain,unknown,Asphalt roads,Dry,Daylight,Normal,Vehicle with vehicle collision,1,1,Going straight,Passenger,Male,Over 51,3,Student,Normal,Not a Pedestrian,No distancing,Serious Injury
21:25:00,Thursday,18-30,Male,Junior high school,Owner,1-2yr,Lorry (41?100Q),Owner,Unknown,No defect,Office areas,One way,Tangent road with flat terrain,unknown,Asphalt roads,Dry,Daylight,Normal,Vehicle with vehicle collision,2,1,Waiting to go,na,na,na,na,Employee,Normal,Not a Pedestrian,No distancing,Slight Injury
16:55:00,Friday,31-50,Male,Junior high school,Employee,2-5yr,Automobile,Owner,Above 10yr,No defect,Residential areas,Double carriageway (median),Tangent road with flat terrain,unknown,Asphalt roads,Dry,Daylight,Normal,Collision with pedestrians,2,1,Going straight,na,na,na,na,Driver,Normal,Not a Pedestrian,Getting off the vehicle improperly,Slight Injury
16:55:00,Friday,31-50,Male,Junior high school,Employee,1-2yr,Automobile,Governmental,Below 1yr,No defect,  Recreational areas,Two-way (divided with broken lines road marking),Tangent road with flat terrain,unknown,Asphalt roads,Dry,Daylight,Normal,Vehicle with vehicle collision,1,1,Going straight,Driver or rider,Male,31-50,3,Other,Normal,Not a Pedestrian,No priority to pedestrian,Serious Injury
16:55:00,Friday,31-50,Male,Elementary school,Employee,Above 10yr,Lorry (41?100Q),Owner,Unknown,No defect, Church areas,Double carriageway (median),Tangent road with flat terrain,unknown,Other,Dry,Darkness - lights lit,Normal,Collision with roadside objects,2,1,Going straight,na,na,na,na,unknown,Normal,Not a Pedestrian,Changing lane to the left,Slight Injury
16:55:00,Friday,Unknown,Male,Junior high school,Employee,2-5yr,unknown,Owner,Unknown,No defect,Office areas,Undivided Two way,Tangent road with flat terrain,unknown,Asphalt roads,Dry,Darkness - lights lit,Normal,Vehicle with vehicle collision,2,1,Going straight,Pedestrian,Female,5,3,unknown,unknown,Crossing from nearside - masked by parked or statioNot a Pedestrianry vehicle,No distancing,Slight Injury
16:55:00,Friday,Unknown,Male,Junior high school,Employee,2-5yr,Other,Owner,Unknown,No defect,Other,Two-way (divided with broken lines road marking),Tangent road with flat terrain,unknown,Asphalt roads,Dry,Daylight,Normal,Vehicle with vehicle collision,1,1,Getting off,Driver or rider,Male,31-50,3,unknown,unknown,Not a Pedestrian,Driving carelessly,Serious Injury
20:15:00,Monday,18-30,Male,Junior high school,Employee,2-5yr,Automobile,Owner,unknown,unknown,Residential areas,other,Steep grade downward with mountainous terrain,unknown,Asphalt roads,Dry,Daylight,Normal,Vehicle with vehicle collision,2,1,Going straight,Passenger,Female,5,3,Employee,unknown,Not a Pedestrian,No distancing,Slight Injury
20:15:00,Monday,18-30,Female,Junior high school,Employee,2-5yr,Automobile,Owner,unknown,No defect,School areas,other,Tangent road with flat terrain,unknown,Asphalt roads,Dry,Daylight,Normal,Vehicle with vehicle collision,2,1,Going straight,na,na,na,na,Driver,unknown,Not a Pedestrian,Changing lane to the right,Slight Injury
20:15:00,Monday,18-30,Female,Elementary school,Employee,2-5yr,Automobile,Owner,1-2yr,No defect,Office areas,Two-way (divided with broken lines road marking),Tangent road with flat terrain,unknown,Asphalt roads,Dry,Daylight,Normal,Vehicle with vehicle collision,1,1,Going straight,Pedestrian,Female,18-30,2,Driver,unknown,Not a Pedestrian,Overtaking,Slight Injury
15:30:00,Tuesday,31-50,Male,Junior high school,Employee,2-5yr,Automobile,Owner,Above 10yr,No defect,Other,other,Tangent road with flat terrain,unknown,Asphalt roads,Wet or damp,Daylight,Normal,Vehicle with vehicle collision,2,1,Reversing,na,na,na,na,Driver,unknown,Not a Pedestrian,Driving carelessly,Slight Injury
20:17:00,Thursday,31-50,Male,Elementary school,Employee,5-10yr,Lorry (41?100Q),Owner,Unknown,No defect,Other,Two-way (divided with broken lines road marking),Tangent road with flat terrain,unknown,Asphalt roads,Wet or damp,Daylight,Normal,Vehicle with vehicle collision,2,1,Turnover,Driver or rider,Male,31-50,3,Self-employed,Normal,Not a Pedestrian,Moving Backward,Slight Injury
20:17:00,Thursday,31-50,Male,Elementary school,Employee,2-5yr,Other,Organization,2-5yrs,unknown,Office areas,Two-way (divided with broken lines road marking),Tangent road with mountainous terrain and,unknown,Earth roads,Dry,Daylight,Normal,Vehicle with vehicle collision,2,1,Going straight,Pedestrian,Female,31-50,2,Driver,Normal,Not a Pedestrian,No distancing,Serious Injury
13:07:00,Sunday,31-50,Male,Junior high school,Employee,Above 10yr,Pick up upto 10Q,Owner,unknown,unknown,Office areas,Two-way (divided with broken lines road marking),Tangent road with flat terrain,unknown,Asphalt roads,Dry,Daylight,Normal,Vehicle with vehicle collision,2,1,Going straight,Driver or rider,Female,18-30,3,Other,Normal,Not a Pedestrian,Overtaking,Serious Injury
13:07:00,Sunday,31-50,Male,Junior high school,Employee,Above 10yr,Stationwagen,Owner,5-10yrs,unknown,Other,Undivided Two way,Tangent road with flat terrain,unknown,Asphalt roads,Dry,Daylight,Normal,Collision with roadside objects,2,1,Going straight,Passenger,Male,5,3,unknown,unknown,Not a Pedestrian,Driving carelessly,Serious Injury
13:07:00,Sunday,31-50,Male,High school,Employee,Above 10yr,Other,Owner,5-10yrs,No defect,Office areas,Two-way (divided with broken lines road marking),Tangent road with flat terrain,unknown,Asphalt roads,Dry,Daylight,Normal,Vehicle with vehicle collision,2,1,Going straight,Driver or rider,Male,31-50,3,Driver,Normal,Not a Pedestrian,Driving carelessly,Serious Injury
16:30:00,Tuesday,31-50,Male,Junior high school,Employee,5-10yr,Pick up upto 10Q,Owner,2-5yrs,No defect, Industrial areas,Two-way (divided with broken lines road marking),Tangent road with flat terrain,unknown,Asphalt roads,Dry,Daylight,Normal,Collision with roadside objects,2,1,Getting off,Pedestrian,Female,31-50,3,Self-employed,Normal,Not a Pedestrian,Moving Backward,Serious Injury
16:30:00,Tuesday,31-50,Male,Junior high school,Owner,2-5yr,Stationwagen,Owner,Unknown,No defect,Office areas,Undivided Two way,Tangent road with flat terrain,unknown,Asphalt roads,Dry,Daylight,Normal,Vehicle with vehicle collision,2,1,Going straight,na,na,na,na,Self-employed,Normal,Not a Pedestrian,Driving carelessly,Serious Injury
15:18:00,Monday,31-50,Male,Elementary school,Employee,1-2yr,Lorry (41?100Q),Owner,unknown,unknown,Other,Undivided Two way,Tangent road with flat terrain,unknown,Asphalt roads,Dry,Daylight,Normal,Vehicle with vehicle collision,2,2,Going straight,Driver or rider,Male,18-30,3,Self-employed,Normal,Not a Pedestrian,Driving to the left,Slight Injury
17:40:00,Wednesday,18-30,Male,Junior high school,Employee,2-5yr,Automobile,Owner,Above 10yr,unknown,Other,Two-way (divided with broken lines road marking),Tangent road with flat terrain,unknown,Asphalt roads,Dry,Daylight,Normal,unknown,2,2,Going straight,Driver or rider,Male,18-30,3,unknown,Other,Not a Pedestrian,Changing lane to the left,Slight Injury
18:32:00,Tuesday,18-30,Male,Junior high school,Employee,5-10yr,unknown,Owner,Unknown,unknown,Office areas,Two-way (divided with broken lines road marking),Tangent road with flat terrain,unknown,Asphalt roads,Dry,Daylight,Normal,Collision with pedestrians,2,2,Going straight,Passenger,Male,18-30,3,Driver,Blind,Not a Pedestrian,No distancing,Slight Injury
18:32:00,Tuesday,18-30,Female,unknown,unknown,unknown,Automobile,unknown,unknown,unknown, Church areas,unknown,Tangent road with flat terrain,unknown,Asphalt roads,Wet or damp,Daylight,Normal,Vehicle with vehicle collision,2,2,Going straight,Passenger,Male,18-30,3,Driver,Normal,Not a Pedestrian,No distancing,Slight Injury
18:32:00,Tuesday,31-50,Male,Elementary school,Owner,5-10yr,Automobile,Owner,unknown,unknown,Office areas,other,Tangent road with flat terrain,unknown,Asphalt roads,Wet or damp,Daylight,Normal,Vehicle with vehicle collision,2,2,Going straight,Passenger,Male,Under 18,3,Self-employed,Normal,Not a Pedestrian,Changing lane to the right,Slight Injury
18:32:00,Tuesday,Over 51,Male,High school,Other,Above 10yr,Turbo,Owner,unknown,unknown,Residential areas,other,Tangent road with flat terrain,unknown,Asphalt roads,Wet or damp,Daylight,Normal,Vehicle with vehicle collision,2,2,Going straight,Passenger,Male,Under 18,3,Driver,Normal,Not a Pedestrian,Driving under the influence of drugs,Slight Injury
18:35:00,Saturday,31-50,Male,Junior high school,Employee,Above 10yr,unknown,Owner,Unknown,No defect,  Recreational areas,Two-way (divided with broken lines road marking),Tangent road with flat terrain,unknown,Asphalt roads,Dry,Daylight,Normal,Collision with pedestrians,2,1,Going straight,na,na,na,na,Driver,Normal,Not a Pedestrian,Changing lane to the right,Slight Injury
18:35:00,Saturday,31-50,Female,Junior high school,Employee,1-2yr,Stationwagen,Governmental,5-10yrs,unknown,Other,other,Tangent road with flat terrain,unknown,Asphalt roads,Dry,Daylight,Normal,Collision with roadside objects,2,1,Going straight,na,na,na,na,Driver,Normal,Not a Pedestrian,Changing lane to the left,Slight Injury
12:10:00,Friday,18-30,Male,High school,Owner,unknown,Automobile,Owner,Unknown,No defect, Church areas,Undivided Two way,Tangent road with flat terrain,unknown,Asphalt roads,Dry,Daylight,Normal,unknown,2,1,Going straight,Pedestrian,Male,18-30,3,Driver,Normal,"In carriageway, statioNot a Pedestrianry - not crossing  (standing or playing)",Moving Backward,Slight Injury
12:10:00,Friday,18-30,Male,Junior high school,Employee,2-5yr,Automobile,Owner,Unknown,No defect,Other,One way,Tangent road with flat terrain,unknown,Asphalt roads,Dry,Daylight,Normal,Vehicle with vehicle collision,2,1,Reversing,Driver or rider,Male,18-30,3,Driver,Normal,Not a Pedestrian,No distancing,Slight Injury
15:08:00,Monday,18-30,Male,Junior high school,Employee,5-10yr,Automobile,Owner,Above 10yr,No defect,Other,Two-way (divided with broken lines road marking),Tangent road with flat terrain,unknown,Earth roads,Dry,Daylight,Normal,unknown,2,1,Going straight,na,na,na,na,Driver,Normal,Not a Pedestrian,Changing lane to the right,Serious Injury
15:08:00,Monday,18-30,Male,Junior high school,Employee,2-5yr,Pick up upto 10Q,Owner,5-10yrs,unknown, Church areas,Undivided Two way,Tangent road with flat terrain,unknown,Asphalt roads,Dry,Daylight,Normal,unknown,2,1,Turnover,Pedestrian,Male,Over 51,3,unknown,Normal,Not a Pedestrian,Moving Backward,Serious Injury
15:08:00,Monday,Over 51,Male,Junior high school,Employee,Above 10yr,Lorry (41?100Q),Owner,Unknown,unknown,Office areas,Two-way (divided with broken lines road marking),Tangent road with mild grade and flat terrain,unknown,unknown,Dry,Daylight,Normal,unknown,2,1,Going straight,Driver or rider,Male,18-30,3,Employee,Normal,Not a Pedestrian,No distancing,Serious Injury
15:08:00,Monday,Over 51,Male,Elementary school,Employee,5-10yr,Lorry (41?100Q),Owner,Unknown,unknown,Office areas,Double carriageway (median),Tangent road with flat terrain,unknown,Asphalt roads,Dry,Daylight,Normal,Vehicle with vehicle collision,2,1,Going straight,na,na,na,na,unknown,unknown,Not a Pedestrian,Driving to the left,Serious Injury
8:54:00,Thursday,18-30,Female,Junior high school,Employee,5-10yr,Automobile,Organization,5-10yrs,No defect, Church areas,Two-way (divided with broken lines road marking),Tangent road with flat terrain,unknown,Asphalt roads,Wet or damp,Daylight,Raining,Vehicle with vehicle collision,3,2,Going straight,Driver or rider,Female,Over 51,3,Driver,Normal,Not a Pedestrian,Driving to the left,Serious Injury
16:51:00,Wednesday,31-50,Female,Above high school,Employee,1-2yr,Lorry (41?100Q),Organization,2-5yrs,No defect,Other,Undivided Two way,Tangent road with mountainous terrain and,unknown,Asphalt roads,Wet or damp,Daylight,Raining,Collision with roadside objects,3,2,Going straight,na,na,na,na,Self-employed,Normal,Not a Pedestrian,Moving Backward,Serious Injury
19:02:00,Saturday,18-30,Male,Elementary school,Employee,Above 10yr,Lorry (41?100Q),Owner,Unknown,No defect,Other,Undivided Two way,Tangent road with flat terrain,unknown,Asphalt roads,Wet or damp,Daylight,Raining,Collision with roadside objects,3,2,Reversing,Passenger,Female,18-30,3,Self-employed,Normal,Not a Pedestrian,Moving Backward,Serious Injury
19:02:00,Saturday,18-30,Female,Elementary school,Employee,5-10yr,Lorry (41?100Q),Owner,Unknown,No defect, Church areas,Undivided Two way,Tangent road with flat terrain,unknown,Asphalt roads,Dry,Daylight,Normal,Vehicle with vehicle collision,1,1,Going straight,Driver or rider,Female,18-30,3,unknown,unknown,Not a Pedestrian,Overtaking,Serious Injury
8:10:00,Monday,18-30,Female,Elementary school,Employee,2-5yr,Lorry (41?100Q),Owner,5-10yrs,No defect, Industrial areas,Two-way (divided with broken lines road marking),Tangent road with mild grade and flat terrain,unknown,Asphalt roads,Dry,Daylight,Normal,Vehicle with vehicle collision,2,1,Turnover,na,na,na,na,Self-employed,Normal,Not a Pedestrian,Driving carelessly,Slight Injury
8:10:00,Monday,31-50,Male,Elementary school,Employee,2-5yr,Automobile,Owner,Unknown,No defect,Office areas,Undivided Two way,Tangent road with flat terrain,unknown,Asphalt roads,Dry,Daylight,Normal,Vehicle with vehicle collision,2,1,Going straight,Pedestrian,Female,Over 51,3,unknown,unknown,Unknown or other,Changing lane to the left,Slight Injury
17:50:00,Saturday,18-30,Male,Junior high school,Employee,5-10yr,Automobile,Owner,Unknown,No defect,School areas,Undivided Two way,Tangent road with flat terrain,unknown,Asphalt roads,Wet or damp,Daylight,Normal,Vehicle with vehicle collision,2,1,Going straight,na,na,na,na,Self-employed,Normal,Not a Pedestrian,Driving under the influence of drugs,Slight Injury
17:50:00,Saturday,31-50,Male,Junior high school,Employee,1-2yr,Automobile,Owner,Unknown,No defect,Other,Undivided Two way,Tangent road with flat terrain,unknown,Asphalt roads,Wet or damp,Daylight,Normal,Vehicle with vehicle collision,2,1,Going straight,Driver or rider,Female,31-50,3,Driver,Normal,Not a Pedestrian,No distancing,Slight Injury
20:51:00,Tuesday,18-30,Male,Junior high school,Employee,5-10yr,Public (13?45 seats),Owner,Unknown,No defect, Church areas,One way,Tangent road with flat terrain,unknown,Gravel roads,Dry,Darkness - lights unlit,Normal,Rollover,2,1,Going straight,na,na,na,na,Self-employed,Normal,Not a Pedestrian,Moving Backward,Slight Injury
14:00:00,Saturday,31-50,Male,Junior high school,Employee,5-10yr,Automobile,Owner,Unknown,No defect,Office areas,Undivided Two way,Tangent road with flat terrain,unknown,Asphalt roads,Dry,Darkness - lights unlit,Normal,Vehicle with vehicle collision,2,1,Going straight,Driver or rider,Male,18-30,3,Self-employed,Normal,Not a Pedestrian,Changing lane to the left,Slight Injury
14:00:00,Saturday,18-30,Male,Above high school,Employee,5-10yr,Public (13?45 seats),Owner,Unknown,No defect,Other,other,Steep grade downward with mountainous terrain,unknown,Asphalt roads,Wet or damp,Darkness - lights lit,Normal,Collision with roadside objects,2,1,Getting off,Pedestrian,Female,Under 18,3,Self-employed,Normal,Crossing from nearside - masked by parked or statioNot a Pedestrianry vehicle,Changing lane to the right,Slight Injury
14:43:00,Friday,Over 51,Male,Junior high school,Employee,Above 10yr,Public (13?45 seats),Owner,2-5yrs,No defect,Other,other,Tangent road with flat terrain,unknown,Asphalt roads,Wet or damp,Darkness - lights lit,Normal,Collision with pedestrians,2,1,Moving Backward,Pedestrian,Female,31-50,3,Driver,Normal,Crossing from nearside - masked by parked or statioNot a Pedestrianry vehicle,No distancing,Slight Injury
16:26:00,Tuesday,Over 51,Male,Elementary school,Employee,2-5yr,Automobile,Owner,Unknown,unknown,Other,Two-way (divided with broken lines road marking),Tangent road with flat terrain,unknown,Asphalt roads,Dry,Darkness - lights lit,Normal,Vehicle with vehicle collision,1,2,Going straight,Driver or rider,Female,18-30,3,Employee,Normal,Not a Pedestrian,Driving at high speed,Slight Injury
16:26:00,Tuesday,Over 51,Male,Junior high school,Employee,5-10yr,Lorry (11?40Q),Owner,2-5yrs,unknown,Other,One way,Tangent road with flat terrain,unknown,Asphalt roads,Dry,Darkness - lights lit,Normal,Vehicle with vehicle collision,1,2,Turnover,na,na,na,na,unknown,Normal,Not a Pedestrian,Changing lane to the right,Slight Injury
13:54:00,Saturday,31-50,Male,unknown,unknown,unknown,Automobile,Owner,Above 10yr,No defect, Church areas,Two-way (divided with broken lines road marking),Tangent road with mild grade and flat terrain,unknown,Asphalt roads,Dry,Daylight,Normal,Vehicle with vehicle collision,2,1,Going straight,Pedestrian,Female,18-30,3,unknown,unknown,Crossing from nearside - masked by parked or statioNot a Pedestrianry vehicle,No priority to vehicle,Serious Injury
13:54:00,Saturday,31-50,Male,Junior high school,Employee,5-10yr,Lorry (41?100Q),Governmental,2-5yrs,No defect,Residential areas,Two-way (divided with broken lines road marking),Tangent road with flat terrain,unknown,Asphalt roads,Dry,Daylight,Normal,Vehicle with vehicle collision,2,1,unknown,Driver or rider,Female,18-30,3,unknown,unknown,Not a Pedestrian,No distancing,Serious Injury
13:54:00,Saturday,18-30,Male,Junior high school,Employee,unknown,Other,Owner,2-5yrs,No defect,Office areas,Two-way (divided with broken lines road marking),Tangent road with mild grade and flat terrain,unknown,Asphalt roads,Wet or damp,Darkness - lights lit,Normal,Vehicle with vehicle collision,1,1,Going straight,na,na,na,na,unknown,unknown,Not a Pedestrian,Turnover,Serious Injury
15:31:00,Monday,31-50,Male,Junior high school,Employee,unknown,Pick up upto 10Q,Owner,2-5yrs,No defect,Other,Two-way (divided with broken lines road marking),Tangent road with flat terrain,unknown,Asphalt roads,Dry,Daylight,Normal,Vehicle with vehicle collision,2,2,Going straight,Driver or rider,Male,18-30,3,Self-employed,Normal,Not a Pedestrian,No distancing,Slight Injury
15:31:00,Monday,Over 51,Male,Junior high school,Employee,1-2yr,Lorry (11?40Q),Owner,2-5yrs,No defect,Office areas,Two-way (divided with broken lines road marking),Tangent road with mild grade and flat terrain,unknown,Asphalt roads,Dry,Daylight,Normal,Vehicle with vehicle collision,2,2,Going straight,Pedestrian,Female,Under 18,3,Driver,Normal,Crossing from nearside - masked by parked or statioNot a Pedestrianry vehicle,Changing lane to the right,Slight Injury
12:30:00,Thursday,18-30,Male,Above high school,Owner,5-10yr,Motorcycle,Owner,2-5yrs,No defect,Other,Two-way (divided with broken lines road marking),Tangent road with flat terrain,unknown,Asphalt roads,Dry,Daylight,Normal,Collision with roadside objects,2,2,Going straight,Pedestrian,Male,Over 51,2,unknown,unknown,Not a Pedestrian,No distancing,Slight Injury
18:45:00,Wednesday,18-30,Male,Junior high school,Employee,2-5yr,Pick up upto 10Q,Owner,1-2yr,No defect, Church areas,Undivided Two way,Tangent road with flat terrain,unknown,Asphalt roads,Dry,Darkness - lights lit,Normal,Rollover,2,3,Turnover,Pedestrian,Male,Under 18,3,unknown,unknown,Not a Pedestrian,Changing lane to the left,Serious Injury
18:45:00,Wednesday,31-50,Male,Junior high school,Owner,5-10yr,Lorry (11?40Q),Owner,Unknown,No defect,Office areas,Two-way (divided with broken lines road marking),Tangent road with flat terrain,unknown,Asphalt roads,Dry,Darkness - lights lit,Normal,Vehicle with vehicle collision,2,3,Turnover,na,na,na,na,Driver,Normal,Not a Pedestrian,Driving carelessly,Serious Injury
19:12:00,Tuesday,31-50,Male,High school,Employee,2-5yr,Lorry (11?40Q),Owner,Unknown,No defect,Other,Two-way (divided with broken lines road marking),Tangent road with flat terrain,unknown,Asphalt roads,Dry,Darkness - lights lit,Normal,Collision with pedestrians,2,3,Going straight,Driver or rider,Male,18-30,3,Driver,Normal,Not a Pedestrian,Changing lane to the right,Serious Injury
17:25:00,Friday,31-50,Female,Junior high school,Employee,Above 10yr,Automobile,Owner,Unknown,No defect,Other,Two-way (divided with broken lines road marking),Tangent road with flat terrain,unknown,Asphalt roads,Dry,Darkness - lights lit,Normal,Vehicle with vehicle collision,2,3,Getting off,na,na,na,na,Self-employed,Normal,Not a Pedestrian,No priority to vehicle,Serious Injury
17:25:00,Friday,31-50,Male,Junior high school,Employee,Below 1yr,Automobile,Owner,Above 10yr,unknown,School areas,Two-way (divided with broken lines road marking),Tangent road with flat terrain,unknown,Asphalt roads,Dry,Daylight,Normal,Vehicle with vehicle collision,1,1,Getting off,Driver or rider,Male,31-50,3,Driver,Normal,Not a Pedestrian,No distancing,Slight Injury
12:48:00,Friday,31-50,Male,Junior high school,Employee,Below 1yr,Other,Owner,Unknown,No defect, Church areas,Double carriageway (median),Tangent road with mild grade and flat terrain,unknown,Asphalt roads,Dry,Darkness - lights lit,Normal,Collision with pedestrians,1,1,Going straight,na,na,na,na,Driver,Normal,Not a Pedestrian,No priority to pedestrian,Slight Injury