Time,Day_of_week,Age_band_of_driver,Sex_of_driver,Educational_level,Vehicle_driver_relation,Driving_experience,Type_of_vehicle,Owner_of_vehicle,Service_year_of_vehicle,Defect_of_vehicle,Area_accident_occured,Lanes_or_Medians,Road_allignment,Types_of_Junction,Road_surface_type,Road_surface_conditions,Light_conditions,Weather_conditions,Type_of_collision,Number_of_vehicles_involved,Number_of_casualties,Vehicle_movement,Casualty_class,Sex_of_casualty,Age_band_of_casualty,Casualty_severity,Work_of_casuality,Fitness_of_casuality,Pedestrian_movement,Cause_of_accident,Accident_severity
7:10:00,Friday,18-30,Male,unknown,Owner,unknown,Other,Owner,Unknown,unknown,School areas,Undivided Two way,Tangent road with flat terrain,unknown,Other,Dry,Daylight,Normal,Collision with pedestrians,2,1,Overtaking,Driver or rider,Male,Under 18,3,Self-employed,Normal,Not a Pedestrian,No priority to pedestrian,Slight Injury
7:10:00,Friday,18-30,Male,Junior high school,Employee,2-5yr,Automobile,Owner,2-5yrs,No defect,Residential areas,Double carriageway (median),Tangent road with flat terrain,unknown,Asphalt roads,Dry,Daylight,Normal,Vehicle with vehicle collision,2,1,Reversing,Driver or rider,Male,18-30,3,Self-employed,Normal,Not a Pedestrian,No priority to vehicle,Slight Injury
17:10:00,Friday,18-30,Male,unknown,unknown,unknown,Taxi,unknown,unknown,unknown,Office areas,Two-way (divided with broken lines road marking),Tangent road with flat terrain,unknown,Asphalt roads,Dry,Darkness - lights lit,Normal,Vehicle with vehicle collision,2,1,Going straight,na,na,na,na,Driver,Normal,Not a Pedestrian,Changing lane to the left,Slight Injury
17:10:00,Friday,31-50,Male,Elementary school,Employee,No Licence,Other,Owner,Unknown,unknown,Office areas,Undivided Two way,Tangent road with flat terrain,unknown,Asphalt roads,Dry,Darkness - lights lit,Normal,Vehicle with vehicle collision,2,1,Getting off,na,na,na,na,Self-employed,Normal,Not a Pedestrian,Changing lane to the left,Slight Injury
17:10:00,Friday,18-30,Male,Junior high school,Employee,Above 10yr,Taxi,Governmental,5-10yrs,No defect, Church areas,Two-way (divided with broken lines road marking),Tangent road with flat terrain,unknown,Asphalt roads,Dry,Darkness - lights lit,Normal,Vehicle with vehicle collision,2,1,Getting off,Driver or rider,Male,18-30,3,unknown,unknown,Not a Pedestrian,No distancing,Slight Injury
9:05:00,Friday,31-50,Male,Junior high school,Owner,Above 10yr,Lorry (11?40Q),Owner,2-5yrs,unknown,Residential areas,Undivided Two way,Tangent road with flat terrain,unknown,Asphalt roads,Dry,Darkness - lights lit,Normal,Vehicle with vehicle collision,2,1,Reversing,Pedestrian,Male,31-50,3,unknown,unknown,Not a Pedestrian,No priority to vehicle,Slight Injury
9:05:00,Friday,18-30,Male,Junior high school,Employee,Above 10yr,Automobile,Owner,Unknown,No defect,Office areas,other,Tangent road with flat terrain,unknown,Asphalt roads,Dry,Darkness - lights lit,Normal,Collision with roadside objects,1,1,Turnover,Driver or rider,Male,Under 18,3,unknown,unknown,Not a Pedestrian,No distancing,Slight Injury
16:15:00,Wednesday,31-50,Male,Junior high school,Employee,Above 10yr,Other,Owner,2-5yrs,No defect,Residential areas,One way,Tangent road with flat terrain,unknown,Asphalt roads,Wet or damp,Darkness - lights lit,Raining,Vehicle with vehicle collision,2,1,Moving Backward,na,na,na,na,Self-employed,Normal,Not a Pedestrian,No distancing,Slight Injury
18:00:00,Sunday,Unknown,Male,Junior high school,Owner,5-10yr,Automobile,Owner,2-5yrs,No defect,Other,Two-way (divided with broken lines road marking),Tangent road with flat terrain,unknown,Asphalt roads,Wet or damp,Darkness - lights lit,Raining,Vehicle with vehicle collision,2,1,Going straight,na,na,na,na,Driver,Normal,Not a Pedestrian,Changing lane to the right,Slight Injury
13:55:00,Sunday,Over 51,Male,Junior high school,Employee,Below 1yr,Automobile,Governmental,2-5yrs,No defect,Other,Two-way (divided with broken lines road marking),Tangent road with flat terrain,unknown,Asphalt roads,Dry,Daylight,Normal,Vehicle with vehicle collision,2,1,Going straight,Driver or rider,Female,18-30,3,Employee,Normal,Not a Pedestrian,Changing lane to the left,Slight Injury
13:55:00,Sunday,18-30,Male,Junior high school,Employee,2-5yr,Automobile,Owner,Unknown,No defect,Residential areas,Two-way (divided with broken lines road marking),Tangent road with flat terrain,unknown,Asphalt roads,Dry,Daylight,Normal,Vehicle with vehicle collision,2,1,Going straight,na,na,na,na,Driver,Normal,Not a Pedestrian,No distancing,Slight Injury
13:55:00,Sunday,18-30,Male,Junior high school,Employee,unknown,Automobile,Owner,5-10yrs,No defect, Industrial areas,Undivided Two way,Tangent road with flat terrain,unknown,Earth roads,Dry,Daylight,Normal,Vehicle with vehicle collision,2,1,Going straight,Driver or rider,Male,18-30,2,Driver,Normal,Not a Pedestrian,Overturning,Slight Injury
13:55:00,Sunday,18-30,Female,Above high school,Employee,1-2yr,Lorry (41?100Q),Owner,2-5yrs,No defect,Other,Undivided Two way,Steep grade downward with mountainous terrain,unknown,Asphalt roads,Dry,Daylight,Normal,Vehicle with vehicle collision,2,1,Reversing,Driver or rider,Male,31-50,3,Driver,Normal,Not a Pedestrian,No priority to vehicle,Slight Injury
19:20:00,Sunday,Unknown,Male,Junior high school,Employee,1-2yr,Other,Owner,1-2yr,No defect,Office areas,Undivided Two way,Tangent road with flat terrain,unknown,unknown,Wet or damp,Daylight,Normal,Vehicle with vehicle collision,1,1,Going straight,na,na,na,na,Driver,Normal,Not a Pedestrian,Moving Backward,Slight Injury
19:20:00,Sunday,31-50,Male,Junior high school,Employee,1-2yr,Pick up upto 10Q,Organization,2-5yrs,No defect,Other,Two-way (divided with broken lines road marking),Tangent road with mountainous terrain and,unknown,unknown,Dry,Daylight,Normal,Vehicle with vehicle collision,2,1,Going straight,na,na,na,na,Driver,Normal,Not a Pedestrian,Driving under the influence of drugs,Slight Injury
19:20:00,Sunday,31-50,Male,Unknown,Employee,5-10yr,Pick up upto 10Q,Governmental,1-2yr,unknown,Other,Undivided Two way,Tangent road with flat terrain,unknown,Asphalt roads,Dry,Daylight,Normal,Vehicle with vehicle collision,2,1,Going straight,Driver or rider,Male,31-50,3,Driver,Normal,Not a Pedestrian,Moving Backward,Slight Injury
11:58:00,Saturday,31-50,Male,Junior high school,Employee,Above 10yr,Automobile,Owner,Unknown,No defect,Other,Two-way (divided with broken lines road marking),Tangent road with flat terrain,unknown,Earth roads,Wet or damp,Darkness - lights lit,Normal,Vehicle with vehicle collision,2,2,Going straight,na,na,na,na,Employee,Normal,Not a Pedestrian,Changing lane to the right,Slight Injury
12:53:00,Sunday,31-50,Male,Junior high school,Employee,Above 10yr,Long lorry,Owner,2-5yrs,No defect,Other,Double carriageway (median),Tangent road with flat terrain,unknown,Asphalt roads,Wet or damp,Darkness - lights lit,Normal,Vehicle with vehicle collision,2,2,Getting off,Driver or rider,Male,18-30,3,Driver,Normal,Not a Pedestrian,Overspeed,Slight Injury
12:53:00,Sunday,18-30,Male,Junior high school,Employee,5-10yr,Automobile,Owner,Unknown,7,Office areas,Undivided Two way,Tangent road with flat terrain,unknown,Asphalt roads,Dry,Daylight,Normal,Vehicle with vehicle collision,3,1,Going straight,Pedestrian,Female,18-30,3,Employee,Normal,Crossing from nearside - masked by parked or statioNot a Pedestrianry vehicle,Driving under the influence of drugs,Slight Injury
12:53:00,Sunday,18-30,Unknown,Junior high school,Employee,2-5yr,Public (13?45 seats),Governmental,1-2yr,No defect,Other,Two-way (divided with broken lines road marking),Tangent road with flat terrain,unknown,Earth roads,Dry,Daylight,Normal,Vehicle with vehicle collision,3,1,Going straight,Driver or rider,Male,31-50,3,Self-employed,Normal,Not a Pedestrian,Driving carelessly,Slight Injury
20:40:00,Friday,18-30,Male,Junior high school,Employee,Below 1yr,Lorry (41?100Q),unknown,unknown,unknown,unknown,other,Tangent road with flat terrain,unknown,Asphalt roads,Dry,Daylight,Normal,Vehicle with vehicle collision,3,1,Going straight,Passenger,Female,31-50,3,Driver,Normal,Not a Pedestrian,No distancing,Slight Injury
20:40:00,Friday,31-50,Male,Junior high school,Employee,1-2yr,Public (13?45 seats),Organization,Unknown,No defect,Other,Two-way (divided with broken lines road marking),Tangent road with flat terrain,unknown,Asphalt roads,Dry,Daylight,Normal,Vehicle with vehicle collision,2,1,Going straight,Driver or rider,Female,18-30,3,Driver,Normal,Not a Pedestrian,No priority to vehicle,Slight Injury
12:44:00,Tuesday,Under 18,Female,Junior high school,Employee,5-10yr,Other,Owner,Above 10yr,unknown,Other,other,Steep grade downward with mountainous terrain,unknown,Asphalt roads,Dry,Daylight,Normal,Collision with roadside objects,2,1,Reversing,Passenger,Female,31-50,3,Self-employed,Normal,Not a Pedestrian,Overspeed,Slight Injury
12:44:00,Tuesday,18-30,Male,Junior high school,Employee,Below 1yr,Lorry (41?100Q),Owner,Unknown,unknown,Office areas,Undivided Two way,Tangent road with flat terrain,unknown,Asphalt roads,Dry,Daylight,Normal,Vehicle with vehicle collision,2,3,Moving Backward,Pedestrian,Male,Over 51,3,Self-employed,Normal,Crossing from nearside - masked by parked or statioNot a Pedestrianry vehicle,Driving under the influence of drugs,Slight Injury
8:50:00,Thursday,31-50,Male,Elementary school,Employee,5-10yr,Lorry (41?100Q),Owner,Unknown,No defect,Office areas,One way,Tangent road with flat terrain,unknown,Asphalt roads,Dry,Daylight,Normal,Vehicle with vehicle collision,2,3,Going straight,Pedestrian,Male,5,3,Driver,Normal,Crossing from driver's nearside,Changing lane to the right,Slight Injury
8:50:00,Thursday,18-30,Male,Junior high school,Employee,2-5yr,Long lorry,Owner,Above 10yr,No defect, Church areas,other,Tangent road with flat terrain,unknown,Asphalt roads,Dry,Daylight,Normal,Vehicle with vehicle collision,2,3,Going straight,Driver or rider,Male,Under 18,3,Driver,Normal,Not a Pedestrian,Changing lane to the right,Slight Injury
8:08:00,Tuesday,18-30,Male,Junior high school,Employee,5-10yr,Pick up upto 10Q,Owner,unknown,No defect,Office areas,Double carriageway (median),Tangent road with flat terrain,unknown,Asphalt roads,Dry,Darkness - lights lit,Normal,Vehicle with vehicle collision,1,1,Going straight,Passenger,Male,Under 18,3,Self-employed,Normal,Not a Pedestrian,Changing lane to the right,Slight Injury
15:33:00,Tuesday,31-50,Male,Elementary school,Employee,5-10yr,Pick up upto 10Q,Owner,Above 10yr,No defect,Office areas,other,Tangent road with flat terrain,unknown,Asphalt roads,Dry,Daylight,Normal,Collision with pedestrians,2,1,Going straight,Passenger,Female,31-50,3,Self-employed,Normal,Not a Pedestrian,Changing lane to the right,Slight Injury
15:33:00,Tuesday,31-50,Male,Junior high school,Employee,Above 10yr,Lorry (41?100Q),Owner,Unknown,No defect,Office areas,Two-way (divided with broken lines road marking),Tangent road with flat terrain,unknown,Asphalt roads,Dry,Daylight,Normal,Vehicle with vehicle collision,2,1,Going straight,na,na,na,na,Driver,Normal,Not a Pedestrian,Moving Backward,Slight Injury
18:20:00,Sunday,18-30,Male,Junior high school,Employee,1-2yr,Lorry (41?100Q),Owner,Unknown,No defect,Office areas,One way,Tangent road with flat terrain,unknown,Asphalt roads,Wet or damp,Daylight,Raining,Vehicle with vehicle collision,2,1,Going straight,na,na,na,na,Driver,Normal,Not a Pedestrian,No distancing,Slight Injury
18:20:00,Sunday,Over 51,Male,High school,Employee,Below 1yr,Automobile,Owner,2-5yrs,No defect,Residential areas,Undivided Two way,Tangent road with flat terrain,unknown,Asphalt roads,Wet or damp,Daylight,Raining,Vehicle with vehicle collision,2,1,Turnover,Driver or rider,Male,18-30,3,Driver,Normal,Not a Pedestrian,Overspeed,Slight Injury
9:55:00,Monday,Over 51,Male,Elementary school,Employee,Above 10yr,Other,Owner,Above 10yr,No defect,Residential areas,other,Tangent road with flat terrain,unknown,Asphalt roads,Wet or damp,Daylight,Raining,Vehicle with vehicle collision,2,1,Going straight,na,na,na,na,Driver,Normal,Not a Pedestrian,No distancing,Slight Injury
9:55:00,Monday,Over 51,Male,High school,Owner,1-2yr,unknown,Owner,5-10yrs,unknown,Residential areas,Undivided Two way,Tangent road with flat terrain,unknown,Asphalt roads with some distress,Wet or damp,Daylight,Raining,Vehicle with vehicle collision,2,1,Other,Driver or rider,Male,Under 18,3,unknown,unknown,Not a Pedestrian,Driving carelessly,Slight Injury
20:16:00,Wednesday,31-50,Male,Junior high school,Employee,2-5yr,Other,Owner,5-10yrs,unknown,Office areas,Double carriageway (median),Tangent road with flat terrain,unknown,Asphalt roads,Dry,Daylight,Normal,Vehicle with vehicle collision,2,2,Going straight,Passenger,Female,Over 51,2,unknown,Normal,Not a Pedestrian,No distancing,Slight Injury
9:05:00,Monday,31-50,Male,unknown,Employee,5-10yr,Automobile,Owner,Unknown,No defect,Residential areas,Two-way (divided with broken lines road marking),Steep grade downward with mountainous terrain,unknown,Asphalt roads,Dry,Daylight,Normal,Vehicle with vehicle collision,2,2,Going straight,na,na,na,na,Driver,Normal,Not a Pedestrian,No distancing,Slight Injury
9:05:00,Monday,31-50,Male,High school,Owner,2-5yr,Pick up upto 10Q,Governmental,Unknown,No defect,Other,Two-way (divided with broken lines road marking),Tangent road with flat terrain,unknown,Asphalt roads,Wet or damp,Darkness - lights lit,Normal,Vehicle with vehicle collision,2,1,Going straight,Pedestrian,Male,Over 51,3,unknown,unknown,Not a Pedestrian,No distancing,Slight Injury
9:05:00,Monday,Unknown,Female,High school,Employee,Above 10yr,Automobile,Governmental,Below 1yr,No defect,Other,Two-way (divided with broken lines road marking),Tangent road with flat terrain,unknown,Asphalt roads,Wet or damp,Darkness - lights lit,Normal,Collision with pedestrians,2,1,Going straight,na,na,na,na,unknown,unknown,Not a Pedestrian,Changing lane to the right,Slight Injury
20:00:00,Wednesday,Over 51,Male,Junior high school,Employee,1-2yr,Public (12 seats),Owner,unknown,unknown,Other,Two-way (divided with broken lines road marking),unknown,unknown,Asphalt roads,Wet or damp,Daylight,Raining,Vehicle with vehicle collision,2,2,Going straight,Driver or rider,Male,18-30,3,unknown,unknown,Not a Pedestrian,No distancing,Slight Injury
11:30:00,Tuesday,18-30,Female,Elementary school,Employee,1-2yr,Automobile,Owner,Unknown,No defect,School areas,Double carriageway (median),Tangent road with flat terrain,unknown,Asphalt roads,Wet or damp,Daylight,Raining,Vehicle with vehicle collision,2,2,Moving Backward,Passenger,Female,5,3,Driver,Normal,Not a Pedestrian,No priority to vehicle,Slight Injury
11:30:00,Tuesday,18-30,Male,High school,Employee,1-2yr,Other,Owner,Unknown,No defect,School areas,Double carriageway (median),Tangent road with flat terrain,unknown,Asphalt roads,Wet or damp,Daylight,Raining,Vehicle with vehicle collision,2,2,Moving Backward,na,na,na,na,unknown,unknown,Not a Pedestrian,Changing lane to the left,Slight Injury
11:30:00,Tuesday,Under 18,Male,Above high school,Employee,5-10yr,Public (12 seats),Owner,2-5yrs,No defect,School areas,Undivided Two way,Tangent road with flat terrain,unknown,Asphalt roads,Wet or damp,Darkness - lights lit,Cloudy,Vehicle with vehicle collision,2,1,Moving Backward,Driver or rider,Male,18-30,3,unknown,unknown,Not a Pedestrian,Moving Backward,Slight Injury
11:30:00,Tuesday,Under 18,Male,unknown,unknown,unknown,Stationwagen,Owner,Unknown,No defect,Residential areas,One way,Tangent road with flat terrain,unknown,Asphalt roads,Wet or damp,Darkness - lights lit,Cloudy,Collision with roadside objects,2,1,Other,Driver or rider,Male,Under 18,3,Driver,Normal,Not a Pedestrian,Driving carelessly,Slight Injury
11:30:00,Tuesday,Under 18,Male,Junior high school,Employee,5-10yr,Lorry (41?100Q),Owner,Unknown,No defect,Other,Undivided Two way,Tangent road with flat terrain,unknown,Asphalt roads,Wet or damp,Darkness - lights lit,Raining,Vehicle with vehicle collision,2,1,Going straight,na,na,na,na,Driver,Normal,Not a Pedestrian,Changing lane to the left,Slight Injury
11:30:00,Tuesday,31-50,Male,Elementary school,Owner,5-10yr,Lorry (41?100Q),Owner,Unknown,No defect,Office areas,Two-way (divided with broken lines road marking),Tangent road with flat terrain,unknown,Asphalt roads,Wet or damp,Darkness - lights lit,Raining,Vehicle with vehicle collision,2,1,Unknown,Driver or rider,Male,31-50,3,Driver,Normal,Not a Pedestrian,No priority to pedestrian,Slight Injury
11:30:00,Tuesday,18-30,Male,Elementary school,Employee,5-10yr,Lorry (41?100Q),Owner,5-10yrs,No defect,Other,Two-way (divided with broken lines road marking),Tangent road with flat terrain,unknown,Asphalt roads,Wet or damp,Daylight,Raining,Vehicle with vehicle collision,2,2,Turnover,na,na,na,na,Driver,Normal,Not a Pedestrian,No distancing,Slight Injury
14:00:00,Saturday,31-50,Male,High school,Owner,5-10yr,Automobile,Owner,Above 10yr,No defect,School areas,Undivided Two way,Tangent road with flat terrain,unknown,Asphalt roads,Wet or damp,Daylight,Raining,Vehicle with vehicle collision,2,2,Getting off,Driver or rider,Male,18-30,3,unknown,unknown,Not a Pedestrian,No distancing,Slight Injury
14:00:00,Saturday,18-30,Male,Junior high school,Employee,5-10yr,Lorry (41?100Q),Owner,5-10yrs,No defect,Other,Double carriageway (median),Tangent road with flat terrain,unknown,Asphalt roads,Wet or damp,Daylight,Raining,Vehicle with vehicle collision,2,2,Going straight,na,na,na,na,Driver,Normal,Not a Pedestrian,Overturning,Slight Injury
20:55:00,Friday,Over 51,Male,Junior high school,Owner,1-2yr,unknown,Owner,2-5yrs,No defect, Industrial areas,Two-way (divided with broken lines road marking),Tangent road with flat terrain,unknown,Asphalt roads,Wet or damp,Daylight,Raining,Vehicle with vehicle collision,1,1,Going straight,Driver or rider,Female,31-50,3,unknown,unknown,Not a Pedestrian,No distancing,Serious Injury
20:55:00,Friday,Over 51,Male,Junior high school,Employee,2-5yr,Public (12 seats),Owner,2-5yrs,No defect,Other,Two-way (divided with broken lines road marking),Tangent road with flat terrain,unknown,Asphalt roads,Dry,Daylight,Normal,Vehicle with vehicle collision,3,2,Going straight,na,na,na,na,unknown,unknown,Not a Pedestrian,Drunk driving,Slight Injury
20:55:00,Friday,Over 51,Male,Junior high school,Owner,5-10yr,Automobile,Owner,Unknown,No defect,Office areas,Two-way (divided with broken lines road marking),Tangent road with flat terrain,unknown,Asphalt roads,Dry,Daylight,Normal,Collision with roadside objects,3,2,Turnover,Driver or rider,Male,18-30,3,unknown,unknown,Not a Pedestrian,Moving Backward,Slight Injury
20:55:00,Friday,Over 51,Male,Junior high school,Owner,Above 10yr,Stationwagen,Owner,Unknown,No defect,Other,Two-way (divided with broken lines road marking),Tangent road with flat terrain,unknown,Asphalt roads,Dry,Daylight,Normal,Vehicle with vehicle collision,3,2,Reversing,na,na,na,na,unknown,unknown,Not a Pedestrian,No priority to pedestrian,Slight Injury
20:55:00,Friday,Over 51,Male,High school,Employee,5-10yr,Automobile,Owner,Unknown,No defect,Other,Two-way (divided with broken lines road marking),Tangent road with flat terrain,unknown,Asphalt roads,Dry,Daylight,Normal,Vehicle with vehicle collision,3,2,Moving Backward,Driver or rider,Female,31-50,3,unknown,unknown,Not a Pedestrian,Changing lane to the left,Slight Injury
20:55:00,Friday,18-30,Male,High school,Owner,2-5yr,Lorry (41?100Q),Organization,Above 10yr,No defect, Outside rural areas,Undivided Two way,Tangent road with flat terrain,unknown,Gravel roads,Dry,Daylight,Normal,Vehicle with vehicle collision,1,1,Other,na,na,na,na,Driver,Normal,Not a Pedestrian,Changing lane to the left,Slight Injury
19:07:00,Friday,18-30,Male,Junior high school,Employee,5-10yr,Other,Owner,Unknown,No defect,Other,other,Tangent road with flat terrain,unknown,Asphalt roads,Wet or damp,Darkness - lights lit,Windy,Vehicle with vehicle collision,1,1,Going straight,Driver or rider,Female,31-50,3,Driver,Normal,Not a Pedestrian,Getting off the vehicle improperly,Slight Injury
19:07:00,Friday,18-30,Male,Elementary school,Employee,2-5yr,Pick up upto 10Q,Owner,Above 10yr,No defect,Residential areas,Two-way (divided with broken lines road marking),Tangent road with flat terrain,unknown,Asphalt roads,Dry,Darkness - lights lit,Normal,Rollover,1,1,Going straight,na,na,na,na,Driver,Normal,Not a Pedestrian,No distancing,Serious Injury
23:22:00,Saturday,Over 51,Male,Elementary school,Employee,5-10yr,unknown,Owner,Above 10yr,unknown,Office areas,Two-way (divided with broken lines road marking),Tangent road with flat terrain,unknown,Asphalt roads,Wet or damp,Darkness - lights lit,Normal,Vehicle with vehicle collision,2,5,Going straight,Driver or rider,Male,18-30,3,Driver,Normal,Not a Pedestrian,Changing lane to the right,Slight Injury
18:35:00,Thursday,31-50,Male,Junior high school,Employee,1-2yr,Lorry (41?100Q),Owner,Unknown,unknown,Office areas,Double carriageway (median),Tangent road with flat terrain,unknown,Asphalt roads,Wet or damp,Darkness - lights lit,Normal,Vehicle with vehicle collision,2,5,Going straight,na,na,na,na,Driver,Normal,Not a Pedestrian,Changing lane to the right,Slight Injury
13:43:00,Monday,Over 51,Male,Junior high school,Employee,5-10yr,Automobile,unknown,2-5yrs,unknown, Hospital areas,One way,unknown,unknown,Asphalt roads,Wet or damp,Darkness - lights lit,Normal,Collision with roadside objects,2,5,Going straight,Pedestrian,Female,Over 51,3,Driver,Normal,Not a Pedestrian,Moving Backward,Slight Injury
13:43:00,Monday,18-30,Male,unknown,unknown,unknown,Public (13?45 seats),Owner,Unknown,unknown, Industrial areas,Two-way (divided with broken lines road marking),Tangent road with flat terrain,unknown,Asphalt roads,Wet or damp,Darkness - lights lit,Normal,Vehicle with vehicle collision,2,5,Going straight,Pedestrian,Male,31-50,3,unknown,unknown,Not a Pedestrian,Driving at high speed,Slight Injury
8:40:00,Sunday,31-50,Male,Elementary school,Employee,Above 10yr,Automobile,Owner,2-5yrs,No defect,Other,Undivided Two way,Tangent road with flat terrain,unknown,Asphalt roads,Wet or damp,Darkness - lights lit,Normal,Vehicle with vehicle collision,2,5,Going straight,Driver or rider,Male,31-50,3,Driver,Normal,Not a Pedestrian,Changing lane to the left,Slight Injury
8:40:00,Sunday,Unknown,Male,Elementary school,Employee,Below 1yr,Lorry (41?100Q),Owner,unknown,unknown,Office areas,Undivided Two way,Tangent road with flat terrain,unknown,Asphalt roads,Wet or damp,Darkness - lights lit,Raining,Vehicle with vehicle collision,2,1,Going straight,na,na,na,na,unknown,unknown,Not a Pedestrian,Changing lane to the right,Slight Injury
8:28:00,Monday,Under 18,Male,Junior high school,Employee,2-5yr,Public (12 seats),Owner,Unknown,No defect,Office areas,other,Tangent road with flat terrain,unknown,Asphalt roads,Wet or damp,Darkness - lights lit,Raining,Collision with roadside objects,2,1,Going straight,Driver or rider,Male,18-30,3,Driver,Normal,Not a Pedestrian,No distancing,Slight Injury
8:28:00,Monday,18-30,Male,Elementary school,Owner,1-2yr,Motorcycle,Owner,Unknown,unknown,Residential areas,Two-way (divided with broken lines road marking),Tangent road with flat terrain,unknown,Asphalt roads,Wet or damp,Daylight,Raining,Collision with roadside objects,2,1,Other,Passenger,Male,18-30,3,Driver,Normal,Not a Pedestrian,Changing lane to the right,Slight Injury
13:00:00,Saturday,18-30,Male,Junior high school,Owner,5-10yr,Public (12 seats),Owner,Unknown,unknown,Residential areas,unknown,Tangent road with flat terrain,unknown,Asphalt roads,Wet or damp,Daylight,Raining,Vehicle with vehicle collision,2,1,Moving Backward,na,na,na,na,Driver,Normal,Not a Pedestrian,Changing lane to the right,Slight Injury
13:00:00,Saturday,31-50,Male,Junior high school,Employee,2-5yr,Lorry (41?100Q),Owner,Unknown,No defect,School areas,Two-way (divided with broken lines road marking),Tangent road with flat terrain,unknown,Asphalt roads,Wet or damp,Darkness - lights lit,Unknown,Vehicle with vehicle collision,2,1,Going straight,Driver or rider,Male,18-30,3,unknown,unknown,Not a Pedestrian,No distancing,Slight Injury
16:35:00,Saturday,18-30,Male,Junior high school,Employee,2-5yr,Automobile,Governmental,Unknown,No defect,Other,Two-way (divided with broken lines road marking),Tangent road with flat terrain,unknown,Asphalt roads,Wet or damp,Darkness - lights lit,Unknown,Collision with roadside objects,2,1,Moving Backward,na,na,na,na,unknown,unknown,Not a Pedestrian,Changing lane to the right,Slight Injury
16:35:00,Saturday,Under 18,Male,High school,Employee,2-5yr,Lorry (41?100Q),Governmental,Unknown,No defect,  Market areas,Undivided Two way,Tangent road with flat terrain,unknown,Asphalt roads,Wet or damp,Darkness - lights unlit,Raining,Collision with roadside objects,2,1,Going straight,Pedestrian,Female,Under 18,3,Driver,Normal,Crossing from driver's nearside,Driving carelessly,Slight Injury
10:39:00,Wednesday,Over 51,Male,Junior high school,Employee,Above 10yr,Stationwagen,Owner,Unknown,No defect,Office areas,other,Tangent road with flat terrain,unknown,Gravel roads,Wet or damp,Darkness - lights unlit,Raining,Vehicle with vehicle collision,2,1,Moving Backward,na,na,na,na,Driver,Normal,Not a Pedestrian,Driving carelessly,Slight Injury
12:55:00,Monday,18-30,Male,Junior high school,Employee,2-5yr,Pick up upto 10Q,Owner,Unknown,No defect, Church areas,Two-way (divided with broken lines road marking),Tangent road with flat terrain,unknown,Asphalt roads,Dry,Daylight,Normal,Vehicle with vehicle collision,2,1,unknown,Driver or rider,Female,18-30,3,Driver,Normal,Not a Pedestrian,Changing lane to the right,Slight Injury
12:55:00,Monday,18-30,Male,Junior high school,Employee,1-2yr,Automobile,Governmental,Unknown,No defect, Church areas,Two-way (divided with broken lines road marking),Tangent road with flat terrain,unknown,Asphalt roads,Dry,Daylight,Normal,Vehicle with vehicle collision,2,1,Going straight,na,na,na,na,Driver,Normal,Not a Pedestrian,Overturning,Slight Injury
12:55:00,Monday,18-30,Male,Junior high school,Employee,2-5yr,Automobile,Owner,Unknown,No defect,Residential areas,Double carriageway (median),Tangent road with flat terrain,unknown,Asphalt roads,Dry,Daylight,Normal,Collision with roadside objects,2,1,Going straight,Pedestrian,Female,31-50,3,Self-employed,Normal,Not a Pedestrian,Changing lane to the right,Slight Injury
15:20:00,Sunday,31-50,Male,Junior high school,Employee,5-10yr,unknown,Owner,Above 10yr,No defect,Residential areas,Two-way (divided with broken lines road marking),Tangent road with flat terrain,unknown,Asphalt roads,Dry,Daylight,Normal,Vehicle with vehicle collision,2,1,Going straight,Driver or rider,Male,31-50,3,Self-employed,Normal,Not a Pedestrian,Moving Backward,Slight Injury
15:20:00,Sunday,Over 51,Male,Junior high school,Employee,1-2yr,Other,Owner,Unknown,No defect,Residential areas,Double carriageway (median),Tangent road with flat terrain,unknown,Earth roads,Dry,Daylight,Normal,Vehicle with vehicle collision,1,1,Going straight,na,na,na,na,Driver,Normal,Not a Pedestrian,No distancing,Slight Injury
15:20:00,Sunday,Over 51,Male,Elementary school,Employee,1-2yr,Automobile,Owner,Above 10yr,No defect,Residential areas,Two-way (divided with broken lines road marking),Tangent road with flat terrain,unknown,Asphalt roads,Dry,Darkness - lights lit,Normal,Vehicle with vehicle collision,3,1,Other,Driver or rider,Male,Under 18,3,unknown,unknown,Not a Pedestrian,Overturning,Slight Injury
14:45:00,Sunday,31-50,Male,Junior high school,Employee,2-5yr,Public (13?45 seats),Owner,1-2yr,No defect,Other,Double carriageway (median),Tangent road with flat terrain,unknown,Asphalt roads,Dry,Darkness - lights lit,Normal,Rollover,3,1,Going straight,na,na,na,na,unknown,unknown,Not a Pedestrian,Driving carelessly,Slight Injury
17:22:00,Tuesday,Over 51,Male,Junior high school,Employee,Above 10yr,Public (13?45 seats),Owner,Unknown,No defect,Other,Two-way (divided with broken lines road marking),Tangent road with flat terrain,unknown,unknown,Dry,Darkness - lights lit,Normal,Vehicle with vehicle collision,3,1,Moving Backward,na,na,na,na,unknown,unknown,Not a Pedestrian,Changing lane to the right,Slight Injury
17:22:00,Tuesday,Under 18,Male,Junior high school,Employee,Below 1yr,Automobile,Owner,2-5yrs,No defect,Residential areas,Two-way (divided with broken lines road marking),Tangent road with flat terrain,unknown,Gravel roads,Wet or damp,Daylight,Normal,Vehicle with vehicle collision,1,1,Moving Backward,Pedestrian,Female,18-30,2,Driver,Normal,Crossing from driver's nearside,Driving at high speed,Slight Injury