Time,Day_of_week,Age_band_of_driver,Sex_of_driver,Educational_level,Vehicle_driver_relation,Driving_experience,Type_of_vehicle,Owner_of_vehicle,Service_year_of_vehicle,Defect_of_vehicle,Area_accident_occured,Lanes_or_Medians,Road_allignment,Types_of_Junction,Road_surface_type,Road_surface_conditions,Light_conditions,Weather_conditions,Type_of_collision,Number_of_vehicles_involved,Number_of_casualties,Vehicle_movement,Casualty_class,Sex_of_casualty,Age_band_of_casualty,Casualty_severity,Work_of_casuality,Fitness_of_casuality,Pedestrian_movement,Cause_of_accident,Accident_severity
10:58:00,Tuesday,31-50,Male,Junior high school,Employee,Above 10yr,Public (12 seats),Owner,Unknown,No defect,Other,other,Tangent road with flat terrain,unknown,Asphalt roads,Wet or damp,Darkness - lights lit,Normal,Collision with pedestrians,3,1,Moving Backward,Pedestrian,Female,31-50,3,unknown,Normal,Crossing from offside - masked by  parked or statioNot a Pedestrianry vehicle,Changing lane to the left,Slight Injury
10:58:00,Tuesday,Over 51,Male,Elementary school,Owner,5-10yr,Public (12 seats),Owner,Unknown,No defect, Church areas,Undivided Two way,Tangent road with flat terrain,unknown,unknown,Wet or damp,Darkness - lights lit,Normal,Vehicle with vehicle collision,3,1,Going straight,Pedestrian,Male,Under 18,3,Driver,Normal,Not a Pedestrian,Driving carelessly,Slight Injury
14:57:00,Monday,31-50,Male,Elementary school,Employee,Above 10yr,Lorry (41?100Q),Owner,Unknown,No defect,Other,Undivided Two way,Tangent road with flat terrain,unknown,Asphalt roads,Wet or damp,Darkness - lights lit,Normal,Vehicle with vehicle collision,3,1,Going straight,Driver or rider,Male,18-30,3,Driver,Normal,Not a Pedestrian,No distancing,Slight Injury
14:57:00,Monday,Over 51,Male,Junior high school,Employee,1-2yr,Automobile,Owner,Unknown,No defect,Office areas,Undivided Two way,Tangent road with flat terrain,unknown,Earth roads,Dry,Darkness - lights unlit,Normal,Vehicle with vehicle collision,2,1,Going straight,na,na,na,na,unknown,unknown,Not a Pedestrian,Moving Backward,Slight Injury
14:57:00,Monday,Unknown,Male,unknown,unknown,unknown,Pick up upto 10Q,Owner,2-5yrs,No defect,Office areas,Two-way (divided with broken lines road marking),Tangent road with flat terrain,unknown,Asphalt roads,Dry,Darkness - lights unlit,Normal,Vehicle with vehicle collision,2,1,Going straight,Pedestrian,Male,31-50,2,Self-employed,Normal,Crossing from nearside - masked by parked or statioNot a Pedestrianry vehicle,No priority to pedestrian,Slight Injury
13:10:00,Saturday,18-30,Male,High school,Owner,5-10yr,Pick up upto 10Q,Owner,unknown,unknown,Residential areas,Undivided Two way,Tangent road with flat terrain,unknown,Asphalt roads,Wet or damp,Darkness - lights lit,Windy,Collision with roadside objects,1,1,Other,Driver or rider,Female,Over 51,2,Driver,Normal,Not a Pedestrian,Moving Backward,Slight Injury
13:10:00,Saturday,18-30,Male,Elementary school,Employee,2-5yr,Lorry (41?100Q),Owner,Unknown,unknown,Other,Two-way (divided with broken lines road marking),Tangent road with flat terrain,unknown,Asphalt roads,Wet or damp,Darkness - lights lit,Normal,Vehicle with vehicle collision,1,1,Going straight,Passenger,Female,Over 51,3,Driver,Normal,Not a Pedestrian,Changing lane to the right,Slight Injury
13:10:00,Saturday,Unknown,Unknown,unknown,unknown,unknown,Automobile,Owner,Above 10yr,unknown, Industrial areas,Undivided Two way,Tangent road with flat terrain,unknown,Asphalt roads,Wet or damp,Darkness - lights lit,Normal,Vehicle with vehicle collision,2,1,Going straight,Pedestrian,Male,Under 18,3,Driver,Normal,Unknown or other,No distancing,Slight Injury
8:10:00,Wednesday,Unknown,Male,unknown,unknown,unknown,Stationwagen,Owner,Unknown,unknown,Office areas,Two-way (divided with broken lines road marking),Tangent road with flat terrain,unknown,Asphalt roads,Wet or damp,Darkness - lights lit,Normal,Vehicle with vehicle collision,2,1,Going straight,Pedestrian,Female,18-30,3,Driver,Normal,Crossing from driver's nearside,Drunk driving,Slight Injury
8:10:00,Wednesday,18-30,Male,High school,Owner,1-2yr,Motorcycle,Organization,Unknown,unknown,  Recreational areas,Two-way (divided with broken lines road marking),Tangent road with flat terrain,unknown,Earth roads,Wet or damp,Darkness - lights lit,Normal,Vehicle with vehicle collision,1,1,Reversing,na,na,na,na,Driver,Normal,Not a Pedestrian,Changing lane to the right,Slight Injury
12:30:00,Sunday,18-30,Male,Junior high school,Employee,1-2yr,unknown,Owner,1-2yr,No defect,Residential areas,Two-way (divided with broken lines road marking),Tangent road with flat terrain,unknown,Asphalt roads,Dry,Darkness - lights lit,Normal,Collision with roadside objects,2,1,Moving Backward,Driver or rider,Male,18-30,3,Driver,Normal,Not a Pedestrian,Driving carelessly,Serious Injury
12:30:00,Sunday,18-30,Male,Junior high school,Employee,1-2yr,Other,Owner,Above 10yr,unknown,Residential areas,Undivided Two way,Tangent road with flat terrain,unknown,Asphalt roads,Dry,Darkness - lights lit,Normal,Vehicle with vehicle collision,2,1,Going straight,na,na,na,na,Driver,Normal,Not a Pedestrian,Driving to the left,Serious Injury
12:30:00,Sunday,Unknown,Male,Junior high school,Employee,Above 10yr,Automobile,Owner,5-10yrs,unknown, Church areas,Undivided Two way,Steep grade downward with mountainous terrain,unknown,Asphalt roads,Wet or damp,Daylight,Normal,Collision with roadside objects,1,1,Going straight,Driver or rider,Male,18-30,3,Driver,Normal,Not a Pedestrian,Changing lane to the right,Slight Injury
12:30:00,Sunday,Unknown,Male,Junior high school,Employee,1-2yr,Automobile,Owner,5-10yrs,unknown,Residential areas,Undivided Two way,Tangent road with flat terrain,unknown,Asphalt roads,Dry,Daylight,Normal,Vehicle with vehicle collision,1,1,Reversing,Driver or rider,Male,18-30,3,Driver,Normal,Not a Pedestrian,Changing lane to the right,Serious Injury
20:01:00,Sunday,18-30,Male,High school,Owner,Above 10yr,unknown,Owner,Unknown,No defect,unknown,other,Tangent road with flat terrain,unknown,Asphalt roads,Wet or damp,Darkness - lights lit,Raining,Rollover,2,1,Going straight,na,na,na,na,Driver,Normal,Not a Pedestrian,Driving carelessly,Slight Injury
20:01:00,Sunday,31-50,Male,Junior high school,Employee,Above 10yr,Public (> 45 seats),Owner,5-10yrs,No defect,Other,Undivided Two way,Tangent road with flat terrain,unknown,Asphalt roads,Wet or damp,Darkness - lights lit,Raining,Vehicle with vehicle collision,2,1,Reversing,Pedestrian,Female,31-50,3,unknown,unknown,Crossing from nearside - masked by parked or statioNot a Pedestrianry vehicle,Changing lane to the left,Slight Injury
18:49:00,Thursday,31-50,Male,Junior high school,Employee,1-2yr,Automobile,Owner,Unknown,unknown,Other,Two-way (divided with solid lines road marking),Tangent road with flat terrain,unknown,Asphalt roads,Wet or damp,Darkness - lights lit,Cloudy,Vehicle with vehicle collision,2,1,Other,na,na,na,na,Self-employed,Normal,Not a Pedestrian,No priority to vehicle,Slight Injury
20:41:00,Thursday,31-50,Male,Junior high school,Employee,1-2yr,Other,Owner,Unknown,No defect, Church areas,Two-way (divided with solid lines road marking),Tangent road with flat terrain,unknown,Asphalt roads,Wet or damp,Darkness - lights lit,Cloudy,Vehicle with vehicle collision,2,1,unknown,Driver or rider,Female,18-30,3,Self-employed,Normal,Not a Pedestrian,Driving carelessly,Slight Injury
20:41:00,Thursday,18-30,Male,High school,Employee,2-5yr,Automobile,Governmental,unknown,No defect,Other,Two-way (divided with solid lines road marking),Tangent road with flat terrain,unknown,Asphalt roads,Wet or damp,Daylight,Normal,Vehicle with vehicle collision,1,1,Going straight,Passenger,Female,18-30,3,Driver,Normal,Not a Pedestrian,Changing lane to the right,Slight Injury
20:41:00,Thursday,31-50,Male,Junior high school,Employee,2-5yr,Other,Owner,Unknown,No defect, Church areas,Two-way (divided with solid lines road marking),Tangent road with flat terrain,unknown,Asphalt roads,Wet or damp,Daylight,Raining,Vehicle with vehicle collision,2,2,Going straight,Driver or rider,Male,18-30,3,Driver,Normal,Not a Pedestrian,Driving carelessly,Slight Injury
20:41:00,Thursday,31-50,Male,Junior high school,Employee,1-2yr,Lorry (41?100Q),Owner,Unknown,No defect, Church areas,Two-way (divided with broken lines road marking),Tangent road with flat terrain,unknown,Asphalt roads,Wet or damp,Daylight,Raining,Collision with pedestrians,2,2,Going straight,Driver or rider,Male,Over 51,3,Self-employed,Normal,Not a Pedestrian,Driving under the influence of drugs,Slight Injury
10:04:00,Wednesday,31-50,Male,Elementary school,Employee,5-10yr,Pick up upto 10Q,Owner,Above 10yr,No defect,Other,Undivided Two way,Tangent road with flat terrain,unknown,Earth roads,Dry,Daylight,Normal,Rollover,2,2,Going straight,na,na,na,na,Self-employed,Normal,Not a Pedestrian,No distancing,Slight Injury
10:04:00,Wednesday,31-50,Male,Junior high school,Employee,5-10yr,Public (13?45 seats),Governmental,5-10yrs,No defect,Other,Undivided Two way,Tangent road with flat terrain,unknown,Asphalt roads,Dry,Daylight,Normal,Vehicle with vehicle collision,2,2,Going straight,na,na,na,na,unknown,unknown,Not a Pedestrian,Changing lane to the left,Slight Injury
10:04:00,Wednesday,31-50,Male,Junior high school,Employee,1-2yr,Automobile,Owner,5-10yrs,No defect,School areas,other,Tangent road with flat terrain,unknown,Asphalt roads,Dry,Darkness - lights lit,Windy,Rollover,1,1,Going straight,Driver or rider,Male,18-30,3,Employee,Normal,Not a Pedestrian,No priority to vehicle,Slight Injury
20:30:00,Wednesday,18-30,Male,Elementary school,Other,5-10yr,Pick up upto 10Q,Owner,Above 10yr,No defect,Residential areas,Undivided Two way,Tangent road with flat terrain,unknown,Asphalt roads,Wet or damp,Darkness - lights lit,Raining,Vehicle with vehicle collision,2,1,Going straight,Driver or rider,Male,31-50,2,unknown,unknown,Not a Pedestrian,Moving Backward,Slight Injury
20:30:00,Wednesday,18-30,Male,Junior high school,Employee,2-5yr,Automobile,unknown,1-2yr,No defect,Other,Two-way (divided with broken lines road marking),Tangent road with flat terrain,unknown,Asphalt roads,Wet or damp,Darkness - lights lit,Raining,Vehicle with vehicle collision,2,1,Going straight,na,na,na,na,unknown,unknown,Not a Pedestrian,Moving Backward,Slight Injury
20:30:00,Wednesday,18-30,Male,Elementary school,Employee,5-10yr,Lorry (41?100Q),Owner,Above 10yr,No defect,Office areas,Undivided Two way,Tangent road with flat terrain,unknown,Other,Dry,Darkness - lights lit,Normal,Vehicle with vehicle collision,1,1,Going straight,Driver or rider,Male,18-30,3,unknown,unknown,Not a Pedestrian,No distancing,Fatal injury
11:15:00,Friday,Over 51,Male,Junior high school,Employee,Above 10yr,Automobile,Owner,Above 10yr,No defect,Residential areas,Undivided Two way,Tangent road with flat terrain,unknown,Gravel roads,Wet or damp,Daylight,Raining,Fall from vehicles,2,1,Going straight,Driver or rider,Male,18-30,3,Driver,Normal,Not a Pedestrian,Changing lane to the right,Slight Injury
11:15:00,Friday,31-50,Male,Junior high school,Employee,Above 10yr,Lorry (41?100Q),Owner,Above 10yr,No defect,Other,One way,Steep grade downward with mountainous terrain,unknown,Gravel roads,Wet or damp,Daylight,Raining,Vehicle with vehicle collision,2,1,Going straight,na,na,na,na,Driver,Normal,Not a Pedestrian,Changing lane to the right,Slight Injury
11:15:00,Friday,31-50,Male,Elementary school,Owner,2-5yr,Lorry (41?100Q),Owner,Above 10yr,No defect,Residential areas,Two-way (divided with broken lines road marking),Tangent road with flat terrain,unknown,Asphalt roads,Snow,Darkness - lights lit,Other,Collision with roadside objects,2,1,Going straight,Driver or rider,Male,18-30,3,Driver,Normal,Not a Pedestrian,Moving Backward,Slight Injury
16:36:00,Thursday,31-50,Male,Elementary school,Employee,5-10yr,Lorry (41?100Q),Owner,5-10yrs,No defect,Residential areas,Undivided Two way,Tangent road with flat terrain,unknown,Asphalt roads,Snow,Darkness - lights lit,Other,Vehicle with vehicle collision,2,1,Going straight,na,na,na,na,Driver,Normal,Not a Pedestrian,Driving carelessly,Slight Injury
16:36:00,Thursday,18-30,Male,Junior high school,Owner,1-2yr,Public (13?45 seats),Owner,unknown,No defect,Residential areas,Two-way (divided with broken lines road marking),Tangent road with flat terrain,unknown,Earth roads,Dry,Daylight,Normal,Vehicle with vehicle collision,3,1,Going straight,Driver or rider,Male,31-50,3,Driver,Normal,Not a Pedestrian,Driving under the influence of drugs,Slight Injury
13:28:00,Monday,31-50,Male,Elementary school,Employee,Above 10yr,Automobile,Owner,1-2yr,No defect,Other,other,Tangent road with flat terrain,unknown,Asphalt roads,Dry,Daylight,Normal,Vehicle with vehicle collision,3,1,Going straight,na,na,na,na,Self-employed,Normal,Not a Pedestrian,No distancing,Slight Injury
13:28:00,Monday,18-30,Male,Junior high school,Employee,5-10yr,Other,Owner,5-10yrs,No defect,Other,Undivided Two way,Tangent road with flat terrain,unknown,Asphalt roads,Dry,Daylight,Normal,Collision with pedestrians,3,1,Moving Backward,Driver or rider,Male,31-50,3,Self-employed,Normal,Not a Pedestrian,No distancing,Slight Injury
19:28:00,Friday,31-50,Male,Junior high school,Employee,2-5yr,Other,Owner,5-10yrs,No defect,Other,One way,Tangent road with flat terrain,unknown,Asphalt roads,Dry,Darkness - lights lit,Normal,Vehicle with vehicle collision,2,1,Going straight,Passenger,Female,Under 18,3,Self-employed,Normal,Not a Pedestrian,No priority to vehicle,Slight Injury
19:28:00,Friday,31-50,Male,Elementary school,Employee,Above 10yr,Other,Owner,1-2yr,No defect, Hospital areas,Undivided Two way,Tangent road with flat terrain,unknown,Asphalt roads,Dry,Darkness - lights lit,Normal,Vehicle with vehicle collision,2,1,Going straight,Passenger,Female,31-50,3,Self-employed,Normal,Not a Pedestrian,Driving to the left,Slight Injury
23:35:00,Saturday,Under 18,Male,Junior high school,Employee,2-5yr,Automobile,Owner,2-5yrs,No defect,Residential areas,Undivided Two way,Tangent road with flat terrain,unknown,Earth roads,Dry,Daylight,Normal,Vehicle with vehicle collision,2,1,Going straight,na,na,na,na,unknown,unknown,Not a Pedestrian,No priority to vehicle,Slight Injury
23:35:00,Saturday,Under 18,Male,Elementary school,Employee,Above 10yr,Other,Owner,5-10yrs,No defect,Residential areas,One way,Tangent road with flat terrain,unknown,Asphalt roads,Dry,Daylight,Normal,Rollover,2,1,unknown,Driver or rider,Male,31-50,3,Self-employed,Normal,Not a Pedestrian,No priority to vehicle,Slight Injury
23:35:00,Saturday,Under 18,Male,Junior high school,Employee,Above 10yr,Lorry (41?100Q),Owner,5-10yrs,No defect,Residential areas,Undivided Two way,Tangent road with flat terrain,unknown,Asphalt roads,Dry,Daylight,Normal,Collision with roadside objects,1,1,Turnover,na,na,na,na,Self-employed,Normal,Not a Pedestrian,No priority to vehicle,Serious Injury
9:01:00,Wednesday,18-30,Male,Junior high school,Employee,2-5yr,Public (12 seats),Owner,1-2yr,No defect,Other,Two-way (divided with broken lines road marking),Tangent road with flat terrain,unknown,Asphalt roads,Wet or damp,Daylight,Normal,Vehicle with vehicle collision,2,1,Going straight,Passenger,Male,Under 18,3,Self-employed,Normal,Not a Pedestrian,No distancing,Slight Injury
15:46:00,Thursday,31-50,Male,Junior high school,Employee,Above 10yr,Lorry (41?100Q),Owner,1-2yr,No defect,Office areas,Two-way (divided with broken lines road marking),Tangent road with flat terrain,unknown,Asphalt roads,Wet or damp,Daylight,Normal,Vehicle with vehicle collision,2,1,Going straight,na,na,na,na,Driver,Normal,Not a Pedestrian,Moving Backward,Slight Injury
15:46:00,Thursday,31-50,Male,Junior high school,Employee,Above 10yr,Public (12 seats),Owner,2-5yrs,No defect,Other,other,Tangent road with flat terrain,unknown,Asphalt roads,Dry,Darkness - lights lit,Normal,Collision with roadside objects,1,1,Going straight,Passenger,Female,31-50,3,unknown,unknown,Not a Pedestrian,Changing lane to the right,Serious Injury
20:10:00,Saturday,Under 18,Male,Junior high school,Employee,Below 1yr,Lorry (41?100Q),Owner,Unknown,No defect,Office areas,Double carriageway (median),Tangent road with flat terrain,unknown,Asphalt roads,Wet or damp,Darkness - lights lit,Normal,Vehicle with vehicle collision,1,1,Going straight,Driver or rider,Male,31-50,2,Driver,Normal,Not a Pedestrian,Driving carelessly,Slight Injury
21:46:00,Wednesday,31-50,Female,Junior high school,Owner,Above 10yr,Other,Owner,Unknown,No defect,Residential areas,Two-way (divided with broken lines road marking),Tangent road with flat terrain,unknown,Asphalt roads,Dry,Daylight,Normal,Vehicle with vehicle collision,1,2,Going straight,na,na,na,na,Driver,Normal,Not a Pedestrian,Changing lane to the left,Slight Injury
21:46:00,Wednesday,18-30,Male,High school,Other,Above 10yr,Lorry (41?100Q),Owner,Unknown,No defect,Office areas,Double carriageway (median),Gentle horizontal curve,unknown,Asphalt roads,Dry,Daylight,Normal,Vehicle with vehicle collision,1,2,Going straight,na,na,na,na,Self-employed,Normal,Not a Pedestrian,No distancing,Slight Injury
21:20:00,Saturday,Under 18,Male,Junior high school,Employee,5-10yr,unknown,Owner,unknown,No defect,Office areas,Double carriageway (median),Tangent road with flat terrain,unknown,Asphalt roads,Wet or damp,Daylight,Normal,Rollover,1,1,Going straight,Driver or rider,Male,18-30,3,Driver,Normal,Not a Pedestrian,Changing lane to the right,Serious Injury
21:20:00,Saturday,Under 18,Male,Elementary school,unknown,unknown,Public (> 45 seats),Organization,Unknown,No defect,Other,Double carriageway (median),Tangent road with flat terrain,unknown,Asphalt roads,Dry,Darkness - lights lit,Unknown,Rollover,1,2,Going straight,Driver or rider,Male,18-30,3,Driver,Normal,Not a Pedestrian,Driving under the influence of drugs,Serious Injury
5:49:00,Tuesday,Under 18,Male,Junior high school,Employee,5-10yr,Lorry (41?100Q),Owner,Unknown,No defect,Office areas,Two-way (divided with broken lines road marking),Tangent road with flat terrain,unknown,Earth roads,Dry,Darkness - lights lit,Unknown,Collision with pedestrians,1,2,Going straight,Driver or rider,Male,18-30,2,unknown,unknown,Not a Pedestrian,No distancing,Serious Injury
5:49:00,Tuesday,Under 18,Male,Junior high school,Employee,5-10yr,Other,Owner,Unknown,No defect,Office areas,unknown,Tangent road with flat terrain,unknown,Asphalt roads,Dry,Daylight,Normal,Vehicle with vehicle collision,1,1,Turnover,Passenger,Female,Under 18,3,Driver,Normal,Not a Pedestrian,Overturning,Slight Injury
5:49:00,Tuesday,18-30,Male,Junior high school,Owner,Below 1yr,Other,Governmental,Unknown,unknown,Office areas,One way,Tangent road with flat terrain,unknown,Asphalt roads,Wet or damp,Darkness - lights lit,Normal,Vehicle with vehicle collision,2,1,unknown,na,na,na,na,Driver,Normal,Not a Pedestrian,No distancing,Slight Injury
9:35:00,Monday,31-50,Male,Junior high school,Employee,5-10yr,Automobile,Owner,Unknown,unknown,Other,Undivided Two way,Tangent road with flat terrain,unknown,Asphalt roads,Wet or damp,Darkness - lights lit,Normal,Vehicle with vehicle collision,2,1,Reversing,na,na,na,na,Driver,Normal,Not a Pedestrian,Changing lane to the right,Slight Injury
9:35:00,Monday,31-50,Male,Elementary school,Employee,2-5yr,Lorry (41?100Q),Owner,Unknown,unknown,Residential areas,unknown,Tangent road with flat terrain,unknown,Asphalt roads,Wet or damp,Daylight,Normal,Collision with pedestrians,1,1,Other,Driver or rider,Male,31-50,3,Driver,Normal,Not a Pedestrian,No priority to vehicle,Slight Injury
18:39:00,Wednesday,Unknown,Male,Junior high school,Owner,2-5yr,Pick up upto 10Q,Owner,2-5yrs,No defect,Residential areas,Two-way (divided with broken lines road marking),Gentle horizontal curve,unknown,Earth roads,Dry,Daylight,Normal,Collision with pedestrians,1,1,Going straight,Pedestrian,Female,18-30,3,Driver,Normal,Unknown or other,Changing lane to the right,Serious Injury
18:39:00,Wednesday,Under 18,Male,Elementary school,Employee,2-5yr,Automobile,Owner,5-10yrs,unknown, Church areas,Two-way (divided with broken lines road marking),Tangent road with flat terrain,unknown,Asphalt roads,Dry,Darkness - lights lit,Normal,Vehicle with vehicle collision,1,1,Going straight,na,na,na,na,Self-employed,Normal,Not a Pedestrian,Changing lane to the left,Serious Injury
16:00:00,Wednesday,Over 51,Male,Junior high school,Owner,2-5yr,unknown,Owner,5-10yrs,unknown,Other,Two-way (divided with broken lines road marking),Tangent road with flat terrain,unknown,Asphalt roads,Dry,Daylight,Normal,Vehicle with vehicle collision,3,2,Turnover,Driver or rider,Male,18-30,3,unknown,unknown,Not a Pedestrian,No distancing,Fatal injury
16:00:00,Wednesday,18-30,Male,Junior high school,Employee,Above 10yr,Other,Owner,Unknown,unknown,Residential areas,Two-way (divided with broken lines road marking),Tangent road with flat terrain,unknown,Asphalt roads,Dry,Daylight,Normal,Vehicle with vehicle collision,3,2,Other,Pedestrian,Male,18-30,3,Self-employed,Normal,Unknown or other,No priority to pedestrian,Fatal injury
13:09:00,Tuesday,31-50,Male,Junior high school,Employee,2-5yr,Automobile,Owner,2-5yrs,unknown,Other,Undivided Two way,Tangent road with flat terrain,unknown,Asphalt roads,Dry,Daylight,Normal,Collision with roadside objects,3,2,Going straight,Driver or rider,Male,18-30,3,Driver,Normal,Not a Pedestrian,Driving carelessly,Fatal injury
13:09:00,Tuesday,Over 51,Male,Junior high school,Employee,1-2yr,Stationwagen,Owner,2-5yrs,unknown,Residential areas,Undivided Two way,Tangent road with flat terrain,unknown,Asphalt roads,Dry,Daylight,Normal,Vehicle with vehicle collision,3,2,Going straight,Driver or rider,Female,18-30,3,unknown,unknown,Not a Pedestrian,No distancing,Fatal injury
20:30:00,Friday,Unknown,Male,Junior high school,Employee,2-5yr,Other,Owner,2-5yrs,unknown,Residential areas,Two-way (divided with broken lines road marking),Tangent road with flat terrain,unknown,Asphalt roads,Dry,Daylight,Normal,Collision with roadside objects,1,1,Other,na,na,na,na,unknown,unknown,Not a Pedestrian,Driving carelessly,Slight Injury
20:30:00,Friday,Under 18,Male,Junior high school,Employee,1-2yr,unknown,Owner,5-10yrs,No defect,Other,Two-way (divided with broken lines road marking),Tangent road with flat terrain,unknown,Asphalt roads,Dry,Daylight,Normal,Vehicle with vehicle collision,2,1,Going straight,Pedestrian,Male,Under 18,3,Driver,Normal,Crossing from driver's nearside,Driving carelessly,Serious Injury
19:00:00,Friday,Over 51,Male,Junior high school,Employee,5-10yr,Ridden horse,unknown,unknown,unknown,Other,Two-way (divided with broken lines road marking),Tangent road with flat terrain,unknown,Asphalt roads,Dry,Daylight,Normal,Vehicle with vehicle collision,2,1,Turnover,Driver or rider,Male,18-30,3,Driver,Normal,Not a Pedestrian,Moving Backward,Serious Injury
12:40:00,Saturday,Unknown,Male,Junior high school,Employee,5-10yr,unknown,Owner,Unknown,No defect,Other,Undivided Two way,Tangent road with flat terrain,unknown,Other,Dry,Daylight,Normal,Collision with roadside objects,3,1,Going straight,na,na,na,na,Driver,Normal,Not a Pedestrian,Overtaking,Slight Injury
18:12:00,Wednesday,31-50,Male,Elementary school,Owner,2-5yr,Other,Owner,Unknown,No defect,Other,Double carriageway (median),Tangent road with flat terrain,unknown,Asphalt roads,Dry,Daylight,Normal,Vehicle with vehicle collision,3,1,Turnover,Pedestrian,Female,18-30,3,Self-employed,Normal,Not a Pedestrian,No priority to vehicle,Slight Injury
18:12:00,Wednesday,31-50,Male,Elementary school,Employee,Below 1yr,Lorry (41?100Q),Owner,Unknown,unknown,Residential areas,Two-way (divided with broken lines road marking),Tangent road with flat terrain,unknown,Asphalt roads,Dry,Daylight,Normal,Vehicle with vehicle collision,3,1,Going straight,na,na,na,na,Driver,Normal,Not a Pedestrian,No priority to vehicle,Slight Injury
18:12:00,Wednesday,31-50,Male,unknown,unknown,unknown,Lorry (41?100Q),Owner,2-5yrs,unknown,  Recreational areas,Undivided Two way,Tangent road with flat terrain,unknown,Asphalt roads,Dry,Daylight,Normal,Collision with roadside objects,2,1,Moving Backward,Driver or rider,Male,18-30,3,Self-employed,Normal,Not a Pedestrian,Moving Backward,Slight Injury
18:12:00,Wednesday,18-30,Male,Junior high school,Employee,Above 10yr,Lorry (41?100Q),Owner,unknown,unknown,Other,other,Tangent road with flat terrain,unknown,Asphalt roads,Dry,Daylight,Normal,Collision with roadside objects,2,1,unknown,Pedestrian,Male,18-30,3,Driver,Normal,"Walking along in carriageway, back to traffic",Overtaking,Slight Injury
7:50:00,Wednesday,18-30,Male,High school,Employee,1-2yr,Stationwagen,Owner,unknown,unknown,Office areas,Undivided Two way,Tangent road with flat terrain,unknown,Asphalt roads,Dry,Daylight,Normal,Vehicle with vehicle collision,4,1,Going straight,Passenger,Female,18-30,3,Driver,Normal,Not a Pedestrian,Changing lane to the left,Slight Injury
7:50:00,Wednesday,18-30,Male,Junior high school,Owner,5-10yr,Lorry (41?100Q),unknown,unknown,unknown,Other,Undivided Two way,Tangent road with flat terrain,unknown,Asphalt roads,Dry,Daylight,Normal,Vehicle with vehicle collision,4,1,Going straight,na,na,na,na,unknown,unknown,Not a Pedestrian,Changing lane to the right,Slight Injury
10:16:00,Thursday,Under 18,Male,Junior high school,Employee,1-2yr,Automobile,Owner,Unknown,unknown,Office areas,Undivided Two way,Tangent road with flat terrain,unknown,Asphalt roads,Dry,Daylight,Normal,Vehicle with vehicle collision,4,1,Reversing,Passenger,Male,Over 51,3,unknown,unknown,Not a Pedestrian,Overtaking,Slight Injury
10:16:00,Thursday,Over 51,Male,Junior high school,Employee,Above 10yr,Automobile,Owner,Unknown,unknown,Office areas,One way,Tangent road with flat terrain,unknown,Earth roads,Dry,Daylight,Normal,Vehicle with vehicle collision,4,1,Reversing,Driver or rider,Male,18-30,3,Self-employed,Normal,Not a Pedestrian,Overloading,Slight Injury
23:05:00,Saturday,Over 51,Female,Junior high school,Employee,Below 1yr,Pick up upto 10Q,Owner,Unknown,unknown,Office areas,Undivided Two way,Tangent road with flat terrain,unknown,Asphalt roads,Dry,Daylight,Normal,Vehicle with vehicle collision,2,1,Reversing,Pedestrian,Female,31-50,3,Driver,Normal,Crossing from nearside - masked by parked or statioNot a Pedestrianry vehicle,Other,Slight Injury
0:47:00,Sunday,18-30,Male,Elementary school,Employee,2-5yr,Taxi,Owner,Unknown,No defect,Other,Undivided Two way,Tangent road with flat terrain,unknown,Asphalt roads,Dry,Daylight,Normal,Vehicle with vehicle collision,2,1,Going straight,na,na,na,na,Driver,Normal,Not a Pedestrian,No priority to vehicle,Slight Injury
0:47:00,Sunday,18-30,Male,Junior high school,Employee,5-10yr,unknown,Governmental,Unknown,unknown,Other,Double carriageway (median),Tangent road with flat terrain,unknown,Asphalt roads,Wet or damp,Daylight,Normal,Vehicle with vehicle collision,1,1,Going straight,Driver or rider,Male,18-30,3,Self-employed,Normal,Not a Pedestrian,Changing lane to the right,Slight Injury
10:30:00,Monday,18-30,Male,Elementary school,Employee,5-10yr,Automobile,Owner,Unknown,No defect,Office areas,Two-way (divided with solid lines road marking),Tangent road with flat terrain,unknown,Asphalt roads,Dry,Darkness - no lighting,Normal,Vehicle with vehicle collision,3,2,Going straight,Driver or rider,Male,18-30,3,Driver,Normal,Not a Pedestrian,Moving Backward,Slight Injury
10:30:00,Monday,18-30,Male,Junior high school,Owner,1-2yr,unknown,Owner,Unknown,unknown,Residential areas,other,Tangent road with flat terrain,unknown,Asphalt roads,Dry,Darkness - no lighting,Normal,Vehicle with vehicle collision,3,2,Going straight,Driver or rider,Male,18-30,3,Driver,Normal,Not a Pedestrian,Changing lane to the left,Slight Injury
13:01:00,Saturday,18-30,Male,Junior high school,Employee,5-10yr,Long lorry,Governmental,2-5yrs,unknown,  Recreational areas,Undivided Two way,Tangent road with flat terrain,unknown,Asphalt roads,Dry,Darkness - no lighting,Normal,Vehicle with vehicle collision,3,2,Moving Backward,na,na,na,na,unknown,Normal,Not a Pedestrian,No priority to pedestrian,Slight Injury
13:01:00,Saturday,Over 51,Male,Unknown,Other,unknown,Public (12 seats),Owner,1-2yr,No defect,Other,other,Tangent road with flat terrain,unknown,Asphalt roads,Dry,Darkness - no lighting,Normal,Vehicle with vehicle collision,3,2,Going straight,Driver or rider,Male,18-30,3,Driver,Normal,Not a Pedestrian,No distancing,Slight Injury