Time,Day_of_week,Age_band_of_driver,Sex_of_driver,Educational_level,Vehicle_driver_relation,Driving_experience,Type_of_vehicle,Owner_of_vehicle,Service_year_of_vehicle,Defect_of_vehicle,Area_accident_occured,Lanes_or_Medians,Road_allignment,Types_of_Junction,Road_surface_type,Road_surface_conditions,Light_conditions,Weather_conditions,Type_of_collision,Number_of_vehicles_involved,Number_of_casualties,Vehicle_movement,Casualty_class,Sex_of_casualty,Age_band_of_casualty,Casualty_severity,Work_of_casuality,Fitness_of_casuality,Pedestrian_movement,Cause_of_accident,Accident_severity
13:01:00,Saturday,Over 51,Male,High school,Employee,2-5yr,Pick up upto 10Q,Owner,Above 10yr,No defect,Residential areas,other,Tangent road with flat terrain,unknown,Asphalt roads,Dry,Daylight,Normal,Vehicle with vehicle collision,2,1,Moving Backward,na,na,na,na,Self-employed,Normal,Not a Pedestrian,No priority to vehicle,Slight Injury
17:41:00,Monday,18-30,Male,Junior high school,Employee,1-2yr,unknown,Owner,Unknown,No defect,Other,other,Tangent road with flat terrain,unknown,Asphalt roads,Dry,Daylight,Normal,Vehicle with vehicle collision,2,1,Moving Backward,Driver or rider,Male,31-50,3,Self-employed,Normal,Not a Pedestrian,No distancing,Slight Injury
17:41:00,Monday,31-50,Male,Junior high school,Employee,5-10yr,Other,Owner,Unknown,unknown,Other,other,Tangent road with flat terrain,unknown,Asphalt roads,Dry,Daylight,Other,Vehicle with vehicle collision,2,1,Going straight,na,na,na,na,unknown,Normal,Not a Pedestrian,No distancing,Slight Injury
17:41:00,Monday,31-50,Male,Junior high school,Employee,2-5yr,Lorry (41?100Q),Owner,5-10yrs,unknown,Other,One way,Tangent road with flat terrain,unknown,Asphalt roads,Dry,Daylight,Other,Vehicle with vehicle collision,2,1,Other,na,na,na,na,Self-employed,Normal,Not a Pedestrian,Moving Backward,Slight Injury
17:41:00,Monday,31-50,Male,Junior high school,Employee,No Licence,Automobile,Owner,Unknown,No defect,Other,Two-way (divided with broken lines road marking),Tangent road with flat terrain,unknown,Asphalt roads,Wet or damp,Darkness - lights lit,Normal,Vehicle with vehicle collision,1,2,Going straight,Driver or rider,Male,18-30,2,Driver,Normal,Not a Pedestrian,Changing lane to the right,Slight Injury
17:25:00,Friday,31-50,Male,Junior high school,Employee,Above 10yr,Pick up upto 10Q,Owner,2-5yrs,No defect,Other,other,Tangent road with flat terrain,unknown,Asphalt roads,Wet or damp,Darkness - lights lit,Normal,Vehicle with vehicle collision,1,2,Other,na,na,na,na,Driver,Normal,Not a Pedestrian,No priority to pedestrian,Slight Injury
17:25:00,Friday,Under 18,Male,Junior high school,Employee,Above 10yr,Lorry (41?100Q),Owner,Unknown,No defect,School areas,Undivided Two way,Tangent road with flat terrain,unknown,Asphalt roads,Dry,Darkness - lights lit,Normal,Vehicle with vehicle collision,1,4,Going straight,Driver or rider,Male,31-50,3,unknown,Normal,Not a Pedestrian,Moving Backward,Fatal injury
17:25:00,Friday,31-50,Male,Junior high school,Employee,5-10yr,Lorry (41?100Q),Owner,unknown,No defect,Office areas,Two-way (divided with broken lines road marking),Tangent road with flat terrain,unknown,Asphalt roads,Dry,Darkness - lights lit,Normal,Collision with roadside objects,1,4,Reversing,Pedestrian,Male,Over 51,3,Driver,Normal,Crossing from nearside - masked by parked or statioNot a Pedestrianry vehicle,Getting off the vehicle improperly,Fatal injury
17:25:00,Friday,31-50,Male,High school,Employee,2-5yr,Long lorry,Owner,Unknown,No defect,Office areas,Two-way (divided with broken lines road marking),Tangent road with flat terrain,unknown,Earth roads,Dry,Darkness - lights lit,Normal,Vehicle with vehicle collision,1,4,unknown,na,na,na,na,Driver,Normal,Not a Pedestrian,Overtaking,Fatal injury
17:25:00,Friday,31-50,Male,High school,Owner,2-5yr,Public (> 45 seats),Owner,5-10yrs,No defect,Office areas,Two-way (divided with broken lines road marking),Tangent road with flat terrain,unknown,Asphalt roads,Dry,Darkness - lights lit,Normal,Collision with pedestrians,1,4,Going straight,Driver or rider,Female,18-30,3,Driver,Normal,Not a Pedestrian,Overloading,Fatal injury
11:10:00,Sunday,18-30,Male,Junior high school,Employee,Below 1yr,Public (> 45 seats),Owner,Unknown,No defect,School areas,unknown,Tangent road with flat terrain,unknown,unknown,Wet or damp,Darkness - lights lit,Raining,Vehicle with vehicle collision,2,1,Going straight,Driver or rider,Female,18-30,3,Self-employed,Normal,Not a Pedestrian,Changing lane to the right,Slight Injury
11:10:00,Sunday,18-30,Male,Junior high school,Owner,Above 10yr,Automobile,Governmental,unknown,No defect,School areas,Undivided Two way,Tangent road with flat terrain,unknown,Asphalt roads,Wet or damp,Darkness - lights lit,Raining,Collision with roadside objects,2,1,Going straight,na,na,na,na,Driver,Normal,Not a Pedestrian,Improper parking,Slight Injury
11:10:00,Sunday,31-50,Male,Junior high school,Employee,Above 10yr,Automobile,Owner,unknown,No defect,Office areas,Two-way (divided with broken lines road marking),Tangent road with flat terrain,unknown,Asphalt roads,Dry,Daylight,Normal,Vehicle with vehicle collision,2,1,Going straight,na,na,na,na,Driver,Normal,Not a Pedestrian,Other,Slight Injury
3:15:00,Saturday,18-30,Male,Elementary school,Employee,2-5yr,Automobile,Owner,unknown,No defect,Office areas,Two-way (divided with broken lines road marking),Tangent road with flat terrain,unknown,Asphalt roads,Dry,Daylight,Normal,Vehicle with vehicle collision,2,1,Going straight,Driver or rider,Male,31-50,3,unknown,Normal,Not a Pedestrian,Changing lane to the left,Slight Injury
3:15:00,Saturday,18-30,Male,Junior high school,Employee,2-5yr,Other,Governmental,Above 10yr,No defect,School areas,Two-way (divided with broken lines road marking),Tangent road with flat terrain,unknown,Asphalt roads,Dry,Daylight,Normal,Vehicle with vehicle collision,3,1,Going straight,Driver or rider,Female,18-30,3,Driver,Normal,Not a Pedestrian,Changing lane to the right,Slight Injury
17:00:00,Tuesday,31-50,Male,Unknown,Employee,Above 10yr,Public (12 seats),Owner,1-2yr,No defect,unknown,Two-way (divided with broken lines road marking),Tangent road with flat terrain,unknown,Asphalt roads,Dry,Daylight,Normal,Vehicle with vehicle collision,3,1,Other,na,na,na,na,unknown,unknown,Not a Pedestrian,No priority to pedestrian,Slight Injury
17:00:00,Tuesday,Under 18,Male,Elementary school,Employee,5-10yr,Automobile,Owner,Above 10yr,No defect,Other,Two-way (divided with broken lines road marking),Tangent road with flat terrain,unknown,Asphalt roads,Dry,Daylight,Normal,Vehicle with vehicle collision,3,1,Going straight,Driver or rider,Male,31-50,3,unknown,unknown,Not a Pedestrian,Overspeed,Slight Injury
17:10:00,Friday,31-50,Male,Junior high school,Employee,Below 1yr,Stationwagen,Owner,Below 1yr,No defect,Other,Undivided Two way,Tangent road with flat terrain,unknown,Asphalt roads,Dry,Daylight,Normal,Rollover,2,1,Going straight,Driver or rider,Female,18-30,3,unknown,unknown,Not a Pedestrian,Changing lane to the left,Slight Injury
17:10:00,Friday,Under 18,Male,Elementary school,Employee,Below 1yr,Automobile,Owner,Above 10yr,No defect,Other,Two-way (divided with broken lines road marking),Tangent road with flat terrain,unknown,Asphalt roads,Dry,Daylight,Normal,Collision with roadside objects,2,1,Going straight,na,na,na,na,Self-employed,Normal,Not a Pedestrian,No priority to vehicle,Slight Injury
17:23:00,Tuesday,31-50,Male,Junior high school,Employee,Below 1yr,Automobile,Owner,Unknown,No defect,Residential areas,Undivided Two way,Tangent road with flat terrain,unknown,Asphalt roads,Dry,Daylight,Normal,Vehicle with vehicle collision,2,1,Going straight,Driver or rider,Male,31-50,3,Self-employed,Normal,Not a Pedestrian,Changing lane to the right,Slight Injury
17:23:00,Tuesday,31-50,Male,Junior high school,Employee,5-10yr,Automobile,Governmental,1-2yr,No defect,Other,Undivided Two way,Tangent road with flat terrain,unknown,Gravel roads,Dry,Daylight,Normal,Collision with roadside objects,2,1,Reversing,Pedestrian,Female,31-50,3,Driver,Normal,Not a Pedestrian,No distancing,Slight Injury
18:00:00,Sunday,31-50,Male,Junior high school,Owner,5-10yr,unknown,Owner,1-2yr,No defect,Other,Undivided Two way,Tangent road with flat terrain,unknown,Asphalt roads,Dry,Daylight,Normal,Vehicle with vehicle collision,1,1,Going straight,na,na,na,na,Self-employed,Normal,Not a Pedestrian,No priority to pedestrian,Slight Injury
23:35:00,Wednesday,31-50,Male,High school,Owner,5-10yr,unknown,Owner,unknown,No defect, Industrial areas,Undivided Two way,Tangent road with flat terrain,unknown,Asphalt roads,Dry,Daylight,Normal,Vehicle with vehicle collision,2,1,Going straight,Driver or rider,Male,Over 51,3,Driver,Normal,Not a Pedestrian,No distancing,Serious Injury
23:35:00,Wednesday,31-50,Male,Junior high school,Employee,5-10yr,Pick up upto 10Q,Owner,unknown,No defect,  Recreational areas,Undivided Two way,Tangent road with flat terrain,unknown,Asphalt roads,Dry,Daylight,Normal,Vehicle with vehicle collision,2,1,Other,Driver or rider,Male,18-30,3,Self-employed,Normal,Not a Pedestrian,No priority to vehicle,Serious Injury
14:59:00,Wednesday,Under 18,Male,Junior high school,Employee,2-5yr,Turbo,Owner,Above 10yr,No defect, Church areas,Two-way (divided with broken lines road marking),Tangent road with flat terrain,unknown,Asphalt roads,Dry,Daylight,Normal,Vehicle with vehicle collision,1,1,Going straight,Pedestrian,Male,18-30,3,Employee,Normal,Unknown or other,Other,Slight Injury
14:59:00,Wednesday,Under 18,Male,Elementary school,Employee,5-10yr,Pick up upto 10Q,Owner,unknown,unknown,Office areas,Two-way (divided with broken lines road marking),Tangent road with flat terrain,unknown,Asphalt roads,Dry,Darkness - lights lit,Normal,Vehicle with vehicle collision,2,1,Going straight,Driver or rider,Male,18-30,3,Driver,Normal,Not a Pedestrian,Driving carelessly,Slight Injury
14:59:00,Wednesday,Over 51,Male,Junior high school,Employee,2-5yr,Other,Owner,unknown,unknown,Other,Two-way (divided with broken lines road marking),Tangent road with flat terrain,unknown,Asphalt roads,Dry,Darkness - lights lit,Normal,Collision with roadside objects,2,1,Going straight,na,na,na,na,Driver,Normal,Not a Pedestrian,Changing lane to the left,Slight Injury
14:40:00,Saturday,Unknown,Male,Junior high school,Employee,Below 1yr,Stationwagen,Owner,unknown,unknown,Office areas,Undivided Two way,Tangent road with flat terrain,unknown,Asphalt roads,Dry,Daylight,Normal,Vehicle with vehicle collision,3,1,Turnover,Passenger,Male,31-50,3,Driver,Normal,Not a Pedestrian,Driving carelessly,Slight Injury
14:40:00,Saturday,18-30,Male,Elementary school,Employee,2-5yr,Pick up upto 10Q,Owner,unknown,unknown,Office areas,Two-way (divided with broken lines road marking),Tangent road with flat terrain,unknown,Asphalt roads,Dry,Daylight,Normal,Collision with roadside objects,3,1,Going straight,Driver or rider,Male,18-30,3,Driver,Normal,Not a Pedestrian,Changing lane to the left,Slight Injury
14:40:00,Saturday,18-30,Male,Junior high school,Employee,2-5yr,Lorry (41?100Q),Owner,unknown,unknown,Other,Two-way (divided with broken lines road marking),Tangent road with flat terrain,unknown,Asphalt roads,Dry,Daylight,Normal,Vehicle with vehicle collision,3,1,Going straight,na,na,na,na,Driver,Normal,Not a Pedestrian,No priority to vehicle,Slight Injury
12:48:00,Sunday,31-50,Male,Junior high school,Employee,2-5yr,Lorry (41?100Q),Owner,Above 10yr,unknown,Residential areas,Undivided Two way,Tangent road with flat terrain,unknown,Asphalt roads,Dry,Daylight,Normal,Vehicle with vehicle collision,2,1,Reversing,na,na,na,na,Driver,Normal,Not a Pedestrian,No distancing,Slight Injury
12:48:00,Sunday,18-30,Male,Junior high school,Employee,5-10yr,Automobile,Owner,Above 10yr,unknown,Office areas,other,Tangent road with mountainous terrain and,unknown,Asphalt roads,Dry,Daylight,Normal,Vehicle with vehicle collision,2,1,Other,Driver or rider,Female,31-50,3,Self-employed,Normal,Not a Pedestrian,Changing lane to the right,Slight Injury
12:48:00,Sunday,18-30,Male,Junior high school,Employee,5-10yr,Automobile,Owner,Above 10yr,No defect,Residential areas,other,Tangent road with flat terrain,unknown,Asphalt roads,Wet or damp,Daylight,Normal,Vehicle with vehicle collision,1,1,Going straight,Driver or rider,Male,31-50,3,Self-employed,Normal,Not a Pedestrian,Changing lane to the right,Serious Injury
12:48:00,Sunday,18-30,Male,Junior high school,Employee,unknown,Pick up upto 10Q,unknown,unknown,unknown,School areas,Two-way (divided with broken lines road marking),Tangent road with flat terrain,unknown,Asphalt roads,Wet or damp,Daylight,Raining,Vehicle with vehicle collision,2,1,Going straight,Driver or rider,Male,18-30,3,Self-employed,Normal,Not a Pedestrian,Driving at high speed,Serious Injury
12:48:00,Sunday,18-30,Male,Junior high school,Owner,5-10yr,Pick up upto 10Q,Owner,Above 10yr,No defect,Office areas,Two-way (divided with broken lines road marking),Sharp reverse curve,unknown,Asphalt roads,Wet or damp,Daylight,Raining,Vehicle with vehicle collision,2,1,Moving Backward,Passenger,Female,18-30,3,Driver,Normal,Not a Pedestrian,No distancing,Serious Injury
18:40:00,Friday,18-30,Male,Junior high school,Employee,2-5yr,Lorry (41?100Q),Owner,5-10yrs,No defect,Other,other,Tangent road with flat terrain,unknown,Asphalt roads,Dry,Daylight,Normal,Vehicle with vehicle collision,2,1,Reversing,na,na,na,na,unknown,Normal,Not a Pedestrian,Changing lane to the right,Slight Injury
18:40:00,Friday,18-30,Male,Junior high school,Employee,Below 1yr,Public (12 seats),Owner,Above 10yr,No defect,Other,Undivided Two way,Tangent road with flat terrain,unknown,Asphalt roads,Dry,Daylight,Normal,Vehicle with vehicle collision,2,1,Going straight,Driver or rider,Male,18-30,3,unknown,Normal,Not a Pedestrian,Changing lane to the left,Slight Injury
11:11:00,Wednesday,18-30,Male,Junior high school,Employee,1-2yr,Other,Owner,Above 10yr,No defect, Church areas,other,Tangent road with flat terrain,unknown,Asphalt roads,Dry,Darkness - lights lit,Normal,Vehicle with vehicle collision,1,1,Going straight,na,na,na,na,Self-employed,Normal,Not a Pedestrian,Getting off the vehicle improperly,Slight Injury
11:11:00,Wednesday,18-30,Male,Junior high school,Employee,Below 1yr,Stationwagen,Owner,unknown,No defect,Office areas,Two-way (divided with broken lines road marking),Tangent road with flat terrain,unknown,Other,Dry,Daylight,Normal,Vehicle with vehicle collision,2,1,Moving Backward,Driver or rider,Male,31-50,3,Driver,Normal,Not a Pedestrian,Other,Slight Injury
7:50:00,Tuesday,Over 51,Male,Junior high school,Employee,Above 10yr,Automobile,Owner,unknown,No defect,Other,Two-way (divided with broken lines road marking),Tangent road with flat terrain,unknown,Asphalt roads,Dry,Daylight,Normal,Vehicle with vehicle collision,2,1,Going straight,na,na,na,na,Employee,Normal,Not a Pedestrian,Other,Slight Injury
7:50:00,Tuesday,18-30,Male,Junior high school,Employee,Below 1yr,Automobile,Owner,unknown,No defect,Office areas,Two-way (divided with broken lines road marking),Tangent road with mild grade and flat terrain,unknown,Asphalt roads,Dry,Daylight,Normal,Rollover,2,1,Going straight,Pedestrian,Female,18-30,3,Other,Normal,Crossing from nearside - masked by parked or statioNot a Pedestrianry vehicle,No distancing,Slight Injury
7:50:00,Tuesday,18-30,Male,Junior high school,Employee,2-5yr,Lorry (41?100Q),Owner,unknown,No defect,Office areas,Two-way (divided with broken lines road marking),Tangent road with flat terrain,unknown,Asphalt roads,Dry,Daylight,Normal,Collision with roadside objects,2,1,Going straight,Driver or rider,Female,18-30,3,Driver,Normal,Not a Pedestrian,No priority to vehicle,Slight Injury
16:30:00,Tuesday,18-30,Male,Junior high school,Employee,1-2yr,Stationwagen,Owner,Above 10yr,No defect,Office areas,Two-way (divided with broken lines road marking),Sharp reverse curve,unknown,Asphalt roads,Dry,Daylight,Normal,Vehicle with vehicle collision,2,1,Going straight,Driver or rider,Female,31-50,3,Driver,Normal,Not a Pedestrian,Overtaking,Slight Injury
16:30:00,Tuesday,31-50,Male,Elementary school,Employee,5-10yr,Lorry (41?100Q),Owner,Above 10yr,No defect, Church areas,Undivided Two way,Sharp reverse curve,unknown,Asphalt roads,Dry,Daylight,Normal,Vehicle with vehicle collision,2,1,Going straight,Driver or rider,Male,31-50,3,Driver,Normal,Not a Pedestrian,No priority to pedestrian,Slight Injury
18:56:00,Monday,Under 18,Male,Junior high school,Owner,Below 1yr,Public (> 45 seats),Owner,Above 10yr,No defect,Office areas,Undivided Two way,Gentle horizontal curve,unknown,Asphalt roads,Dry,Daylight,Normal,Collision with roadside objects,2,2,Going straight,na,na,na,na,unknown,Normal,Not a Pedestrian,No distancing,Slight Injury
18:56:00,Monday,Unknown,Male,Junior high school,Employee,Below 1yr,Automobile,Owner,5-10yrs,No defect,Other,Double carriageway (median),Gentle horizontal curve,unknown,Asphalt roads,Dry,Daylight,Normal,Vehicle with vehicle collision,2,2,unknown,Driver or rider,Male,5,3,Employee,Normal,Not a Pedestrian,Changing lane to the right,Slight Injury
18:13:00,Tuesday,18-30,Male,Writing & reading,Employee,Below 1yr,Automobile,Owner,unknown,unknown,Other,Two-way (divided with broken lines road marking),Tangent road with flat terrain,unknown,Other,Dry,Daylight,Normal,Vehicle with vehicle collision,1,1,Going straight,na,na,na,na,unknown,Normal,Not a Pedestrian,Driving carelessly,Slight Injury
18:13:00,Tuesday,31-50,Male,Junior high school,Employee,1-2yr,Automobile,Owner,5-10yrs,No defect, Church areas,Unknown,Tangent road with mountainous terrain and,unknown,Asphalt roads,Dry,Daylight,Normal,Vehicle with vehicle collision,2,2,Reversing,Driver or rider,Male,18-30,2,unknown,Normal,Not a Pedestrian,Changing lane to the right,Slight Injury
18:13:00,Tuesday,31-50,Male,Elementary school,Owner,5-10yr,unknown,Owner,1-2yr,unknown,School areas,Undivided Two way,Tangent road with flat terrain,unknown,Asphalt roads,Dry,Daylight,Normal,Rollover,2,2,Going straight,na,na,na,na,unknown,Normal,Not a Pedestrian,Overtaking,Slight Injury
15:15:00,Sunday,18-30,Male,Junior high school,Employee,2-5yr,Lorry (41?100Q),unknown,unknown,unknown, Church areas,Two-way (divided with broken lines road marking),Tangent road with flat terrain,unknown,Asphalt roads,Dry,Daylight,Normal,Rollover,4,5,Going straight,Driver or rider,Male,31-50,3,unknown,unknown,Not a Pedestrian,Other,Slight Injury
15:15:00,Sunday,31-50,Male,Junior high school,Owner,Below 1yr,Lorry (41?100Q),Owner,Above 10yr,unknown,Office areas,Undivided Two way,Tangent road with flat terrain,unknown,Asphalt roads,Dry,Daylight,Normal,Collision with pedestrians,4,5,Going straight,Pedestrian,Male,31-50,2,Driver,Normal,Not a Pedestrian,Driving to the left,Slight Injury
15:15:00,Sunday,31-50,Male,Writing & reading,Employee,5-10yr,Automobile,Owner,2-5yrs,No defect,Other,other,Tangent road with flat terrain,unknown,Asphalt roads,Dry,Daylight,Normal,Vehicle with vehicle collision,4,5,Going straight,Pedestrian,Female,31-50,3,Self-employed,Normal,Not a Pedestrian,Driving at high speed,Slight Injury
10:12:00,Tuesday,18-30,Male,Writing & reading,Employee,5-10yr,Stationwagen,Owner,Above 10yr,unknown, Church areas,Two-way (divided with broken lines road marking),Steep grade upward with mountainous terrain,unknown,Asphalt roads,Dry,Daylight,Normal,Vehicle with vehicle collision,4,5,Going straight,Driver or rider,Male,18-30,3,unknown,unknown,Not a Pedestrian,Unknown,Slight Injury
19:25:00,Monday,31-50,Male,Junior high school,Employee,5-10yr,Public (12 seats),Governmental,1-2yr,No defect,Other,Double carriageway (median),Tangent road with flat terrain,unknown,Asphalt roads,Dry,Daylight,Normal,Vehicle with vehicle collision,4,5,Going straight,Pedestrian,Female,18-30,3,Driver,Normal,Not a Pedestrian,Changing lane to the right,Slight Injury
14:57:00,Friday,18-30,Male,Junior high school,Employee,2-5yr,Public (12 seats),Governmental,Above 10yr,unknown,Other,Double carriageway (median),Tangent road with flat terrain,unknown,Asphalt roads,Dry,Daylight,Normal,Collision with pedestrians,4,5,Other,Driver or rider,Male,5,3,Driver,Normal,Not a Pedestrian,No distancing,Slight Injury
14:57:00,Friday,31-50,Male,Junior high school,Employee,Above 10yr,Automobile,Organization,5-10yrs,No defect,Office areas,Two-way (divided with broken lines road marking),Gentle horizontal curve,unknown,unknown,Dry,Daylight,Normal,Collision with pedestrians,3,1,Moving Backward,na,na,na,na,Driver,Normal,Not a Pedestrian,Other,Serious Injury
14:57:00,Friday,31-50,Male,Junior high school,Employee,5-10yr,Public (12 seats),Organization,Above 10yr,No defect,Other,Two-way (divided with broken lines road marking),Tangent road with flat terrain,unknown,Other,Dry,Daylight,Normal,Vehicle with vehicle collision,3,1,Other,Driver or rider,Male,18-30,3,Driver,Normal,Not a Pedestrian,No priority to vehicle,Serious Injury
8:30:00,Sunday,Under 18,Male,Junior high school,Employee,Above 10yr,Public (12 seats),Owner,2-5yrs,No defect,Other,Two-way (divided with broken lines road marking),Tangent road with flat terrain,unknown,Asphalt roads,Dry,Daylight,Normal,Vehicle with vehicle collision,3,1,Going straight,na,na,na,na,Self-employed,Normal,Not a Pedestrian,Changing lane to the left,Serious Injury
22:05:00,Monday,Unknown,Male,Junior high school,Employee,2-5yr,Lorry (41?100Q),Governmental,unknown,No defect,Residential areas,Two-way (divided with broken lines road marking),Tangent road with flat terrain,unknown,Asphalt roads,Dry,Daylight,Normal,Vehicle with vehicle collision,2,2,Going straight,Driver or rider,Male,18-30,2,unknown,unknown,Not a Pedestrian,No priority to pedestrian,Serious Injury
22:05:00,Monday,18-30,Male,Junior high school,Employee,Below 1yr,Automobile,Owner,2-5yrs,No defect,Office areas,Two-way (divided with broken lines road marking),Tangent road with flat terrain,unknown,Asphalt roads,Dry,Daylight,Normal,Collision with roadside objects,2,2,Going straight,Passenger,Female,18-30,3,unknown,unknown,Not a Pedestrian,Overtaking,Serious Injury
15:30:00,Friday,18-30,Male,Junior high school,Employee,Below 1yr,Lorry (41?100Q),Owner,2-5yrs,No defect, Church areas,One way,Tangent road with flat terrain,unknown,Asphalt roads,Dry,Daylight,Normal,Vehicle with vehicle collision,2,2,Other,Driver or rider,Female,Over 51,3,Driver,Normal,Not a Pedestrian,Driving carelessly,Serious Injury
15:30:00,Friday,Over 51,Male,Junior high school,Owner,5-10yr,unknown,Owner,1-2yr,No defect,unknown,Undivided Two way,Tangent road with flat terrain,unknown,Asphalt roads with some distress,Dry,Darkness - lights lit,Normal,Collision with roadside objects,2,3,Going straight,na,na,na,na,Driver,Normal,Not a Pedestrian,No priority to vehicle,Slight Injury
15:30:00,Friday,Over 51,Female,Junior high school,Employee,2-5yr,Automobile,Owner,Above 10yr,unknown,  Market areas,other,Steep grade downward with mountainous terrain,unknown,unknown,Dry,Darkness - lights lit,Normal,Vehicle with vehicle collision,2,3,unknown,Driver or rider,Male,18-30,3,unknown,unknown,Not a Pedestrian,No priority to pedestrian,Slight Injury
21:15:00,Sunday,31-50,Male,Elementary school,Employee,Below 1yr,Stationwagen,Owner,Above 10yr,unknown,Other,Two-way (divided with broken lines road marking),Tangent road with mountainous terrain and,unknown,Asphalt roads,Dry,Darkness - lights lit,Normal,Vehicle with vehicle collision,2,3,Going straight,na,na,na,na,Self-employed,Normal,Not a Pedestrian,Changing lane to the right,Slight Injury
21:15:00,Sunday,31-50,Male,Junior high school,Employee,2-5yr,unknown,Owner,unknown,No defect,Other,Undivided Two way,Tangent road with mountainous terrain and,unknown,Asphalt roads,Dry,Darkness - lights lit,Normal,Collision with roadside objects,2,3,Going straight,Driver or rider,Male,18-30,3,unknown,unknown,Not a Pedestrian,Driving carelessly,Slight Injury
21:15:00,Sunday,18-30,Male,Junior high school,Employee,5-10yr,unknown,Owner,unknown,No defect, Church areas,Undivided Two way,Tangent road with flat terrain,unknown,Asphalt roads,Dry,Daylight,Normal,Vehicle with vehicle collision,1,1,Going straight,na,na,na,na,unknown,unknown,Not a Pedestrian,Changing lane to the right,Slight Injury
21:15:00,Sunday,18-30,Male,High school,Employee,Above 10yr,Automobile,Governmental,1-2yr,No defect,Residential areas,Undivided Two way,Tangent road with flat terrain,unknown,Asphalt roads,Wet or damp,Daylight,Raining,Vehicle with vehicle collision,2,1,Going straight,na,na,na,na,Driver,Normal,Not a Pedestrian,Changing lane to the right,Slight Injury
16:32:00,Monday,18-30,Male,High school,Employee,Above 10yr,Stationwagen,Owner,Unknown,No defect,Other,Undivided Two way,Tangent road with flat terrain,unknown,Earth roads,Wet or damp,Daylight,Raining,Collision with roadside objects,2,1,Moving Backward,Driver or rider,Male,31-50,3,Driver,Normal,Not a Pedestrian,Changing lane to the left,Slight Injury
16:32:00,Monday,31-50,Male,Junior high school,Employee,5-10yr,Automobile,Owner,Unknown,No defect,Other,Two-way (divided with broken lines road marking),Tangent road with flat terrain,unknown,Asphalt roads,Wet or damp,Daylight,Raining,Collision with roadside objects,4,1,Moving Backward,Driver or rider,Male,31-50,3,Driver,Normal,Not a Pedestrian,Overturning,Slight Injury
16:32:00,Monday,Over 51,Male,Elementary school,Employee,1-2yr,Other,Owner,Unknown,No defect,Other,Double carriageway (median),Tangent road with flat terrain,unknown,Asphalt roads,Wet or damp,Daylight,Raining,Vehicle with vehicle collision,4,1,Going straight,na,na,na,na,Driver,Normal,Not a Pedestrian,Driving carelessly,Slight Injury
15:30:00,Friday,31-50,Male,Elementary school,Employee,5-10yr,Other,Owner,unknown,No defect,  Recreational areas,Two-way (divided with broken lines road marking),Tangent road with flat terrain,unknown,Asphalt roads,Wet or damp,Daylight,Raining,Vehicle with vehicle collision,4,1,Going straight,Driver or rider,Male,31-50,3,Driver,Normal,Not a Pedestrian,No distancing,Slight Injury
15:30:00,Friday,31-50,Male,Junior high school,Employee,5-10yr,Automobile,Owner,Unknown,No defect,  Recreational areas,One way,Tangent road with flat terrain,unknown,Asphalt roads,Wet or damp,Daylight,Raining,Vehicle with vehicle collision,4,1,Turnover,na,na,na,na,Driver,Normal,Not a Pedestrian,Driving carelessly,Slight Injury
14:45:00,Saturday,Over 51,Male,Junior high school,Employee,1-2yr,Lorry (41?100Q),Owner,unknown,No defect,Other,Two-way (divided with broken lines road marking),Tangent road with flat terrain,unknown,Asphalt roads,Dry,Daylight,Normal,Vehicle with vehicle collision,2,2,Going straight,na,na,na,na,Self-employed,Normal,Not a Pedestrian,Changing lane to the left,Slight Injury
19:30:00,Wednesday,31-50,Male,Junior high school,Owner,5-10yr,Lorry (41?100Q),Organization,1-2yr,No defect,Office areas,Two-way (divided with broken lines road marking),Tangent road with flat terrain,unknown,Asphalt roads,Dry,Daylight,Normal,Vehicle with vehicle collision,2,2,Going straight,Driver or rider,Male,31-50,3,Driver,Normal,Not a Pedestrian,No priority to vehicle,Slight Injury
19:30:00,Wednesday,Over 51,Female,High school,Owner,Above 10yr,Lorry (41?100Q),Owner,2-5yrs,No defect,Residential areas,Two-way (divided with broken lines road marking),Tangent road with flat terrain,unknown,Asphalt roads,Dry,Daylight,Normal,Vehicle with vehicle collision,2,2,Going straight,Driver or rider,Male,Under 18,2,Driver,Normal,Not a Pedestrian,Changing lane to the right,Slight Injury
16:56:00,Friday,Over 51,Male,unknown,Owner,Below 1yr,Automobile,Owner,2-5yrs,No defect,Other,Two-way (divided with broken lines road marking),Tangent road with flat terrain,unknown,Asphalt roads,Wet or damp,Daylight,Normal,Vehicle with vehicle collision,1,1,Going straight,na,na,na,na,unknown,unknown,Not a Pedestrian,No distancing,Serious Injury
17:50:00,Monday,18-30,Male,Writing & reading,Owner,5-10yr,Automobile,unknown,1-2yr,unknown,Residential areas,Undivided Two way,Steep grade downward with mountainous terrain,unknown,Asphalt roads,Dry,Daylight,Normal,Vehicle with vehicle collision,2,1,Going straight,Pedestrian,Male,31-50,3,Driver,Normal,Not a Pedestrian,Moving Backward,Serious Injury
17:50:00,Monday,18-30,Male,Above high school,Employee,Above 10yr,Public (13?45 seats),Owner,unknown,No defect, Church areas,Double carriageway (median),Tangent road with flat terrain,unknown,Asphalt roads,Dry,Daylight,Normal,Vehicle with vehicle collision,2,1,Going straight,Driver or rider,Female,31-50,3,Driver,Normal,Not a Pedestrian,Moving Backward,Serious Injury