Time,Day_of_week,Age_band_of_driver,Sex_of_driver,Educational_level,Vehicle_driver_relation,Driving_experience,Type_of_vehicle,Owner_of_vehicle,Service_year_of_vehicle,Defect_of_vehicle,Area_accident_occured,Lanes_or_Medians,Road_allignment,Types_of_Junction,Road_surface_type,Road_surface_conditions,Light_conditions,Weather_conditions,Type_of_collision,Number_of_vehicles_involved,Number_of_casualties,Vehicle_movement,Casualty_class,Sex_of_casualty,Age_band_of_casualty,Casualty_severity,Work_of_casuality,Fitness_of_casuality,Pedestrian_movement,Cause_of_accident,Accident_severity
17:40:00,Sunday,Over 51,Male,Junior high school,Owner,5-10yr,Lorry (41?100Q),Owner,Unknown,No defect,Residential areas,other,Tangent road with flat terrain,unknown,Asphalt roads,Dry,Darkness - lights unlit,Normal,Vehicle with vehicle collision,3,1,Reversing,na,na,na,na,unknown,Normal,Not a Pedestrian,Changing lane to the right,Slight Injury
21:55:00,Saturday,18-30,Female,High school,Owner,Above 10yr,Other,Owner,unknown,No defect,Office areas,Undivided Two way,Tangent road with flat terrain,unknown,Asphalt roads,Dry,Darkness - lights unlit,Normal,Vehicle with vehicle collision,3,1,Going straight,na,na,na,na,Self-employed,Normal,Not a Pedestrian,Driving under the influence of drugs,Slight Injury
21:55:00,Saturday,18-30,Female,unknown,Owner,Below 1yr,Stationwagen,Owner,2-5yrs,No defect,Office areas,Double carriageway (median),Escarpments,unknown,Asphalt roads,Dry,Darkness - lights unlit,Normal,Vehicle with vehicle collision,3,1,Other,Driver or rider,Male,18-30,3,Self-employed,Normal,Not a Pedestrian,Driving carelessly,Slight Injury
7:30:00,Tuesday,18-30,Male,Writing & reading,Owner,5-10yr,Stationwagen,Owner,Above 10yr,No defect,Office areas,other,Tangent road with flat terrain,unknown,Asphalt roads,Dry,Daylight,Normal,With Train,2,1,unknown,Driver or rider,Male,31-50,3,unknown,Normal,Not a Pedestrian,No distancing,Slight Injury
7:30:00,Tuesday,31-50,Male,Above high school,Employee,Above 10yr,Lorry (41?100Q),Owner,1-2yr,No defect,Office areas,Undivided Two way,Escarpments,unknown,Asphalt roads,Dry,Daylight,Normal,Vehicle with vehicle collision,2,1,Getting off,na,na,na,na,Driver,Normal,Not a Pedestrian,No priority to vehicle,Slight Injury
10:41:00,Wednesday,31-50,Male,High school,Employee,Below 1yr,Lorry (41?100Q),Owner,unknown,No defect,Office areas,One way,Tangent road with flat terrain,unknown,Asphalt roads,Dry,Daylight,Normal,Vehicle with vehicle collision,1,1,Going straight,Driver or rider,Male,31-50,3,Other,Normal,Not a Pedestrian,No priority to vehicle,Slight Injury
13:16:00,Wednesday,31-50,Male,Junior high school,Employee,1-2yr,Other,Owner,unknown,No defect,Office areas,Undivided Two way,Tangent road with flat terrain,unknown,Earth roads,Dry,Daylight,Normal,Vehicle with vehicle collision,1,1,Going straight,Passenger,Female,Under 18,3,Employee,Normal,Not a Pedestrian,No priority to vehicle,Slight Injury
13:16:00,Wednesday,31-50,Male,Junior high school,Employee,Above 10yr,Automobile,Owner,unknown,No defect,Office areas,other,Tangent road with flat terrain,unknown,Asphalt roads,Dry,Darkness - lights lit,Normal,Vehicle with vehicle collision,2,3,Going straight,na,na,na,na,Driver,Normal,Not a Pedestrian,Changing lane to the left,Slight Injury
13:16:00,Wednesday,31-50,Male,Junior high school,Owner,Above 10yr,unknown,Owner,Above 10yr,No defect,Residential areas,other,Tangent road with flat terrain,unknown,Asphalt roads,Dry,Darkness - lights lit,Normal,Vehicle with vehicle collision,2,3,Going straight,na,na,na,na,Driver,Normal,Not a Pedestrian,Moving Backward,Slight Injury
11:30:00,Thursday,18-30,Male,Junior high school,Employee,Above 10yr,Taxi,Owner,5-10yrs,No defect,Residential areas,One way,Tangent road with flat terrain,unknown,Asphalt roads,Dry,Darkness - lights lit,Normal,Vehicle with vehicle collision,2,3,Turnover,Driver or rider,Male,18-30,3,Employee,Normal,Not a Pedestrian,Driving carelessly,Slight Injury
11:30:00,Thursday,18-30,Male,Junior high school,Employee,No Licence,Lorry (41?100Q),Owner,unknown,No defect,Other,One way,Tangent road with flat terrain,unknown,Asphalt roads,Dry,Darkness - lights lit,Normal,Vehicle with vehicle collision,2,3,Entering a junction,na,na,na,na,Driver,Normal,Not a Pedestrian,Driving under the influence of drugs,Slight Injury
19:31:00,Wednesday,18-30,Male,Junior high school,Employee,1-2yr,Other,Owner,5-10yrs,No defect, Church areas,Undivided Two way,Tangent road with flat terrain,unknown,Asphalt roads,Wet or damp,Darkness - lights lit,Raining,Vehicle with vehicle collision,2,1,Entering a junction,Driver or rider,Male,31-50,3,Driver,Normal,Not a Pedestrian,Changing lane to the right,Slight Injury
19:31:00,Wednesday,18-30,Male,Illiterate,Owner,1-2yr,Automobile,Owner,unknown,No defect,  Recreational areas,other,Tangent road with flat terrain,unknown,Asphalt roads,Wet or damp,Darkness - lights lit,Raining,Vehicle with vehicle collision,2,1,Entering a junction,Passenger,Female,31-50,3,Driver,Normal,Not a Pedestrian,No priority to vehicle,Slight Injury
9:25:00,Friday,31-50,Male,Junior high school,Owner,Below 1yr,Public (> 45 seats),Owner,unknown,unknown, Industrial areas,Undivided Two way,Tangent road with flat terrain,unknown,Asphalt roads,Dry,Daylight,Normal,Collision with pedestrians,3,1,Entering a junction,na,na,na,na,Driver,Normal,Not a Pedestrian,Changing lane to the right,Slight Injury
9:25:00,Friday,18-30,Male,Junior high school,Owner,1-2yr,Stationwagen,unknown,unknown,unknown,Residential areas,other,unknown,unknown,Asphalt roads,Dry,Daylight,Normal,Collision with roadside objects,3,1,Other,na,na,na,na,unknown,Normal,Not a Pedestrian,Driving to the left,Slight Injury
14:10:00,Wednesday,18-30,Male,Junior high school,Owner,2-5yr,Automobile,Owner,Above 10yr,No defect,Residential areas,other,Tangent road with rolling terrain,unknown,Asphalt roads,Dry,Daylight,Normal,Collision with roadside objects,3,1,Entering a junction,Pedestrian,Female,Under 18,3,unknown,Normal,"Walking along in carriageway, back to traffic",Moving Backward,Slight Injury
14:10:00,Wednesday,Over 51,Male,Unknown,Owner,5-10yr,Lorry (41?100Q),Owner,2-5yrs,No defect,Office areas,Double carriageway (median),Tangent road with flat terrain,unknown,Asphalt roads,Dry,Daylight,Normal,Vehicle with vehicle collision,1,1,Turnover,Passenger,Female,31-50,3,unknown,Normal,Not a Pedestrian,No priority to vehicle,Serious Injury
14:00:00,Friday,31-50,Male,Unknown,Owner,Above 10yr,Other,Owner,2-5yrs,No defect,  Market areas,Undivided Two way,Tangent road with flat terrain,unknown,Earth roads,Dry,Daylight,Normal,Vehicle with vehicle collision,2,1,Entering a junction,Passenger,Female,Over 51,3,unknown,Normal,Not a Pedestrian,No distancing,Slight Injury
14:00:00,Friday,31-50,Male,Junior high school,Owner,2-5yr,Public (13?45 seats),unknown,unknown,unknown,Unknown,other,Tangent road with flat terrain,unknown,Asphalt roads,Dry,Daylight,Normal,Vehicle with vehicle collision,2,1,Entering a junction,na,na,na,na,unknown,Normal,Not a Pedestrian,Driving carelessly,Slight Injury
22:05:00,Tuesday,Unknown,Male,Elementary school,Owner,Above 10yr,Other,Owner,unknown,No defect, Industrial areas,other,Tangent road with flat terrain,unknown,Asphalt roads,Wet or damp,Daylight,Normal,Vehicle with vehicle collision,1,1,Entering a junction,na,na,na,na,unknown,Normal,Not a Pedestrian,Changing lane to the left,Slight Injury
22:05:00,Tuesday,Over 51,Female,Writing & reading,Owner,5-10yr,Other,Owner,unknown,No defect,Residential areas,Two-way (divided with solid lines road marking),Tangent road with flat terrain,unknown,Asphalt roads,Dry,Darkness - lights lit,Normal,Vehicle with vehicle collision,1,3,Entering a junction,Driver or rider,Female,18-30,3,unknown,unknown,Not a Pedestrian,No priority to vehicle,Slight Injury
7:00:00,Thursday,18-30,Male,unknown,Owner,unknown,Ridden horse,Governmental,Below 1yr,No defect,Residential areas,Undivided Two way,Tangent road with flat terrain,unknown,Asphalt roads,Dry,Darkness - lights lit,Normal,Collision with roadside objects,1,3,Entering a junction,Driver or rider,Male,5,3,Self-employed,unknown,Not a Pedestrian,No priority to vehicle,Slight Injury
7:00:00,Thursday,31-50,Male,Junior high school,Owner,5-10yr,Lorry (41?100Q),Owner,5-10yrs,No defect,Other,Undivided Two way,Tangent road with flat terrain,unknown,Asphalt roads,Dry,Darkness - lights lit,Normal,Vehicle with vehicle collision,1,3,Other,Driver or rider,Male,18-30,3,Self-employed,Normal,Not a Pedestrian,No distancing,Slight Injury
7:35:00,Thursday,18-30,Male,Junior high school,Owner,Below 1yr,Lorry (41?100Q),Governmental,unknown,No defect,Residential areas,other,Tangent road with flat terrain,unknown,Asphalt roads,Dry,Daylight,Normal,Vehicle with vehicle collision,1,1,Going straight,Driver or rider,Male,31-50,3,unknown,Normal,Not a Pedestrian,Driving to the left,Slight Injury
7:35:00,Thursday,31-50,Male,Junior high school,Owner,2-5yr,Pick up upto 10Q,Owner,1-2yr,No defect,Rural village areas,Undivided Two way,Gentle horizontal curve,unknown,Asphalt roads,Wet or damp,Darkness - lights lit,Raining,Vehicle with vehicle collision,2,1,Going straight,Pedestrian,Female,Under 18,2,unknown,unknown,Crossing from driver's nearside,Driving carelessly,Slight Injury
8:43:00,Wednesday,31-50,Male,Elementary school,Employee,2-5yr,Lorry (11?40Q),Owner,2-5yrs,No defect,Rural village areas,Undivided Two way,Gentle horizontal curve,unknown,Asphalt roads,Wet or damp,Darkness - lights lit,Raining,Vehicle with vehicle collision,2,1,Other,Driver or rider,Male,31-50,3,Driver,Normal,Not a Pedestrian,Driving carelessly,Slight Injury
8:43:00,Wednesday,31-50,Male,Junior high school,Employee,2-5yr,Automobile,Owner,unknown,No defect,Office areas,Double carriageway (median),Tangent road with flat terrain,unknown,Gravel roads,Wet or damp,Darkness - no lighting,Normal,Vehicle with vehicle collision,1,1,Going straight,na,na,na,na,unknown,unknown,Not a Pedestrian,Changing lane to the right,Serious Injury
16:05:00,Tuesday,Over 51,Male,Junior high school,Employee,2-5yr,Automobile,Owner,2-5yrs,No defect,Residential areas,Undivided Two way,Gentle horizontal curve,unknown,Asphalt roads,Dry,Daylight,Normal,Vehicle with vehicle collision,1,1,Going straight,Driver or rider,Male,18-30,3,unknown,unknown,Not a Pedestrian,Driving carelessly,Slight Injury
22:05:00,Friday,18-30,Male,Junior high school,Employee,5-10yr,Pick up upto 10Q,Owner,unknown,unknown,Residential areas,other,Tangent road with flat terrain,unknown,Asphalt roads,Dry,Darkness - lights lit,Normal,Collision with pedestrians,1,1,Going straight,na,na,na,na,unknown,unknown,Not a Pedestrian,Changing lane to the left,Slight Injury
22:05:00,Friday,18-30,Male,Junior high school,Employee,5-10yr,Automobile,Owner,unknown,7, Outside rural areas,other,Tangent road with flat terrain,unknown,Asphalt roads,Wet or damp,Darkness - lights lit,Raining,Collision with pedestrians,2,1,Going straight,Pedestrian,Male,Over 51,3,Other,Normal,Unknown or other,Driving carelessly,Serious Injury
22:05:00,Friday,18-30,Male,Junior high school,Employee,Above 10yr,Other,Owner,Above 10yr,unknown,Residential areas,other,Tangent road with flat terrain,unknown,Asphalt roads,Wet or damp,Darkness - lights lit,Raining,Collision with roadside objects,2,1,Going straight,Driver or rider,Male,18-30,3,Employee,Normal,Not a Pedestrian,Driving carelessly,Serious Injury
22:05:00,Friday,18-30,Male,Elementary school,Employee,5-10yr,Lorry (41?100Q),Owner,5-10yrs,5, Church areas,other,Tangent road with flat terrain,unknown,Asphalt roads,Wet or damp,Darkness - lights lit,Normal,Collision with pedestrians,1,2,Reversing,na,na,na,na,Self-employed,Normal,Not a Pedestrian,Driving under the influence of drugs,Serious Injury
3:40:00,Saturday,18-30,Male,Junior high school,Employee,5-10yr,Public (13?45 seats),Owner,unknown,No defect,Office areas,Undivided Two way,Tangent road with flat terrain,unknown,Asphalt roads,Wet or damp,Darkness - lights lit,Normal,Vehicle with vehicle collision,1,2,Moving Backward,Driver or rider,Male,Over 51,3,Driver,Normal,Not a Pedestrian,Driving carelessly,Serious Injury
9:25:00,Tuesday,Over 51,Male,Junior high school,Employee,Above 10yr,Pick up upto 10Q,Owner,Unknown,No defect,Office areas,Two-way (divided with broken lines road marking),Tangent road with mountainous terrain and,unknown,Asphalt roads,Wet or damp,Darkness - lights lit,Raining,Vehicle with vehicle collision,1,4,Overtaking,na,na,na,na,unknown,unknown,Not a Pedestrian,No distancing,Slight Injury
9:25:00,Tuesday,Unknown,Male,Elementary school,Owner,unknown,Stationwagen,Governmental,unknown,No defect,Office areas,Two-way (divided with broken lines road marking),Escarpments,unknown,Asphalt roads,Wet or damp,Darkness - lights lit,Raining,Vehicle with vehicle collision,1,4,Going straight,Pedestrian,Male,31-50,2,Other,Normal,Crossing from nearside - masked by parked or statioNot a Pedestrianry vehicle,Driving carelessly,Slight Injury
9:25:00,Tuesday,Unknown,Male,Junior high school,Owner,5-10yr,Other,Owner,2-5yrs,unknown,Other,Undivided Two way,Tangent road with mountainous terrain and,unknown,Asphalt roads,Wet or damp,Darkness - lights lit,Raining,Collision with roadside objects,1,4,Going straight,Driver or rider,Male,31-50,3,unknown,unknown,Not a Pedestrian,Driving to the left,Slight Injury
9:25:00,Tuesday,Unknown,Male,Junior high school,Employee,5-10yr,Pick up upto 10Q,Owner,2-5yrs,unknown,Other,Undivided Two way,Tangent road with flat terrain,unknown,Asphalt roads,Wet or damp,Darkness - lights lit,Raining,Collision with roadside objects,1,4,Going straight,na,na,na,na,Driver,Normal,Not a Pedestrian,Overtaking,Slight Injury
9:25:00,Tuesday,Unknown,Male,Junior high school,Employee,Below 1yr,Public (13?45 seats),Owner,Unknown,No defect,Residential areas,Two-way (divided with broken lines road marking),Tangent road with flat terrain,unknown,Asphalt roads,Dry,Daylight,Normal,Vehicle with vehicle collision,1,1,Going straight,na,na,na,na,Driver,Normal,Not a Pedestrian,No distancing,Slight Injury
9:25:00,Tuesday,Unknown,Male,unknown,unknown,unknown,Public (12 seats),Owner,unknown,unknown,Other,Two-way (divided with broken lines road marking),Tangent road with flat terrain,unknown,Asphalt roads,Wet or damp,Daylight,Raining,Vehicle with vehicle collision,1,1,Going straight,Driver or rider,Male,31-50,3,Driver,Normal,Not a Pedestrian,Driving carelessly,Slight Injury
7:58:00,Thursday,Under 18,Male,Junior high school,Employee,5-10yr,Lorry (41?100Q),Owner,Below 1yr,unknown,Other,Undivided Two way,Tangent road with mild grade and flat terrain,unknown,Asphalt roads,Dry,Darkness - lights lit,Normal,Vehicle with vehicle collision,2,2,Going straight,Driver or rider,Male,18-30,3,Driver,Normal,Not a Pedestrian,Moving Backward,Slight Injury
7:58:00,Thursday,18-30,Male,Junior high school,Employee,5-10yr,Pick up upto 10Q,Owner,5-10yrs,unknown,Other,Two-way (divided with broken lines road marking),Tangent road with flat terrain,unknown,Asphalt roads,Dry,Darkness - lights lit,Normal,Vehicle with vehicle collision,2,2,Going straight,Driver or rider,Male,18-30,3,Driver,Normal,Not a Pedestrian,Overtaking,Slight Injury
20:15:00,Tuesday,18-30,Male,Junior high school,Employee,Above 10yr,Lorry (41?100Q),Governmental,5-10yrs,No defect,Other,Undivided Two way,Tangent road with flat terrain,unknown,Asphalt roads,Dry,Darkness - lights lit,Normal,Vehicle with vehicle collision,2,2,Going straight,na,na,na,na,Driver,Normal,Not a Pedestrian,Changing lane to the left,Slight Injury
20:15:00,Tuesday,18-30,Male,High school,Employee,Above 10yr,Pick up upto 10Q,Owner,2-5yrs,No defect,Other,Double carriageway (median),Tangent road with mild grade and flat terrain,unknown,Asphalt roads,Wet or damp,Darkness - lights lit,Raining and Windy,Vehicle with vehicle collision,2,1,Going straight,Driver or rider,Male,18-30,3,Driver,Normal,Not a Pedestrian,Changing lane to the right,Slight Injury
17:10:00,Tuesday,18-30,Male,Junior high school,Employee,Above 10yr,Long lorry,Owner,unknown,No defect,Other,Two-way (divided with broken lines road marking),Tangent road with flat terrain,unknown,Asphalt roads,Wet or damp,Darkness - lights lit,Raining and Windy,Vehicle with vehicle collision,2,1,Going straight,Driver or rider,Male,31-50,3,Driver,Normal,Not a Pedestrian,Overtaking,Slight Injury
17:10:00,Tuesday,31-50,Male,Junior high school,Employee,Above 10yr,unknown,Owner,2-5yrs,unknown, Church areas,Two-way (divided with broken lines road marking),Tangent road with flat terrain,unknown,Asphalt roads,Dry,Daylight,Cloudy,Vehicle with vehicle collision,2,2,Going straight,na,na,na,na,Self-employed,Normal,Not a Pedestrian,Overloading,Slight Injury
17:10:00,Tuesday,31-50,Male,Junior high school,Employee,Above 10yr,Other,Owner,5-10yrs,unknown,Other,Undivided Two way,Tangent road with flat terrain,unknown,Asphalt roads,Dry,Daylight,Cloudy,Vehicle with vehicle collision,2,2,Other,Driver or rider,Male,Over 51,3,Other,Normal,Not a Pedestrian,Other,Slight Injury
15:30:00,Saturday,Unknown,Male,Junior high school,Employee,Above 10yr,unknown,Organization,2-5yrs,unknown, Industrial areas,Two-way (divided with broken lines road marking),Tangent road with flat terrain,unknown,Asphalt roads,Dry,Daylight,Cloudy,Collision with roadside objects,2,2,Going straight,na,na,na,na,Driver,Normal,Not a Pedestrian,No priority to vehicle,Slight Injury
15:30:00,Saturday,18-30,Male,Junior high school,Employee,5-10yr,Public (13?45 seats),Owner,unknown,No defect,Residential areas,Double carriageway (median),Tangent road with flat terrain,unknown,Earth roads,Wet or damp,Darkness - lights lit,Raining,Collision with roadside objects,2,1,Moving Backward,Pedestrian,Male,Over 51,3,Driver,Normal,Unknown or other,Changing lane to the right,Slight Injury
9:47:00,Saturday,18-30,Male,Junior high school,Employee,2-5yr,Special vehicle,Governmental,Above 10yr,No defect,Other,Two-way (divided with broken lines road marking),Tangent road with flat terrain,unknown,Asphalt roads,Wet or damp,Darkness - lights lit,Raining,Collision with pedestrians,2,1,Other,Driver or rider,Male,31-50,3,Self-employed,Normal,Not a Pedestrian,Moving Backward,Slight Injury
9:47:00,Saturday,Over 51,Male,Junior high school,Employee,Below 1yr,Lorry (41?100Q),Owner,unknown,No defect,Office areas,Two-way (divided with broken lines road marking),Tangent road with flat terrain,unknown,Asphalt roads,Dry,Darkness - lights lit,Normal,Vehicle with vehicle collision,2,2,Going straight,Driver or rider,Male,18-30,3,Driver,Normal,Not a Pedestrian,Changing lane to the left,Slight Injury
9:47:00,Saturday,31-50,Male,Junior high school,Employee,Below 1yr,Lorry (41?100Q),Owner,unknown,No defect, Industrial areas,Unknown,Tangent road with flat terrain,unknown,Asphalt roads,Dry,Darkness - lights lit,Normal,Vehicle with vehicle collision,2,2,Going straight,Passenger,Male,18-30,3,Driver,Normal,Not a Pedestrian,No priority to pedestrian,Slight Injury
11:19:00,Monday,18-30,Male,Junior high school,Employee,2-5yr,Public (> 45 seats),Owner,1-2yr,No defect, Industrial areas,Double carriageway (median),Tangent road with flat terrain,unknown,Asphalt roads,Wet or damp,Darkness - no lighting,Normal,Vehicle with vehicle collision,2,3,Going straight,Passenger,Female,18-30,3,Driver,Normal,Not a Pedestrian,No distancing,Slight Injury
11:19:00,Monday,Over 51,Male,Elementary school,Employee,Below 1yr,Automobile,Owner,unknown,No defect,Other,Two-way (divided with broken lines road marking),Tangent road with flat terrain,unknown,Asphalt roads,Wet or damp,Darkness - no lighting,Normal,Vehicle with vehicle collision,2,3,Going straight,na,na,na,na,Other,Normal,Not a Pedestrian,No priority to vehicle,Slight Injury
13:13:00,Friday,Unknown,Male,Junior high school,Employee,Below 1yr,Automobile,Organization,Above 10yr,unknown, Hospital areas,Two-way (divided with broken lines road marking),Tangent road with flat terrain,unknown,Asphalt roads,Wet or damp,Darkness - no lighting,Normal,Vehicle with vehicle collision,2,3,Going straight,Passenger,Female,Over 51,3,unknown,Normal,Not a Pedestrian,No distancing,Slight Injury
13:13:00,Friday,18-30,Male,Junior high school,Employee,unknown,Automobile,Owner,Unknown,unknown,Office areas,One way,Tangent road with flat terrain,unknown,Asphalt roads,Wet or damp,Darkness - lights lit,Normal,Vehicle with vehicle collision,2,1,Going straight,na,na,na,na,Driver,Normal,Not a Pedestrian,No distancing,Slight Injury
15:55:00,Thursday,18-30,Male,unknown,Employee,5-10yr,Public (> 45 seats),Owner,2-5yrs,No defect, Church areas,Undivided Two way,Tangent road with flat terrain,unknown,Gravel roads,Wet or damp,Darkness - lights lit,Normal,Vehicle with vehicle collision,2,1,Going straight,Pedestrian,Female,31-50,2,Driver,Normal,Not a Pedestrian,Moving Backward,Slight Injury
15:55:00,Thursday,18-30,Male,Writing & reading,Employee,Below 1yr,Lorry (11?40Q),Organization,5-10yrs,No defect, Hospital areas,Undivided Two way,Tangent road with mountainous terrain and,unknown,Asphalt roads,Wet or damp,Darkness - lights lit,Raining,Vehicle with vehicle collision,2,1,Going straight,Driver or rider,Male,31-50,3,Driver,Normal,Not a Pedestrian,Changing lane to the right,Slight Injury
15:55:00,Thursday,31-50,Male,Junior high school,Employee,Below 1yr,Pick up upto 10Q,Owner,Above 10yr,No defect,Office areas,other,Tangent road with flat terrain,unknown,Asphalt roads,Wet or damp,Darkness - lights lit,Raining,Vehicle with vehicle collision,2,1,Going straight,na,na,na,na,Driver,Normal,Not a Pedestrian,No priority to pedestrian,Slight Injury
10:47:00,Thursday,31-50,Male,Junior high school,Employee,1-2yr,Lorry (11?40Q),Owner,2-5yrs,No defect,Other,Two-way (divided with broken lines road marking),Escarpments,unknown,Asphalt roads,Dry,Darkness - lights lit,Normal,Collision with pedestrians,2,1,Other,Driver or rider,Male,31-50,3,Driver,Normal,Not a Pedestrian,Moving Backward,Slight Injury
10:47:00,Thursday,31-50,Male,Elementary school,Employee,Above 10yr,Pick up upto 10Q,Owner,1-2yr,unknown,Office areas,Undivided Two way,Tangent road with flat terrain,unknown,Other,Dry,Darkness - lights lit,Normal,Collision with pedestrians,2,1,Reversing,Driver or rider,Male,Under 18,3,unknown,unknown,Not a Pedestrian,Getting off the vehicle improperly,Slight Injury
15:00:00,Thursday,18-30,Male,Elementary school,Employee,Above 10yr,Special vehicle,Owner,2-5yrs,unknown,Office areas,Two-way (divided with broken lines road marking),Tangent road with mountainous terrain and,unknown,Asphalt roads,Dry,Daylight,Normal,Vehicle with vehicle collision,2,2,Other,na,na,na,na,Driver,Normal,Not a Pedestrian,Overtaking,Slight Injury
15:00:00,Thursday,18-30,Male,Elementary school,Employee,Below 1yr,Lorry (11?40Q),Owner,unknown,No defect,Other,Double carriageway (median),Steep grade downward with mountainous terrain,unknown,Asphalt roads,Dry,Daylight,Normal,Vehicle with vehicle collision,2,2,Other,na,na,na,na,Driver,Normal,Not a Pedestrian,Overloading,Slight Injury
18:40:00,Thursday,18-30,Male,High school,Employee,2-5yr,unknown,Owner,1-2yr,No defect,Office areas,Undivided Two way,Tangent road with mild grade and flat terrain,unknown,Asphalt roads,Dry,Daylight,Normal,Vehicle with vehicle collision,2,2,Reversing,Driver or rider,Male,18-30,2,Driver,Normal,Not a Pedestrian,Changing lane to the right,Slight Injury
3:55:00,Monday,18-30,Male,Junior high school,Employee,2-5yr,unknown,Owner,unknown,No defect,Residential areas,Undivided Two way,Tangent road with flat terrain,unknown,Asphalt roads,Wet or damp,Darkness - lights lit,Normal,Vehicle with vehicle collision,2,1,Going straight,Passenger,Male,18-30,3,Driver,Normal,Not a Pedestrian,Improper parking,Slight Injury
3:55:00,Monday,18-30,Male,Above high school,Employee,Above 10yr,Lorry (41?100Q),Owner,Unknown,unknown,Other,Two-way (divided with broken lines road marking),Tangent road with flat terrain,unknown,Asphalt roads,Wet or damp,Darkness - lights lit,Normal,Vehicle with vehicle collision,2,1,Going straight,na,na,na,na,Self-employed,Normal,Not a Pedestrian,Other,Slight Injury
3:55:00,Monday,18-30,Male,Junior high school,Employee,2-5yr,Other,Owner,2-5yrs,unknown,Office areas,Double carriageway (median),Tangent road with flat terrain,unknown,Asphalt roads,Wet or damp,Darkness - lights lit,Raining,Vehicle with vehicle collision,2,1,Going straight,Driver or rider,Female,31-50,3,unknown,unknown,Not a Pedestrian,Changing lane to the left,Slight Injury
17:45:00,Sunday,31-50,Male,Junior high school,Employee,2-5yr,Other,Owner,5-10yrs,unknown,Office areas,Undivided Two way,Tangent road with mountainous terrain and,unknown,Asphalt roads,Wet or damp,Darkness - lights lit,Raining,Vehicle with vehicle collision,2,1,Going straight,Driver or rider,Male,31-50,3,Driver,Normal,Not a Pedestrian,Changing lane to the right,Slight Injury
17:45:00,Sunday,18-30,Male,High school,Employee,1-2yr,Automobile,unknown,unknown,unknown,Office areas,other,Tangent road with flat terrain,unknown,Asphalt roads,Wet or damp,Daylight,Normal,Vehicle with vehicle collision,2,1,Turnover,Passenger,Female,Under 18,3,Self-employed,Normal,Not a Pedestrian,No priority to pedestrian,Slight Injury
17:45:00,Sunday,18-30,Male,Junior high school,Employee,5-10yr,Other,Owner,5-10yrs,No defect,Other,Two-way (divided with broken lines road marking),Tangent road with mild grade and flat terrain,unknown,Asphalt roads,Wet or damp,Daylight,Normal,Vehicle with vehicle collision,2,1,Going straight,Passenger,Female,Under 18,3,Driver,Normal,Not a Pedestrian,Overspeed,Slight Injury
17:45:00,Sunday,18-30,Male,Junior high school,Employee,Below 1yr,Automobile,Owner,unknown,No defect, Church areas,Undivided Two way,Tangent road with flat terrain,unknown,Asphalt roads,Wet or damp,Daylight,Other,Vehicle with vehicle collision,1,1,Going straight,Passenger,Male,31-50,3,Employee,Normal,Not a Pedestrian,Changing lane to the left,Slight Injury
19:10:00,Friday,31-50,Male,Junior high school,Employee,Below 1yr,Public (13?45 seats),Owner,Unknown,No defect, Industrial areas,Undivided Two way,Tangent road with flat terrain,unknown,Asphalt roads,Wet or damp,Daylight,Raining,Vehicle with vehicle collision,2,3,Going straight,Driver or rider,Female,31-50,3,Driver,Normal,Not a Pedestrian,No priority to vehicle,Slight Injury
10:13:00,Thursday,31-50,Male,Elementary school,Employee,unknown,Lorry (41?100Q),Owner,1-2yr,No defect,Office areas,Double carriageway (median),Tangent road with flat terrain,unknown,Asphalt roads,Wet or damp,Daylight,Raining,Vehicle with vehicle collision,2,3,Going straight,Driver or rider,Female,18-30,3,Self-employed,Normal,Not a Pedestrian,Changing lane to the right,Slight Injury
10:13:00,Thursday,Over 51,Male,Junior high school,Employee,Below 1yr,unknown,Owner,Unknown,No defect, Church areas,Undivided Two way,Tangent road with flat terrain,unknown,Asphalt roads,Wet or damp,Daylight,Raining,Vehicle with vehicle collision,2,3,Going straight,Driver or rider,Male,Under 18,3,unknown,unknown,Not a Pedestrian,No distancing,Slight Injury
9:48:00,Friday,Under 18,Male,Junior high school,Employee,1-2yr,Automobile,Owner,unknown,unknown,Office areas,Undivided Two way,Tangent road with flat terrain,unknown,Asphalt roads,Dry,Daylight,Normal,Vehicle with vehicle collision,2,1,Moving Backward,na,na,na,na,Driver,Normal,Not a Pedestrian,No priority to pedestrian,Slight Injury
9:48:00,Friday,18-30,Male,Elementary school,Employee,2-5yr,unknown,Owner,unknown,No defect,Office areas,other,Tangent road with flat terrain,unknown,Gravel roads,Dry,Daylight,Normal,Vehicle with vehicle collision,2,1,Going straight,na,na,na,na,Driver,Normal,Not a Pedestrian,No distancing,Slight Injury
16:20:00,Monday,18-30,Male,High school,Employee,1-2yr,Lorry (41?100Q),Owner,unknown,unknown,Residential areas,Two-way (divided with broken lines road marking),Tangent road with flat terrain,unknown,Asphalt roads,Wet or damp,Darkness - no lighting,Raining,Vehicle with vehicle collision,2,1,Going straight,Driver or rider,Female,18-30,3,Driver,Normal,Not a Pedestrian,No priority to vehicle,Slight Injury
16:20:00,Monday,18-30,Male,Junior high school,Employee,5-10yr,unknown,Owner,5-10yrs,unknown,Office areas,Two-way (divided with broken lines road marking),Tangent road with flat terrain,unknown,Asphalt roads,Wet or damp,Darkness - no lighting,Raining,Vehicle with vehicle collision,2,1,Turnover,na,na,na,na,unknown,Normal,Not a Pedestrian,Other,Slight Injury
19:40:00,Thursday,18-30,Male,Junior high school,Employee,Below 1yr,Lorry (41?100Q),Owner,5-10yrs,unknown,Residential areas,Undivided Two way,Tangent road with flat terrain,unknown,Asphalt roads,Wet or damp,Daylight,Normal,Vehicle with vehicle collision,2,1,Going straight,Driver or rider,Male,18-30,3,unknown,unknown,Not a Pedestrian,Driving carelessly,Serious Injury