Time,Day_of_week,Age_band_of_driver,Sex_of_driver,Educational_level,Vehicle_driver_relation,Driving_experience,Type_of_vehicle,Owner_of_vehicle,Service_year_of_vehicle,Defect_of_vehicle,Area_accident_occured,Lanes_or_Medians,Road_allignment,Types_of_Junction,Road_surface_type,Road_surface_conditions,Light_conditions,Weather_conditions,Type_of_collision,Number_of_vehicles_involved,Number_of_casualties,Vehicle_movement,Casualty_class,Sex_of_casualty,Age_band_of_casualty,Casualty_severity,Work_of_casuality,Fitness_of_casuality,Pedestrian_movement,Cause_of_accident,Accident_severity
16:53:00,Wednesday,18-30,Male,High school,Employee,Above 10yr,Taxi,Owner,2-5yrs,unknown,Office areas,Double carriageway (median),Tangent road with flat terrain,unknown,Other,Wet or damp,Daylight,Normal,Vehicle with vehicle collision,2,1,Going straight,Driver or rider,Male,31-50,2,Driver,Normal,Not a Pedestrian,Changing lane to the left,Serious Injury
12:55:00,Wednesday,31-50,Female,Elementary school,Owner,5-10yr,Lorry (41?100Q),Owner,2-5yrs,No defect,Office areas,Double carriageway (median),Tangent road with flat terrain,unknown,Asphalt roads,Dry,Daylight,Normal,Vehicle with vehicle collision,2,1,Going straight,na,na,na,na,unknown,Normal,Not a Pedestrian,Driving carelessly,Slight Injury
19:32:00,Friday,31-50,Male,Elementary school,Employee,Below 1yr,Lorry (41?100Q),unknown,unknown,No defect,Other,Two-way (divided with broken lines road marking),Tangent road with flat terrain,unknown,Other,Dry,Daylight,Normal,Vehicle with vehicle collision,2,1,Going straight,Driver or rider,Male,Over 51,3,unknown,Normal,Not a Pedestrian,Changing lane to the left,Slight Injury
19:32:00,Friday,18-30,Male,Junior high school,Employee,5-10yr,Other,Owner,Unknown,No defect,Other,Two-way (divided with broken lines road marking),Tangent road with flat terrain,unknown,Asphalt roads,Wet or damp,Daylight,Normal,Collision with roadside objects,2,1,Going straight,na,na,na,na,Self-employed,Normal,Not a Pedestrian,No priority to vehicle,Slight Injury
17:35:00,Saturday,18-30,Female,Elementary school,Owner,5-10yr,Stationwagen,Owner,Above 10yr,No defect,Residential areas,Two-way (divided with broken lines road marking),Tangent road with flat terrain,unknown,Asphalt roads,Wet or damp,Daylight,Normal,Collision with roadside objects,2,1,Going straight,Driver or rider,Male,18-30,3,Self-employed,Normal,Not a Pedestrian,No distancing,Slight Injury
17:35:00,Saturday,Over 51,Male,Junior high school,Employee,2-5yr,Stationwagen,Owner,Unknown,unknown, Church areas,Two-way (divided with broken lines road marking),Tangent road with flat terrain,unknown,Asphalt roads,Wet or damp,Darkness - lights lit,Normal,Vehicle with vehicle collision,2,1,Moving Backward,na,na,na,na,unknown,Normal,Not a Pedestrian,Changing lane to the right,Slight Injury
17:35:00,Saturday,Over 51,Male,Junior high school,Employee,Above 10yr,Lorry (41?100Q),Governmental,Unknown,No defect, Church areas,Double carriageway (median),Tangent road with flat terrain,unknown,Asphalt roads,Wet or damp,Darkness - lights lit,Normal,Vehicle with vehicle collision,2,1,Going straight,Driver or rider,Female,31-50,3,Driver,Normal,Not a Pedestrian,Changing lane to the right,Slight Injury
18:40:00,Tuesday,18-30,Male,Junior high school,Employee,5-10yr,Lorry (41?100Q),Owner,2-5yrs,No defect,Residential areas,Double carriageway (median),Tangent road with flat terrain,unknown,Asphalt roads,Wet or damp,Darkness - lights lit,Windy,Vehicle with vehicle collision,2,1,Going straight,na,na,na,na,Other,Normal,Not a Pedestrian,Driving at high speed,Slight Injury
18:40:00,Tuesday,18-30,Male,High school,Employee,1-2yr,Other,Owner,unknown,No defect,Office areas,Two-way (divided with broken lines road marking),Tangent road with mild grade and flat terrain,unknown,Asphalt roads,Wet or damp,Darkness - lights lit,Windy,Vehicle with vehicle collision,2,1,Going straight,na,na,na,na,Employee,Normal,Not a Pedestrian,No distancing,Slight Injury
15:47:00,Thursday,31-50,Male,High school,Employee,5-10yr,Automobile,Owner,unknown,No defect,  Recreational areas,Undivided Two way,Tangent road with flat terrain,No junction,Asphalt roads,Wet or damp,Darkness - lights lit,Raining,Collision with roadside objects,2,1,Going straight,Driver or rider,Male,Under 18,3,Driver,Normal,Not a Pedestrian,Changing lane to the right,Slight Injury
14:57:00,Sunday,Under 18,Female,High school,Owner,2-5yr,unknown,Owner,unknown,No defect, Church areas,Undivided Two way,Tangent road with flat terrain,Crossing,Asphalt roads,Wet or damp,Darkness - lights lit,Raining,Vehicle with vehicle collision,2,1,Moving Backward,Passenger,Female,5,3,Driver,Normal,Not a Pedestrian,Changing lane to the left,Slight Injury
17:25:00,Friday,31-50,Male,Junior high school,Employee,5-10yr,Taxi,Other,1-2yr,No defect,  Recreational areas,other,Tangent road with flat terrain,Crossing,Asphalt roads,Wet or damp,Daylight,Raining,Collision with roadside objects,2,2,Going straight,na,na,na,na,Employee,Normal,Not a Pedestrian,Getting off the vehicle improperly,Slight Injury
17:25:00,Friday,31-50,Male,Elementary school,Employee,2-5yr,Lorry (41?100Q),Owner,5-10yrs,No defect,School areas,other,Tangent road with flat terrain,No junction,Asphalt roads,Wet or damp,Daylight,Raining,Collision with roadside objects,2,2,Other,Driver or rider,Female,18-30,3,Driver,Normal,Not a Pedestrian,Other,Slight Injury
17:25:00,Friday,31-50,Male,Elementary school,Employee,5-10yr,Other,Owner,unknown,No defect, Church areas,Double carriageway (median),Tangent road with flat terrain,No junction,Asphalt roads,Wet or damp,Daylight,Normal,Collision with pedestrians,1,1,Other,na,na,na,na,Driver,Normal,Not a Pedestrian,Other,Serious Injury
17:22:00,Sunday,Over 51,Male,Junior high school,Employee,1-2yr,Automobile,Owner,5-10yrs,unknown,Office areas,unknown,Tangent road with flat terrain,No junction,Asphalt roads,Wet or damp,Darkness - lights lit,Raining,Vehicle with vehicle collision,2,3,Going straight,na,na,na,na,Driver,Normal,Not a Pedestrian,No distancing,Serious Injury
17:22:00,Sunday,Under 18,Male,Junior high school,Employee,5-10yr,Public (> 45 seats),Owner,2-5yrs,unknown,Residential areas,One way,Steep grade downward with mountainous terrain,Y Shape,Asphalt roads,Wet or damp,Darkness - lights lit,Raining,Collision with roadside objects,2,3,Going straight,Driver or rider,Male,31-50,3,Driver,Normal,Not a Pedestrian,No priority to vehicle,Serious Injury
16:05:00,Monday,18-30,Male,unknown,unknown,unknown,Stationwagen,Owner,unknown,No defect,Other,One way,Tangent road with flat terrain,Y Shape,Asphalt roads,Wet or damp,Darkness - lights lit,Raining,Vehicle with vehicle collision,2,3,Going straight,Pedestrian,Female,18-30,2,unknown,Normal,Crossing from driver's nearside,Overtaking,Serious Injury
16:05:00,Monday,31-50,Male,Elementary school,Employee,Above 10yr,Automobile,Owner,unknown,No defect,Other,Undivided Two way,Tangent road with flat terrain,Y Shape,Asphalt roads,Wet or damp,Darkness - lights lit,Raining,Vehicle with vehicle collision,2,3,Going straight,na,na,na,na,unknown,Normal,Not a Pedestrian,No priority to pedestrian,Serious Injury
16:05:00,Monday,18-30,Male,Elementary school,Employee,Below 1yr,Lorry (41?100Q),Governmental,1-2yr,No defect, Industrial areas,One way,Tangent road with flat terrain,Crossing,Asphalt roads,Wet or damp,Darkness - lights lit,Windy,Vehicle with vehicle collision,1,1,Other,Driver or rider,Male,18-30,3,unknown,Normal,Not a Pedestrian,No distancing,Slight Injury
9:00:00,Thursday,18-30,Male,Junior high school,Employee,2-5yr,Other,Governmental,1-2yr,No defect, Church areas,other,Steep grade downward with mountainous terrain,Y Shape,Asphalt roads,Dry,Daylight,Normal,Vehicle with vehicle collision,6,1,Going straight,Passenger,Female,31-50,3,unknown,Normal,Not a Pedestrian,Changing lane to the right,Slight Injury
9:00:00,Thursday,18-30,Male,Elementary school,Owner,1-2yr,Public (13?45 seats),Organization,1-2yr,No defect,Office areas,other,Tangent road with flat terrain,Y Shape,Asphalt roads,Dry,Daylight,Normal,Vehicle with vehicle collision,6,1,Getting off,Driver or rider,Female,Over 51,3,unknown,Normal,Not a Pedestrian,Driving carelessly,Slight Injury
8:55:00,Saturday,18-30,Male,Junior high school,Owner,5-10yr,Other,Owner,Unknown,No defect,Office areas,Undivided Two way,Tangent road with flat terrain,Y Shape,Asphalt roads,Dry,Daylight,Normal,Vehicle with vehicle collision,6,1,Going straight,na,na,na,na,unknown,Normal,Not a Pedestrian,Changing lane to the right,Slight Injury
10:44:00,Friday,31-50,Male,Junior high school,Employee,2-5yr,Other,Owner,unknown,unknown,Office areas,Double carriageway (median),Tangent road with flat terrain,No junction,Asphalt roads,Dry,Daylight,Normal,Collision with roadside objects,6,1,Going straight,na,na,na,na,unknown,unknown,Not a Pedestrian,Overtaking,Slight Injury
16:18:00,Wednesday,18-30,Male,Junior high school,Employee,2-5yr,Ridden horse,Owner,2-5yrs,unknown,Other,Two-way (divided with broken lines road marking),Tangent road with flat terrain,No junction,Asphalt roads,Dry,Daylight,Normal,Vehicle with vehicle collision,6,1,Going straight,na,na,na,na,Self-employed,unknown,Not a Pedestrian,Other,Slight Injury
17:21:00,Thursday,18-30,Male,High school,Employee,2-5yr,Lorry (41?100Q),Owner,unknown,unknown,Office areas,Undivided Two way,Tangent road with flat terrain,No junction,Asphalt roads,Dry,Daylight,Normal,Collision with roadside objects,6,1,Going straight,Driver or rider,Male,31-50,3,Self-employed,Normal,Not a Pedestrian,Driving to the left,Slight Injury
17:21:00,Thursday,31-50,Male,Junior high school,Employee,Above 10yr,Lorry (41?100Q),Owner,unknown,No defect,Other,Double carriageway (median),Tangent road with flat terrain,No junction,Gravel roads,Wet or damp,Daylight,Raining,Vehicle with vehicle collision,2,2,Going straight,Driver or rider,Male,31-50,3,unknown,Normal,Not a Pedestrian,Driving at high speed,Slight Injury
17:21:00,Thursday,31-50,Male,Junior high school,Employee,2-5yr,Pick up upto 10Q,Owner,Above 10yr,No defect, Industrial areas,Two-way (divided with broken lines road marking),Tangent road with flat terrain,No junction,Asphalt roads,Wet or damp,Daylight,Raining,Vehicle with vehicle collision,2,2,Going straight,na,na,na,na,unknown,unknown,Not a Pedestrian,Unknown,Slight Injury
17:21:00,Thursday,31-50,Male,Junior high school,Employee,1-2yr,Lorry (11?40Q),Owner,unknown,No defect,Residential areas,other,Tangent road with flat terrain,Y Shape,Asphalt roads,Wet or damp,Darkness - no lighting,Raining,Vehicle with vehicle collision,2,1,Moving Backward,Driver or rider,Male,31-50,3,Driver,Normal,Not a Pedestrian,Changing lane to the right,Slight Injury
15:40:00,Monday,18-30,Male,Junior high school,Employee,2-5yr,Automobile,Owner,unknown,No defect,Other,Two-way (divided with broken lines road marking),Tangent road with flat terrain,Y Shape,Asphalt roads,Wet or damp,Darkness - no lighting,Raining,Collision with roadside objects,2,1,Going straight,na,na,na,na,unknown,unknown,Not a Pedestrian,No distancing,Slight Injury
15:40:00,Monday,18-30,Male,Junior high school,Employee,5-10yr,Automobile,Owner,5-10yrs,unknown,Other,One way,Tangent road with flat terrain,Y Shape,Asphalt roads,Wet or damp,Darkness - lights lit,Normal,Collision with roadside objects,2,2,Other,Driver or rider,Male,18-30,3,unknown,unknown,Not a Pedestrian,Other,Slight Injury
15:40:00,Monday,18-30,Male,Junior high school,Employee,1-2yr,Lorry (11?40Q),Owner,1-2yr,No defect,Other,One way,Tangent road with flat terrain,Y Shape,Asphalt roads,Wet or damp,Darkness - lights lit,Normal,Vehicle with vehicle collision,2,2,Going straight,Passenger,Female,18-30,2,unknown,unknown,Not a Pedestrian,No priority to vehicle,Slight Injury
15:40:00,Monday,31-50,Male,Elementary school,Employee,1-2yr,Motorcycle,Owner,unknown,unknown,Other,Undivided Two way,Tangent road with flat terrain,Y Shape,Asphalt roads,Wet or damp,Darkness - lights lit,Normal,Vehicle with vehicle collision,2,2,Going straight,na,na,na,na,Other,Normal,Not a Pedestrian,Changing lane to the left,Slight Injury
16:46:00,Thursday,18-30,Male,Junior high school,Employee,2-5yr,Lorry (41?100Q),unknown,unknown,unknown,Other,Two-way (divided with broken lines road marking),Tangent road with flat terrain,Y Shape,Asphalt roads,Wet or damp,Daylight,Normal,Vehicle with vehicle collision,2,2,Going straight,Driver or rider,Male,31-50,3,Employee,Normal,Not a Pedestrian,No priority to pedestrian,Slight Injury
16:46:00,Thursday,Over 51,Male,Junior high school,Employee,Above 10yr,Stationwagen,Governmental,Below 1yr,No defect,Residential areas,other,Steep grade downward with mountainous terrain,Crossing,Asphalt roads,Wet or damp,Daylight,Normal,Vehicle with vehicle collision,2,2,Going straight,na,na,na,na,Self-employed,Normal,Not a Pedestrian,Overtaking,Slight Injury
16:46:00,Thursday,31-50,Male,Junior high school,Employee,Below 1yr,Automobile,Owner,unknown,No defect,Office areas,Two-way (divided with broken lines road marking),Tangent road with flat terrain,Y Shape,Asphalt roads,Wet or damp,Daylight,Raining,Vehicle with vehicle collision,3,1,unknown,Pedestrian,Female,Over 51,3,Driver,Normal,Crossing from nearside - masked by parked or statioNot a Pedestrianry vehicle,Driving carelessly,Slight Injury
17:45:00,Sunday,18-30,Male,Junior high school,Employee,Above 10yr,Other,Owner,unknown,unknown,Office areas,Two-way (divided with broken lines road marking),Tangent road with flat terrain,Y Shape,Asphalt roads,Wet or damp,Daylight,Raining,Vehicle with vehicle collision,3,1,Moving Backward,Pedestrian,Female,31-50,3,unknown,unknown,Crossing from nearside - masked by parked or statioNot a Pedestrianry vehicle,No priority to vehicle,Slight Injury
17:45:00,Sunday,31-50,Male,Elementary school,Owner,5-10yr,Other,Owner,Unknown,No defect,Other,Two-way (divided with broken lines road marking),Tangent road with flat terrain,Crossing,Asphalt roads,Wet or damp,Daylight,Raining,Vehicle with vehicle collision,3,1,unknown,na,na,na,na,Other,Normal,Not a Pedestrian,No priority to pedestrian,Slight Injury
11:45:00,Saturday,Unknown,Male,Elementary school,Employee,Above 10yr,Taxi,Owner,Above 10yr,No defect,Other,One way,Tangent road with flat terrain,Crossing,Asphalt roads,Dry,Daylight,Normal,Collision with roadside objects,2,1,Going straight,Driver or rider,Male,18-30,3,unknown,unknown,Not a Pedestrian,Changing lane to the right,Serious Injury
11:45:00,Saturday,Over 51,Male,Junior high school,Employee,1-2yr,Automobile,Owner,unknown,No defect,Office areas,Two-way (divided with broken lines road marking),Tangent road with flat terrain,Crossing,Asphalt roads,Dry,Daylight,Normal,Collision with roadside objects,2,1,Going straight,Driver or rider,Female,18-30,3,Driver,Normal,Not a Pedestrian,Driving carelessly,Serious Injury
11:45:00,Saturday,31-50,Male,unknown,unknown,unknown,Long lorry,Owner,2-5yrs,unknown,Office areas,Undivided Two way,Tangent road with flat terrain,No junction,Asphalt roads,Dry,Daylight,Normal,Collision with roadside objects,2,1,unknown,na,na,na,na,Driver,Normal,Not a Pedestrian,Changing lane to the right,Slight Injury
11:45:00,Saturday,31-50,Male,High school,Owner,5-10yr,Long lorry,Owner,unknown,No defect,Other,Two-way (divided with broken lines road marking),Tangent road with flat terrain,No junction,Gravel roads,Dry,Daylight,Normal,Vehicle with vehicle collision,2,1,Going straight,na,na,na,na,Driver,Normal,Not a Pedestrian,Changing lane to the right,Slight Injury
12:00:00,Saturday,Over 51,Male,Elementary school,Employee,2-5yr,Lorry (41?100Q),Owner,unknown,No defect,Other,Two-way (divided with broken lines road marking),Tangent road with flat terrain,No junction,Asphalt roads,Wet or damp,Daylight,Raining,Vehicle with vehicle collision,2,3,Going straight,Passenger,Female,31-50,3,Driver,Normal,Not a Pedestrian,Changing lane to the left,Slight Injury
12:00:00,Saturday,Over 51,Male,unknown,unknown,unknown,Lorry (41?100Q),Governmental,Unknown,unknown,Residential areas,Two-way (divided with broken lines road marking),Tangent road with flat terrain,Crossing,Asphalt roads,Wet or damp,Daylight,Raining,Vehicle with vehicle collision,2,3,Going straight,Pedestrian,Male,18-30,3,Driver,Normal,Crossing from driver's nearside,Overturning,Slight Injury
12:00:00,Saturday,18-30,Male,unknown,unknown,unknown,Lorry (11?40Q),Owner,1-2yr,No defect,Other,Undivided Two way,Tangent road with flat terrain,No junction,Asphalt roads,Wet or damp,Daylight,Raining,Vehicle with vehicle collision,2,3,Going straight,na,na,na,na,Driver,Normal,Not a Pedestrian,Driving carelessly,Slight Injury
12:00:00,Saturday,18-30,Male,High school,Owner,1-2yr,Automobile,Owner,unknown,No defect,Office areas,Undivided Two way,Tangent road with flat terrain,No junction,Asphalt roads,Wet or damp,Daylight,Normal,Collision with pedestrians,2,2,Going straight,Driver or rider,Male,31-50,3,Driver,Normal,Not a Pedestrian,No distancing,Slight Injury
7:50:00,Friday,31-50,Male,Junior high school,Employee,1-2yr,Taxi,Owner,2-5yrs,No defect,Office areas,Undivided Two way,Tangent road with flat terrain,No junction,Earth roads,Wet or damp,Daylight,Normal,Collision with pedestrians,2,2,Going straight,Driver or rider,Male,31-50,3,Driver,Normal,Not a Pedestrian,Driving carelessly,Slight Injury
7:50:00,Friday,31-50,Female,Junior high school,Employee,1-2yr,Other,unknown,unknown,unknown,Other,Undivided Two way,Tangent road with flat terrain,O Shape,Asphalt roads,Dry,Daylight,Normal,Vehicle with vehicle collision,2,1,Going straight,na,na,na,na,Self-employed,Normal,Not a Pedestrian,Changing lane to the left,Slight Injury
19:55:00,Sunday,18-30,Male,Junior high school,Employee,Above 10yr,Automobile,Owner,Unknown,unknown,Other,unknown,Tangent road with flat terrain,O Shape,Asphalt roads,Dry,Daylight,Normal,Vehicle with vehicle collision,2,1,Other,Pedestrian,Female,31-50,3,Other,Normal,Crossing from driver's nearside,No priority to vehicle,Slight Injury
19:55:00,Sunday,31-50,Male,Junior high school,Employee,1-2yr,Automobile,Owner,Above 10yr,unknown,Other,Undivided Two way,Tangent road with flat terrain,Crossing,unknown,Wet or damp,Darkness - lights lit,Raining,Vehicle with vehicle collision,1,1,Going straight,na,na,na,na,Driver,Normal,Not a Pedestrian,Changing lane to the right,Slight Injury
20:30:00,Sunday,Over 51,Male,High school,Owner,Above 10yr,Automobile,Owner,unknown,No defect,Office areas,unknown,Tangent road with flat terrain,Crossing,Gravel roads,Wet or damp,Darkness - lights lit,Raining and Windy,Vehicle with vehicle collision,2,2,Going straight,Driver or rider,Male,18-30,3,Driver,Normal,Not a Pedestrian,No distancing,Slight Injury
20:30:00,Sunday,Over 51,Male,Junior high school,Employee,Above 10yr,Automobile,Owner,Above 10yr,No defect,Office areas,Two-way (divided with broken lines road marking),Tangent road with flat terrain,Crossing,Asphalt roads,Wet or damp,Darkness - lights lit,Raining and Windy,Vehicle with vehicle collision,2,2,Going straight,na,na,na,na,Self-employed,Normal,Not a Pedestrian,Moving Backward,Slight Injury
20:30:00,Sunday,Over 51,Male,Junior high school,Employee,1-2yr,Public (> 45 seats),Owner,unknown,No defect,Other,Two-way (divided with broken lines road marking),Steep grade downward with mountainous terrain,No junction,unknown,Wet or damp,Darkness - lights lit,Raining and Windy,Vehicle with vehicle collision,2,2,Going straight,Driver or rider,Male,18-30,3,Driver,Normal,Not a Pedestrian,Moving Backward,Slight Injury
20:30:00,Sunday,Over 51,Male,Junior high school,Employee,1-2yr,Lorry (11?40Q),Owner,Above 10yr,No defect, Church areas,other,Tangent road with flat terrain,No junction,Asphalt roads,Dry,Darkness - lights lit,Normal,Vehicle with vehicle collision,2,3,Going straight,Pedestrian,Male,31-50,3,Driver,Normal,Not a Pedestrian,No distancing,Slight Injury
20:30:00,Sunday,Over 51,Male,High school,Employee,2-5yr,Lorry (41?100Q),Governmental,unknown,No defect, Industrial areas,Undivided Two way,Tangent road with flat terrain,No junction,Earth roads,Dry,Darkness - lights lit,Normal,Vehicle with vehicle collision,2,3,Going straight,Driver or rider,Male,18-30,3,Driver,Normal,Not a Pedestrian,No distancing,Slight Injury
20:30:00,Sunday,31-50,Male,Junior high school,Employee,2-5yr,Lorry (41?100Q),Organization,2-5yrs,unknown,Other,Undivided Two way,Tangent road with flat terrain,No junction,Asphalt roads,Dry,Darkness - lights lit,Normal,Vehicle with vehicle collision,2,3,Moving Backward,na,na,na,na,Other,Normal,Not a Pedestrian,No distancing,Slight Injury
13:57:00,Wednesday,Over 51,Male,Junior high school,Employee,1-2yr,Stationwagen,Owner,5-10yrs,No defect,Other,Two-way (divided with broken lines road marking),Tangent road with flat terrain,Y Shape,Asphalt roads,Dry,Darkness - lights lit,Normal,Vehicle with vehicle collision,2,3,Going straight,Driver or rider,Male,18-30,3,unknown,Normal,Not a Pedestrian,No priority to pedestrian,Slight Injury
13:57:00,Wednesday,18-30,Male,Elementary school,Employee,5-10yr,Other,Owner,1-2yr,unknown,Office areas,Undivided Two way,Tangent road with mountainous terrain and,Y Shape,Asphalt roads,Wet or damp,Darkness - lights lit,Raining,Collision with roadside objects,1,1,Going straight,na,na,na,na,Driver,Normal,Not a Pedestrian,Driving carelessly,Slight Injury
13:57:00,Wednesday,Unknown,Male,Junior high school,Employee,5-10yr,Automobile,Owner,Unknown,No defect,Other,One way,Tangent road with flat terrain,Y Shape,Asphalt roads,Dry,Daylight,Normal,Rollover,2,1,Going straight,Driver or rider,Male,18-30,3,Driver,Normal,Not a Pedestrian,Changing lane to the right,Serious Injury
13:57:00,Wednesday,Unknown,Male,Junior high school,Employee,1-2yr,Pick up upto 10Q,Owner,Unknown,No defect,  Recreational areas,Undivided Two way,Steep grade downward with mountainous terrain,Crossing,Asphalt roads,Dry,Daylight,Normal,Vehicle with vehicle collision,2,1,Going straight,na,na,na,na,Driver,Normal,Not a Pedestrian,Changing lane to the left,Serious Injury
13:45:00,Sunday,Under 18,Male,Elementary school,Other,5-10yr,Motorcycle,Governmental,Unknown,No defect,Other,Two-way (divided with broken lines road marking),Steep grade downward with mountainous terrain,Crossing,Earth roads,Dry,Daylight,Normal,Vehicle with vehicle collision,2,1,Going straight,Pedestrian,Female,18-30,3,Driver,Normal,"In carriageway, statioNot a Pedestrianry - not crossing  (standing or playing)",Driving carelessly,Slight Injury
13:45:00,Sunday,18-30,Male,Junior high school,Employee,2-5yr,Automobile,Governmental,5-10yrs,No defect, Church areas,Two-way (divided with broken lines road marking),Tangent road with flat terrain,Crossing,Asphalt roads,Dry,Daylight,Normal,Vehicle with vehicle collision,2,1,Going straight,na,na,na,na,Driver,Normal,Not a Pedestrian,Driving carelessly,Slight Injury
7:44:00,Friday,18-30,Male,Elementary school,Employee,5-10yr,Pick up upto 10Q,Owner,unknown,unknown,Residential areas,Undivided Two way,Tangent road with flat terrain,Crossing,Asphalt roads,Wet or damp,Darkness - lights lit,Normal,Vehicle with vehicle collision,2,1,Going straight,Driver or rider,Male,31-50,3,Driver,Normal,Not a Pedestrian,No distancing,Slight Injury
7:44:00,Friday,18-30,Male,Junior high school,Employee,Above 10yr,Motorcycle,Owner,5-10yrs,No defect,Office areas,Two-way (divided with broken lines road marking),unknown,Other,Asphalt roads,Wet or damp,Darkness - lights lit,Normal,Vehicle with vehicle collision,2,1,Going straight,Pedestrian,Female,Over 51,3,Driver,Normal,Crossing from nearside - masked by parked or statioNot a Pedestrianry vehicle,Other,Slight Injury
15:35:00,Thursday,31-50,Male,Junior high school,Employee,Above 10yr,Stationwagen,Owner,2-5yrs,No defect,Other,Two-way (divided with broken lines road marking),Tangent road with flat terrain,Other,Asphalt roads,Dry,Darkness - lights lit,Normal,Collision with roadside objects,1,1,Going straight,Pedestrian,Female,18-30,3,unknown,unknown,Crossing from nearside - masked by parked or statioNot a Pedestrianry vehicle,Changing lane to the right,Slight Injury
20:00:00,Friday,Over 51,Male,Elementary school,Owner,2-5yr,Lorry (41?100Q),Governmental,2-5yrs,unknown,Office areas,Undivided Two way,Tangent road with flat terrain,No junction,Asphalt roads,Dry,Darkness - lights lit,Normal,Collision with roadside objects,1,1,Going straight,Driver or rider,Male,31-50,3,Driver,Normal,Not a Pedestrian,Changing lane to the right,Slight Injury
20:00:00,Friday,31-50,Male,Elementary school,Employee,5-10yr,Taxi,Owner,unknown,unknown,Office areas,other,Tangent road with flat terrain,No junction,Asphalt roads,Dry,Daylight,Normal,Vehicle with vehicle collision,1,1,Going straight,na,na,na,na,Driver,Normal,Not a Pedestrian,No distancing,Slight Injury
20:00:00,Friday,31-50,Male,Junior high school,Owner,1-2yr,Automobile,Owner,unknown,No defect,Other,One way,Escarpments,No junction,Asphalt roads,Wet or damp,Darkness - lights lit,Raining,Collision with roadside objects,2,2,Going straight,na,na,na,na,Self-employed,Normal,Not a Pedestrian,No distancing,Slight Injury
17:46:00,Thursday,Over 51,Male,Elementary school,Employee,Above 10yr,Long lorry,Owner,unknown,No defect,Residential areas,Undivided Two way,Tangent road with flat terrain,No junction,Asphalt roads,Wet or damp,Darkness - lights lit,Raining,Vehicle with vehicle collision,2,2,Other,Driver or rider,Male,Under 18,3,Driver,Normal,Not a Pedestrian,Overturning,Slight Injury
17:46:00,Thursday,Over 51,Male,Junior high school,Employee,5-10yr,Automobile,Owner,unknown,No defect,  Recreational areas,One way,Tangent road with flat terrain,No junction,Asphalt roads,Wet or damp,Darkness - lights lit,Raining,Vehicle with vehicle collision,2,2,Going straight,Driver or rider,Male,Under 18,3,unknown,unknown,Not a Pedestrian,Driving at high speed,Slight Injury
17:46:00,Thursday,31-50,Male,Junior high school,Employee,2-5yr,Public (12 seats),Owner,unknown,No defect, Church areas,Undivided Two way,Tangent road with flat terrain,No junction,Asphalt roads,Wet or damp,Darkness - lights lit,Raining,Vehicle with vehicle collision,2,2,Going straight,na,na,na,na,Unknown,Normal,Not a Pedestrian,No priority to vehicle,Slight Injury
14:20:00,Friday,18-30,Male,Elementary school,Employee,Above 10yr,Lorry (11?40Q),Owner,unknown,No defect,Other,One way,Tangent road with flat terrain,Unknown,Asphalt roads,Wet or damp,Darkness - lights lit,Raining,Vehicle with vehicle collision,2,2,Going straight,Pedestrian,Male,18-30,3,Driver,Normal,Crossing from offside - masked by  parked or statioNot a Pedestrianry vehicle,No priority to pedestrian,Slight Injury
12:15:00,Sunday,31-50,Male,Junior high school,Employee,2-5yr,Pick up upto 10Q,Owner,unknown,No defect,Other,Undivided Two way,Tangent road with flat terrain,Unknown,Earth roads,Dry,Darkness - lights lit,Normal,Vehicle with vehicle collision,2,1,Going straight,Driver or rider,Male,Over 51,3,unknown,unknown,Not a Pedestrian,No priority to vehicle,Slight Injury
12:15:00,Sunday,18-30,Male,Elementary school,Employee,Above 10yr,Lorry (41?100Q),Owner,Unknown,No defect,Other,Two-way (divided with broken lines road marking),Tangent road with flat terrain,Y Shape,Asphalt roads,Dry,Darkness - lights lit,Normal,Vehicle with vehicle collision,2,1,Going straight,Pedestrian,Male,31-50,3,Driver,Normal,Crossing from driver's nearside,Other,Slight Injury
7:40:00,Tuesday,18-30,Male,Junior high school,Employee,Above 10yr,Other,Governmental,unknown,No defect,Residential areas,other,Tangent road with flat terrain,Y Shape,Asphalt roads,Wet or damp,Daylight,Normal,Collision with pedestrians,1,1,Going straight,na,na,na,na,Other,Normal,Not a Pedestrian,Other,Slight Injury
16:10:00,Wednesday,31-50,Male,Junior high school,Employee,2-5yr,Automobile,Owner,Above 10yr,No defect,School areas,other,Tangent road with flat terrain,Y Shape,Asphalt roads,Dry,Daylight,Normal,Vehicle with vehicle collision,1,1,Going straight,Driver or rider,Male,18-30,3,Other,Normal,Not a Pedestrian,Moving Backward,Slight Injury
8:35:00,Wednesday,31-50,Male,Junior high school,Employee,Above 10yr,Long lorry,Owner,Above 10yr,No defect, Church areas,Two-way (divided with broken lines road marking),Tangent road with flat terrain,Y Shape,Asphalt roads,Wet or damp,Darkness - no lighting,Normal,Collision with roadside objects,2,2,Other,na,na,na,na,Self-employed,Normal,Not a Pedestrian,No distancing,Serious Injury