Time,Day_of_week,Age_band_of_driver,Sex_of_driver,Educational_level,Vehicle_driver_relation,Driving_experience,Type_of_vehicle,Owner_of_vehicle,Service_year_of_vehicle,Defect_of_vehicle,Area_accident_occured,Lanes_or_Medians,Road_allignment,Types_of_Junction,Road_surface_type,Road_surface_conditions,Light_conditions,Weather_conditions,Type_of_collision,Number_of_vehicles_involved,Number_of_casualties,Vehicle_movement,Casualty_class,Sex_of_casualty,Age_band_of_casualty,Casualty_severity,Work_of_casuality,Fitness_of_casuality,Pedestrian_movement,Cause_of_accident,Accident_severity
13:53:00,Friday,31-50,Male,Junior high school,Employee,1-2yr,Automobile,Owner,Unknown,No defect,Other,Undivided Two way,Tangent road with flat terrain,No junction,Asphalt roads,Wet or damp,Daylight,Cloudy,Vehicle with vehicle collision,1,1,Reversing,Driver or rider,Female,18-30,3,unknown,unknown,Not a Pedestrian,Changing lane to the left,Slight Injury
13:53:00,Friday,Over 51,Male,unknown,unknown,unknown,Automobile,Owner,Unknown,No defect,Other,Two-way (divided with broken lines road marking),Tangent road with flat terrain,Y Shape,Asphalt roads,Dry,Daylight,Normal,Vehicle with vehicle collision,2,2,Reversing,na,na,na,na,Self-employed,Normal,Not a Pedestrian,Driving carelessly,Slight Injury
17:28:00,Thursday,31-50,Male,Elementary school,Employee,5-10yr,Pick up upto 10Q,Owner,2-5yrs,unknown,Other,Two-way (divided with broken lines road marking),Tangent road with flat terrain,Y Shape,Asphalt roads,Dry,Daylight,Normal,Vehicle with vehicle collision,2,2,Reversing,Driver or rider,Male,18-30,3,Driver,Normal,Not a Pedestrian,Driving carelessly,Slight Injury
12:47:00,Sunday,Over 51,Male,Junior high school,Employee,5-10yr,Taxi,Owner,2-5yrs,unknown,Residential areas,One way,Tangent road with flat terrain,Y Shape,Asphalt roads,Dry,Daylight,Normal,Vehicle with vehicle collision,2,2,Going straight,Pedestrian,Male,Under 18,3,Driver,Normal,Not a Pedestrian,No distancing,Slight Injury
12:47:00,Sunday,31-50,Male,Junior high school,Employee,Above 10yr,unknown,Owner,2-5yrs,unknown,School areas,Undivided Two way,Tangent road with mild grade and flat terrain,Y Shape,Asphalt roads,Wet or damp,Daylight,Raining,Vehicle with vehicle collision,1,1,Going straight,Driver or rider,Male,31-50,3,Self-employed,Normal,Not a Pedestrian,Other,Slight Injury
13:43:00,Tuesday,18-30,Male,Junior high school,Employee,2-5yr,Automobile,Owner,2-5yrs,unknown,Residential areas,Undivided Two way,Tangent road with mild grade and flat terrain,Y Shape,Asphalt roads,Wet or damp,Daylight,Other,Vehicle with vehicle collision,1,1,Going straight,na,na,na,na,Driver,Normal,Not a Pedestrian,Changing lane to the right,Slight Injury
13:43:00,Tuesday,31-50,Male,Junior high school,Owner,Above 10yr,unknown,Owner,2-5yrs,No defect,Office areas,Two-way (divided with broken lines road marking),Tangent road with flat terrain,Y Shape,Asphalt roads,Wet or damp,Daylight,Raining,Vehicle with vehicle collision,2,1,Going straight,na,na,na,na,Driver,Normal,Not a Pedestrian,Changing lane to the right,Serious Injury
12:29:00,Tuesday,31-50,Male,Junior high school,Employee,2-5yr,Long lorry,Owner,unknown,No defect, Church areas,One way,Tangent road with flat terrain,Y Shape,Asphalt roads,Wet or damp,Daylight,Raining,Vehicle with vehicle collision,2,1,Moving Backward,Driver or rider,Male,18-30,3,unknown,Normal,Not a Pedestrian,No distancing,Serious Injury
12:29:00,Tuesday,18-30,Male,Elementary school,Other,5-10yr,Public (12 seats),Owner,unknown,No defect,Other,Undivided Two way,Tangent road with flat terrain,Y Shape,Asphalt roads,Wet or damp,Darkness - lights lit,Normal,Vehicle with vehicle collision,2,1,Going straight,Driver or rider,Male,18-30,3,Driver,Normal,Not a Pedestrian,No distancing,Slight Injury
12:29:00,Tuesday,31-50,Male,Elementary school,Employee,5-10yr,Pick up upto 10Q,Owner,2-5yrs,No defect,Other,One way,Tangent road with flat terrain,No junction,Asphalt roads,Wet or damp,Darkness - lights lit,Normal,Vehicle with vehicle collision,2,1,Moving Backward,na,na,na,na,Self-employed,Normal,Not a Pedestrian,Overturning,Slight Injury
12:29:00,Tuesday,31-50,Male,Junior high school,unknown,5-10yr,unknown,Owner,5-10yrs,No defect,Other,Two-way (divided with broken lines road marking),Tangent road with flat terrain,No junction,Asphalt roads,Wet or damp,Darkness - lights lit,Raining,Vehicle with vehicle collision,1,1,Moving Backward,Driver or rider,Male,18-30,2,Self-employed,Normal,Not a Pedestrian,Driving at high speed,Fatal injury
8:27:00,Wednesday,18-30,Male,Junior high school,Employee,5-10yr,Other,Owner,unknown,No defect,Other,Two-way (divided with broken lines road marking),Tangent road with flat terrain,No junction,Asphalt roads,Wet or damp,Darkness - lights lit,Cloudy,Vehicle with vehicle collision,2,1,Going straight,na,na,na,na,unknown,Normal,Not a Pedestrian,No priority to vehicle,Slight Injury
8:27:00,Wednesday,18-30,Male,Elementary school,Employee,Above 10yr,Lorry (41?100Q),Owner,unknown,No defect,Office areas,Undivided Two way,Tangent road with flat terrain,No junction,Asphalt roads,Wet or damp,Darkness - lights lit,Cloudy,Vehicle with vehicle collision,2,1,Other,Driver or rider,Male,31-50,3,Self-employed,Normal,Not a Pedestrian,No priority to pedestrian,Slight Injury
8:27:00,Wednesday,Over 51,Male,Junior high school,unknown,Below 1yr,Automobile,Owner,unknown,No defect,Office areas,Two-way (divided with solid lines road marking),Tangent road with flat terrain,No junction,Asphalt roads,Dry,Darkness - lights lit,Normal,Vehicle with vehicle collision,2,1,Going straight,Pedestrian,Female,18-30,3,Driver,Normal,Not a Pedestrian,No priority to vehicle,Slight Injury
12:05:00,Friday,Over 51,Male,Junior high school,Employee,5-10yr,Pick up upto 10Q,Owner,Unknown,No defect,Residential areas,Undivided Two way,Tangent road with flat terrain,No junction,Asphalt roads,Dry,Darkness - lights lit,Normal,Vehicle with vehicle collision,2,1,Other,na,na,na,na,Driver,Normal,Not a Pedestrian,Other,Slight Injury
12:05:00,Friday,Over 51,Male,Elementary school,Employee,1-2yr,Lorry (41?100Q),Owner,Unknown,No defect,Office areas,One way,Tangent road with flat terrain,No junction,Asphalt roads,Wet or damp,Darkness - lights lit,Windy,Vehicle with vehicle collision,1,1,Going straight,Driver or rider,Female,18-30,3,unknown,Normal,Not a Pedestrian,Other,Slight Injury
12:05:00,Friday,31-50,Male,Junior high school,Employee,Above 10yr,Lorry (41?100Q),Owner,Unknown,No defect,Residential areas,Two-way (divided with broken lines road marking),Tangent road with flat terrain,No junction,Asphalt roads,Wet or damp,Daylight,Raining,Collision with roadside objects,2,1,Reversing,Passenger,Female,31-50,3,Driver,Normal,Not a Pedestrian,Moving Backward,Slight Injury
12:51:00,Thursday,31-50,Male,Elementary school,Owner,2-5yr,Long lorry,Owner,Unknown,No defect,Office areas,Undivided Two way,Tangent road with flat terrain,Other,Asphalt roads,Wet or damp,Daylight,Raining,Vehicle with vehicle collision,2,1,unknown,Driver or rider,Female,18-30,3,Driver,Normal,Not a Pedestrian,No distancing,Slight Injury
12:51:00,Thursday,31-50,Male,Junior high school,Employee,5-10yr,Public (> 45 seats),Owner,Unknown,No defect,Other,Two-way (divided with broken lines road marking),Tangent road with flat terrain,Other,Asphalt roads,Dry,Darkness - lights lit,Normal,Collision with pedestrians,2,1,Going straight,Passenger,Female,18-30,3,Driver,Normal,Not a Pedestrian,Moving Backward,Slight Injury
11:10:00,Sunday,Under 18,Male,Junior high school,Employee,Below 1yr,Public (> 45 seats),Owner,Unknown,No defect,Office areas,One way,Tangent road with flat terrain,No junction,Asphalt roads,Dry,Darkness - lights lit,Normal,Vehicle with vehicle collision,2,1,Going straight,Passenger,Female,18-30,3,Self-employed,Normal,Not a Pedestrian,No priority to vehicle,Slight Injury
11:10:00,Sunday,18-30,Male,Junior high school,Employee,5-10yr,Automobile,Owner,Unknown,No defect,School areas,Undivided Two way,Tangent road with flat terrain,No junction,Asphalt roads,Wet or damp,Darkness - lights lit,Other,Collision with roadside objects,1,1,Going straight,na,na,na,na,Driver,Normal,Not a Pedestrian,Driving carelessly,Slight Injury
11:10:00,Sunday,31-50,Male,High school,Employee,Above 10yr,Automobile,Owner,unknown,unknown,Residential areas,One way,Tangent road with flat terrain,No junction,unknown,Wet or damp,Darkness - lights lit,Windy,Vehicle with vehicle collision,1,1,Going straight,Driver or rider,Male,18-30,3,Driver,Normal,Not a Pedestrian,No distancing,Slight Injury
11:10:00,Sunday,31-50,Male,Junior high school,Employee,5-10yr,Automobile,Owner,unknown,unknown,Office areas,Undivided Two way,Tangent road with flat terrain,Y Shape,Asphalt roads,Wet or damp,Darkness - lights lit,Raining,Vehicle with vehicle collision,1,1,Going straight,na,na,na,na,unknown,Normal,Not a Pedestrian,Other,Slight Injury
10:30:00,Monday,Over 51,Male,Elementary school,Employee,1-2yr,Other,Owner,Unknown,No defect,Residential areas,Undivided Two way,Tangent road with flat terrain,Y Shape,Asphalt roads,Wet or damp,Darkness - lights lit,Raining,Vehicle with vehicle collision,2,1,Going straight,na,na,na,na,Driver,Normal,Not a Pedestrian,Changing lane to the right,Serious Injury
22:25:00,Thursday,31-50,Male,Junior high school,Employee,unknown,Public (12 seats),Owner,Unknown,No defect,Office areas,Undivided Two way,Tangent road with flat terrain,No junction,Asphalt roads,Wet or damp,Darkness - lights lit,Raining,Vehicle with vehicle collision,2,1,Other,Driver or rider,Male,31-50,3,unknown,unknown,Not a Pedestrian,No distancing,Serious Injury
22:25:00,Thursday,31-50,Male,Above high school,Employee,1-2yr,Automobile,Owner,2-5yrs,No defect,Office areas,Two-way (divided with broken lines road marking),Tangent road with flat terrain,No junction,Asphalt roads,Wet or damp,Daylight,Cloudy,Vehicle with vehicle collision,1,1,Going straight,Pedestrian,Male,31-50,3,unknown,unknown,Crossing from driver's nearside,Driving carelessly,Slight Injury
17:27:00,Friday,Over 51,Male,Junior high school,Employee,Above 10yr,Stationwagen,Owner,unknown,unknown,Residential areas,Undivided Two way,Tangent road with flat terrain,No junction,Asphalt roads,Wet or damp,Darkness - lights lit,Raining,Rollover,2,2,Going straight,Driver or rider,Male,18-30,3,unknown,unknown,Not a Pedestrian,No distancing,Slight Injury
17:27:00,Friday,31-50,Male,Junior high school,Employee,1-2yr,Automobile,Owner,Unknown,unknown,Other,Two-way (divided with broken lines road marking),Tangent road with flat terrain,Y Shape,Asphalt roads,Wet or damp,Darkness - lights lit,Raining,Collision with roadside objects,2,2,Going straight,na,na,na,na,Self-employed,Normal,Not a Pedestrian,No priority to vehicle,Slight Injury
12:10:00,Tuesday,Over 51,Male,Junior high school,Employee,5-10yr,Automobile,Owner,Above 10yr,unknown, Industrial areas,Undivided Two way,Tangent road with flat terrain,Y Shape,Asphalt roads,Wet or damp,Darkness - lights lit,Normal,Vehicle with vehicle collision,1,2,Going straight,na,na,na,na,Self-employed,Normal,Not a Pedestrian,Changing lane to the right,Slight Injury
12:10:00,Tuesday,31-50,Male,Junior high school,Employee,2-5yr,Automobile,Owner,Unknown,unknown,Office areas,Two-way (divided with broken lines road marking),Tangent road with flat terrain,Y Shape,Asphalt roads,Wet or damp,Darkness - lights lit,Normal,Collision with roadside objects,1,2,Reversing,Driver or rider,Male,5,3,Driver,Normal,Not a Pedestrian,No priority to pedestrian,Slight Injury
8:00:00,Tuesday,Over 51,Male,unknown,unknown,unknown,unknown,Organization,Unknown,unknown,  Recreational areas,Two-way (divided with broken lines road marking),Tangent road with flat terrain,Y Shape,Asphalt roads,Dry,Darkness - lights lit,Normal,Vehicle with vehicle collision,2,1,Going straight,na,na,na,na,Self-employed,Normal,Not a Pedestrian,No priority to vehicle,Slight Injury
8:00:00,Tuesday,18-30,Male,Junior high school,Employee,2-5yr,unknown,Owner,1-2yr,No defect,Residential areas,Two-way (divided with broken lines road marking),Tangent road with flat terrain,No junction,Asphalt roads,Dry,Darkness - lights lit,Normal,Vehicle with vehicle collision,2,1,Going straight,Driver or rider,Male,18-30,3,Driver,Normal,Not a Pedestrian,Changing lane to the left,Slight Injury
8:00:00,Tuesday,31-50,Male,Junior high school,Employee,2-5yr,Pick up upto 10Q,Owner,Above 10yr,unknown,Residential areas,Undivided Two way,Tangent road with flat terrain,No junction,Asphalt roads,Wet or damp,Darkness - lights lit,Normal,Vehicle with vehicle collision,1,1,Other,na,na,na,na,Self-employed,Normal,Not a Pedestrian,Turnover,Serious Injury
17:00:00,Tuesday,18-30,Male,Junior high school,Employee,Above 10yr,Turbo,Owner,5-10yrs,unknown, Church areas,Undivided Two way,Steep grade downward with mountainous terrain,No junction,Asphalt roads,Dry,Darkness - lights lit,Normal,Vehicle with vehicle collision,2,2,Going straight,Driver or rider,Male,31-50,3,Employee,Normal,Not a Pedestrian,Driving to the left,Slight Injury
17:45:00,Wednesday,Unknown,Male,Junior high school,Employee,1-2yr,Pick up upto 10Q,Owner,5-10yrs,unknown,Residential areas,Undivided Two way,Tangent road with flat terrain,No junction,Asphalt roads,Dry,Darkness - lights lit,Normal,Vehicle with vehicle collision,2,2,Going straight,Driver or rider,Female,18-30,3,Driver,Normal,Not a Pedestrian,Driving carelessly,Slight Injury
9:57:00,Thursday,31-50,Male,Above high school,Owner,1-2yr,Other,Owner,Unknown,No defect,unknown,other,Tangent road with flat terrain,No junction,Asphalt roads,Dry,Darkness - lights lit,Normal,Collision with roadside objects,2,2,Going straight,na,na,na,na,Driver,Normal,Not a Pedestrian,Driving to the left,Slight Injury
9:57:00,Thursday,Over 51,Female,Above high school,Employee,No Licence,Stationwagen,Owner,5-10yrs,No defect,Other,Undivided Two way,Tangent road with flat terrain,No junction,Asphalt roads,Wet or damp,Daylight,Normal,Vehicle with vehicle collision,1,1,Turnover,na,na,na,na,Driver,Normal,Not a Pedestrian,Driving carelessly,Slight Injury
18:00:00,Friday,31-50,Male,Junior high school,Employee,1-2yr,Pick up upto 10Q,Owner,Unknown,unknown,Other,Two-way (divided with solid lines road marking),Tangent road with flat terrain,No junction,Asphalt roads,Dry,Darkness - lights lit,Normal,Collision with roadside objects,2,1,Going straight,Driver or rider,Male,18-30,3,Driver,Normal,Not a Pedestrian,No priority to pedestrian,Slight Injury
18:00:00,Friday,Unknown,Male,Junior high school,Employee,5-10yr,Lorry (41?100Q),Owner,Unknown,No defect, Church areas,Two-way (divided with solid lines road marking),Tangent road with flat terrain,No junction,Asphalt roads,Dry,Darkness - lights lit,Normal,Vehicle with vehicle collision,2,1,Going straight,Driver or rider,Male,5,3,Driver,Normal,Not a Pedestrian,Driving carelessly,Slight Injury
19:00:00,Tuesday,18-30,Male,Junior high school,Employee,Above 10yr,Lorry (41?100Q),Governmental,unknown,No defect,Other,Two-way (divided with solid lines road marking),Tangent road with flat terrain,No junction,Asphalt roads,Wet or damp,Darkness - lights lit,Raining,Vehicle with vehicle collision,3,1,Reversing,na,na,na,na,Driver,Normal,Not a Pedestrian,Changing lane to the right,Slight Injury
19:00:00,Tuesday,31-50,Male,Junior high school,Employee,Above 10yr,Automobile,Owner,Unknown,No defect, Church areas,Two-way (divided with solid lines road marking),Tangent road with flat terrain,No junction,Asphalt roads,Wet or damp,Darkness - lights lit,Raining,Vehicle with vehicle collision,3,1,Other,na,na,na,na,Self-employed,Normal,Not a Pedestrian,Moving Backward,Slight Injury
19:00:00,Tuesday,31-50,Male,Junior high school,Owner,5-10yr,Automobile,Owner,Unknown,No defect, Church areas,Two-way (divided with broken lines road marking),Tangent road with flat terrain,Crossing,Asphalt roads,Wet or damp,Darkness - lights lit,Raining,Vehicle with vehicle collision,3,1,Going straight,Driver or rider,Male,18-30,3,Self-employed,Normal,Not a Pedestrian,Driving carelessly,Slight Injury
19:00:00,Tuesday,31-50,Male,Elementary school,Employee,2-5yr,Pick up upto 10Q,Owner,Above 10yr,No defect,Other,Undivided Two way,Tangent road with flat terrain,Crossing,Asphalt roads,Wet or damp,Daylight,Normal,Vehicle with vehicle collision,2,1,Going straight,Driver or rider,Male,31-50,3,Self-employed,Normal,Not a Pedestrian,Changing lane to the right,Serious Injury
13:05:00,Friday,31-50,Male,Junior high school,Employee,2-5yr,Pick up upto 10Q,Governmental,5-10yrs,No defect,Other,Undivided Two way,Tangent road with flat terrain,No junction,Asphalt roads,Wet or damp,Daylight,Normal,Vehicle with vehicle collision,2,1,Moving Backward,na,na,na,na,Driver,Normal,Not a Pedestrian,Driving carelessly,Serious Injury
13:05:00,Friday,18-30,Male,Junior high school,Employee,Below 1yr,Lorry (41?100Q),Owner,5-10yrs,No defect,School areas,other,Tangent road with flat terrain,No junction,Asphalt roads,Dry,Darkness - lights lit,Normal,Vehicle with vehicle collision,2,2,Reversing,Driver or rider,Male,18-30,3,unknown,Normal,Not a Pedestrian,Driving carelessly,Slight Injury
8:25:00,Wednesday,Over 51,Male,Junior high school,Employee,2-5yr,Public (12 seats),Owner,Above 10yr,No defect,Residential areas,Undivided Two way,Tangent road with flat terrain,Unknown,Asphalt roads,Dry,Darkness - lights lit,Normal,Vehicle with vehicle collision,2,2,Going straight,Pedestrian,Male,31-50,3,unknown,Normal,Crossing from driver's nearside,Driving carelessly,Slight Injury
13:51:00,Tuesday,Under 18,Male,Junior high school,Employee,2-5yr,Other,unknown,1-2yr,No defect,Other,Two-way (divided with broken lines road marking),Tangent road with flat terrain,Unknown,Asphalt roads,Dry,Darkness - lights lit,Normal,Vehicle with vehicle collision,2,2,Going straight,Driver or rider,Female,18-30,3,Self-employed,Normal,Not a Pedestrian,Changing lane to the right,Slight Injury
16:10:00,Monday,31-50,Male,Elementary school,Employee,5-10yr,Stationwagen,Owner,Above 10yr,No defect,Office areas,Undivided Two way,Tangent road with flat terrain,Y Shape,Asphalt roads,Dry,Darkness - lights lit,Normal,Vehicle with vehicle collision,1,1,Moving Backward,na,na,na,na,Driver,Normal,Not a Pedestrian,Changing lane to the right,Slight Injury
16:10:00,Monday,31-50,Male,Junior high school,Employee,Above 10yr,Automobile,Owner,Above 10yr,No defect,Residential areas,Undivided Two way,Tangent road with flat terrain,Crossing,Asphalt roads,Wet or damp,Daylight,Raining,Vehicle with vehicle collision,2,2,Going straight,Driver or rider,Female,31-50,2,Employee,Normal,Not a Pedestrian,Driving carelessly,Slight Injury
8:55:00,Thursday,18-30,Male,unknown,unknown,unknown,Automobile,Owner,Above 10yr,No defect,Other,One way,Steep grade downward with mountainous terrain,Crossing,Asphalt roads,Wet or damp,Daylight,Raining,Rollover,2,2,Going straight,na,na,na,na,Other,Normal,Not a Pedestrian,Overtaking,Slight Injury
8:55:00,Thursday,Over 51,Male,Junior high school,Employee,2-5yr,Lorry (41?100Q),Owner,Above 10yr,No defect,Residential areas,Two-way (divided with broken lines road marking),Tangent road with flat terrain,Other,Gravel roads,Wet or damp,Daylight,Raining,Collision with roadside objects,2,1,Going straight,Driver or rider,Male,31-50,3,Driver,Normal,Not a Pedestrian,Changing lane to the right,Slight Injury
8:55:00,Thursday,Over 51,Male,Junior high school,Employee,5-10yr,Stationwagen,Owner,5-10yrs,No defect,Residential areas,Undivided Two way,Tangent road with flat terrain,Other,Asphalt roads,Wet or damp,Daylight,Raining,Vehicle with vehicle collision,2,1,Going straight,Passenger,Female,18-30,3,Driver,Normal,Not a Pedestrian,No distancing,Slight Injury
2:04:00,Thursday,31-50,Male,Above high school,Employee,2-5yr,Lorry (41?100Q),Owner,unknown,No defect,Residential areas,Two-way (divided with broken lines road marking),Tangent road with flat terrain,Other,Asphalt roads,Wet or damp,Darkness - lights lit,Raining,Vehicle with vehicle collision,1,1,Going straight,na,na,na,na,Driver,Normal,Not a Pedestrian,Other,Serious Injury
7:30:00,Wednesday,Over 51,Male,unknown,unknown,unknown,Public (> 45 seats),Owner,1-2yr,No defect,Other,other,Tangent road with flat terrain,Y Shape,Asphalt roads,Wet or damp,Darkness - lights lit,Raining,Collision with roadside objects,2,2,Going straight,na,na,na,na,unknown,Normal,Not a Pedestrian,Changing lane to the right,Slight Injury
7:30:00,Wednesday,31-50,Male,unknown,Employee,1-2yr,Automobile,Owner,5-10yrs,No defect,Other,Undivided Two way,Tangent road with flat terrain,Y Shape,Asphalt roads,Wet or damp,Darkness - lights lit,Raining,Vehicle with vehicle collision,2,2,unknown,Pedestrian,Male,Over 51,3,Employee,Normal,Not a Pedestrian,Changing lane to the right,Slight Injury
11:44:00,Wednesday,Over 51,Male,Junior high school,Employee,2-5yr,Automobile,Owner,5-10yrs,No defect,Other,One way,Tangent road with flat terrain,Y Shape,Asphalt roads,Wet or damp,Darkness - no lighting,Raining,Vehicle with vehicle collision,1,1,Going straight,Driver or rider,Female,31-50,3,unknown,Normal,Not a Pedestrian,Overtaking,Serious Injury
18:15:00,Thursday,Over 51,Male,Junior high school,Employee,Above 10yr,Automobile,Owner,1-2yr,No defect, Hospital areas,Undivided Two way,Tangent road with flat terrain,Y Shape,Asphalt roads,Wet or damp,Darkness - lights lit,Raining,Vehicle with vehicle collision,1,1,Reversing,Driver or rider,Male,18-30,3,unknown,Normal,Not a Pedestrian,Other,Slight Injury
18:15:00,Thursday,Under 18,Male,Junior high school,Employee,Below 1yr,unknown,Owner,2-5yrs,No defect,Residential areas,Undivided Two way,Tangent road with flat terrain,Y Shape,Asphalt roads,Dry,Darkness - lights lit,Normal,Rollover,2,2,Going straight,na,na,na,na,unknown,Normal,Not a Pedestrian,Driving to the left,Slight Injury
14:29:00,Saturday,31-50,Male,Junior high school,Employee,2-5yr,Lorry (41?100Q),Owner,5-10yrs,No defect,Residential areas,One way,Tangent road with flat terrain,Y Shape,Asphalt roads,Dry,Darkness - lights lit,Normal,Rollover,2,2,Going straight,Driver or rider,Male,18-30,3,unknown,unknown,Not a Pedestrian,Overtaking,Slight Injury
14:29:00,Saturday,18-30,Male,Junior high school,Employee,Below 1yr,Lorry (41?100Q),Owner,5-10yrs,No defect,Residential areas,Undivided Two way,Tangent road with flat terrain,Y Shape,Asphalt roads,Wet or damp,Darkness - lights lit,Raining,Collision with pedestrians,1,2,Going straight,na,na,na,na,Driver,Normal,Not a Pedestrian,No priority to vehicle,Serious Injury
2:10:00,Saturday,Unknown,Male,High school,Employee,5-10yr,Automobile,Owner,1-2yr,No defect,Other,Two-way (divided with broken lines road marking),Tangent road with flat terrain,Y Shape,Asphalt roads with some distress,Wet or damp,Darkness - lights lit,Raining,Vehicle with vehicle collision,1,2,Going straight,Driver or rider,Male,31-50,3,Self-employed,Normal,Not a Pedestrian,Moving Backward,Serious Injury
17:15:00,Wednesday,Over 51,Male,Above high school,Employee,1-2yr,Stationwagen,Owner,1-2yr,No defect,Office areas,Two-way (divided with broken lines road marking),Tangent road with flat terrain,No junction,Asphalt roads,Dry,Daylight,Normal,Vehicle with vehicle collision,2,1,Going straight,Passenger,Female,Over 51,3,unknown,unknown,Not a Pedestrian,Other,Slight Injury
11:29:00,Saturday,18-30,Male,Junior high school,Employee,Below 1yr,Public (12 seats),Owner,2-5yrs,No defect,Other,other,Tangent road with flat terrain,No junction,Asphalt roads,Dry,Daylight,Normal,Vehicle with vehicle collision,2,1,Going straight,Pedestrian,Female,18-30,3,Driver,Normal,"In carriageway, statioNot a Pedestrianry - not crossing  (standing or playing) - masked by parked or statioNot a Pedestrianry vehicle",No priority to vehicle,Slight Injury
11:29:00,Saturday,Over 51,Male,unknown,unknown,unknown,Public (12 seats),Owner,Unknown,No defect,Office areas,Double carriageway (median),Tangent road with flat terrain,Y Shape,Asphalt roads,Wet or damp,Darkness - lights lit,Normal,Collision with pedestrians,1,1,Other,Pedestrian,Male,31-50,3,Driver,Normal,Crossing from nearside - masked by parked or statioNot a Pedestrianry vehicle,No priority to pedestrian,Slight Injury
11:29:00,Saturday,Over 51,Male,High school,Employee,Below 1yr,Automobile,Owner,Unknown,No defect,Residential areas,Two-way (divided with broken lines road marking),Tangent road with flat terrain,Y Shape,Asphalt roads,Dry,Daylight,Normal,Collision with pedestrians,2,1,Moving Backward,Passenger,Male,Over 51,3,Driver,Normal,Not a Pedestrian,Changing lane to the right,Slight Injury
11:29:00,Saturday,Over 51,Male,High school,Employee,Below 1yr,Public (12 seats),Owner,Unknown,No defect,Office areas,Double carriageway (median),Gentle horizontal curve,Y Shape,Asphalt roads,Dry,Daylight,Normal,Vehicle with vehicle collision,2,1,Other,na,na,na,na,Driver,Normal,Not a Pedestrian,Changing lane to the right,Slight Injury
10:20:00,Sunday,Over 51,Male,unknown,unknown,unknown,Public (12 seats),Owner,unknown,No defect,Office areas,Double carriageway (median),Tangent road with flat terrain,Y Shape,Asphalt roads,Dry,Darkness - lights lit,Normal,Vehicle with vehicle collision,1,1,Going straight,Driver or rider,Male,31-50,3,Self-employed,Normal,Not a Pedestrian,Changing lane to the right,Serious Injury
10:20:00,Sunday,31-50,Male,High school,Employee,2-5yr,Lorry (41?100Q),Organization,Unknown,No defect,Other,Double carriageway (median),Tangent road with flat terrain,Y Shape,Asphalt roads,Dry,Daylight,Normal,Vehicle with vehicle collision,2,1,Going straight,na,na,na,na,unknown,unknown,Not a Pedestrian,Driving to the left,Slight Injury
10:20:00,Sunday,31-50,Male,Junior high school,Employee,Above 10yr,Automobile,Owner,Unknown,No defect,Office areas,Two-way (divided with broken lines road marking),Tangent road with flat terrain,No junction,Asphalt roads,Dry,Daylight,Normal,Collision with roadside objects,2,1,Going straight,Driver or rider,Male,18-30,3,unknown,unknown,Not a Pedestrian,Changing lane to the left,Slight Injury
18:05:00,Tuesday,31-50,Male,Junior high school,Employee,Above 10yr,Lorry (41?100Q),Owner,Unknown,No defect,Office areas,unknown,Tangent road with flat terrain,No junction,Asphalt roads,Dry,Daylight,Normal,Vehicle with vehicle collision,2,1,Other,Pedestrian,Male,31-50,3,Driver,Normal,Crossing from offside - masked by  parked or statioNot a Pedestrianry vehicle,Moving Backward,Slight Injury
18:05:00,Tuesday,18-30,Male,Junior high school,Employee,5-10yr,unknown,Governmental,Unknown,unknown,Office areas,One way,Tangent road with flat terrain,Y Shape,Asphalt roads,Dry,Daylight,Normal,Collision with roadside objects,2,1,Going straight,Driver or rider,Male,18-30,2,Driver,Normal,Not a Pedestrian,Driving at high speed,Slight Injury
13:32:00,Wednesday,Over 51,Male,Junior high school,Employee,1-2yr,Automobile,Owner,Unknown,unknown,Other,Undivided Two way,Tangent road with flat terrain,Y Shape,Asphalt roads,Dry,Daylight,Normal,Vehicle with vehicle collision,3,3,unknown,Pedestrian,Female,18-30,3,unknown,unknown,Crossing from nearside - masked by parked or statioNot a Pedestrianry vehicle,Moving Backward,Slight Injury
13:32:00,Wednesday,Over 51,Male,Unknown,Employee,Below 1yr,Stationwagen,Owner,Unknown,unknown,Residential areas,unknown,Tangent road with flat terrain,No junction,Asphalt roads,Dry,Daylight,Normal,Vehicle with vehicle collision,3,3,Going straight,na,na,na,na,Self-employed,Normal,Not a Pedestrian,No distancing,Slight Injury
13:32:00,Wednesday,31-50,Male,Junior high school,Employee,Below 1yr,unknown,Owner,2-5yrs,No defect,Residential areas,Two-way (divided with broken lines road marking),Gentle horizontal curve,No junction,Asphalt roads,Dry,Daylight,Normal,Collision with roadside objects,3,3,Going straight,Driver or rider,Female,Under 18,3,unknown,unknown,Not a Pedestrian,Other,Slight Injury
15:20:00,Tuesday,18-30,Male,High school,Employee,2-5yr,unknown,Owner,5-10yrs,unknown, Church areas,Two-way (divided with broken lines road marking),Tangent road with flat terrain,No junction,Asphalt roads,Dry,Daylight,Normal,Vehicle with vehicle collision,3,3,Going straight,Driver or rider,Female,31-50,3,unknown,unknown,Not a Pedestrian,No priority to vehicle,Slight Injury